fecha,comentario,categoria,sentimiento,confianza
2026-09-11,"No me ha terminado de convencer, algunos de los artículos no son de muy buena calidad, en este aspecto podrían mejorarlos, calidad precio no está mal.",camera,neutral,0.5865458250045776
2026-07-22,Robusta y adecuada para los niños Per no me encajan del todo los botones de una lenovo. Pelin cara.,wireless,neutral,0.7123001217842102
2026-09-01,Precio... Calidad.. Son buenas,sports,positive,0.8114328980445862
2026-06-15,TOTALMENTE DESCONFORME ..SE TRASPASA AL MOMENTO EL PIPI AL SUELO..Y HE DE IR ENSEGUIDA CON PAPEL PARA LIMPIAR ...NO VOLVERE A COMPRARLOS PD: LOS DEL MERCADONA PARA PERSONAS ADULTAS VAN GENIAL,home,negative,0.9648969769477844
2026-09-15,Solo llevo usando la batería 1 semana y por el momento dura 4-5 horas. Tener en cuenta que eleva la parte trasera del ordenador 3 cm.,pc,neutral,0.4758507907390594
2026-08-11,"Llego bien de tiempo, bien de talla y tejido también calidad precio no hay queja es tal cual la foto",apparel,positive,0.8521906137466431
2026-07-31,"El color muy bonito, pero me molestan en el ojo, la calidad no es buena. Dinero tirado.",drugstore,negative,0.8658906817436218
2026-06-21,Auriculares de uso diario con buena calidad de sonido a buen precio.,electronics,positive,0.9645664691925048
2026-09-11,"producto no entregado, no puedo valorar",beauty,negative,0.9887664914131165
2026-08-22,Me costo.. acceder.. ni pc por lan.. ni por wifi. Entre por el movil y si pude acceder a configurarlo.. funciona muy bien,pc,positive,0.6680213212966919
2026-08-26,Entrega rapidísima. Taza muy bonita y perfecta para regalo.,home,positive,0.9651669859886168
2026-08-14,NO LA RECOMIENDO. NO FUNCIONA BIEN LA PANTALLA TÁCTIL. HACE BURBUJAS Y SE RALLA ENSEGUIDA. COMO PROTECCIÓN SI ES RECOMENDABLE.,wireless,negative,0.9684961438179016
2026-08-14,"La actualización ha resultado un desastre total, me ha quitado completamente las ganas de tenerlo.",wireless,negative,0.990376889705658
2026-08-27,"No parece que sean de mucha calidad, es un pack muy completo pero el primer día de uso ya cayeron los pelos de uno de los tres brazos del cepillo lateral.",kitchen,neutral,0.5541096925735474
2026-09-08,Fue un regalo para reyes. Quedó encantada ya que es un regalo muy original.,home,positive,0.9206532835960388
2026-09-12,Mi idea era enchufar el cable hdmi a la tv y en el usb hembra poner un disco duro externo o un usb para ver pelis pero no me funciona.,wireless,negative,0.7225762009620667
2026-06-24,El diseño no se parece en nada a los de la foto,home,negative,0.943868100643158
2026-06-03,Si tienes las rejillas de ventilación muy rectas el móvil se queda un poco mirando hacia abajo No se puede regular en altura,wireless,negative,0.5920785665512085
2026-06-22,Los mejores calcetines del mundo!! Los pongo todo los días para trabajar. Y siguen aguantando,apparel,positive,0.988021969795227
2026-07-23,"Me ha gustado muy práctico y con mucho surtido, como viene en la foto.",apparel,positive,0.8820140361785889
2026-06-02,"Lo quería sobre todo para saber cómo me afecta el alcohol a mí concretamente, y saber si con dos cervezas doy positivo por ejemplo. Para probarlo lo usé en unas fiestas de pueblo. Empezamos a beber y cuando llevabamos unas cuantas copas, lo probamos y nos daba muy por debajo del limite. Nos sorprendió pero cuando ya vimos que estaba mal fue a la vuelta de las fiestas que llevabamos una tajada del 15 y nos ponia que estabamos justo en el limite, con una botella cada uno encima!!!! En resumen, una estafa.",automotive,negative,0.9904877543449402
2026-08-27,Ni un mes y ya no suenan no se q paso solo se escucha a veces cortado y tengo q mover el cable para q funcione pensé q eran mejores,electronics,negative,0.9157848954200744
2026-09-16,No me allegado no puedo dar mi opinión hace más de 2 meses q lo compre y no me yega nada no entiendo esto la verda,apparel,negative,0.9499331712722778
2026-06-30,Una historia entretenida y agil. Un buen libro para pasar un buen rato. De fondo romántico pero con transferencia de intriga de fondo.,digital_ebook_purchase,neutral,0.5499054193496704
2026-07-08,El juego llegó con carátula en francés pero el juego está en perfecto español.,video_games,positive,0.5427334904670715
2026-06-02,"Buen disco duro externo para utilizar tanto con Xbox, como para llevar tus archivos personales de un lado a otro.",pc,positive,0.929688274860382
2026-08-03,Buen smartfhone por un precio equitativo,wireless,positive,0.8240551948547363
2026-07-30,Buen precio y buen producto,wireless,positive,0.904613435268402
2026-06-21,No hace su función. No sella ninguna botella ni nada.,home,negative,0.9793367385864258
2026-07-03,Lo veo para niños un poco mas mayores pone a partir de 2 pero minimo es para 3 ya que es para pintar y pegar las pegatinas de circulos de colores,book,neutral,0.583168089389801
2026-08-15,"esta todo bien, de calidad precio no esta mal. aunque debería ser un poco mas económico.",furniture,positive,0.5389436483383179
2026-07-28,El producto en sí está bien. Pero el problema es que aveces se cae la tapita.,wireless,neutral,0.6974863409996033
2026-06-22,"El teléfono no se puede usar, la base no tiene donde conexión para el cable de telefonía. Debe formar parte de un conjunto y este es el supletorio. El solo no sirve para nada. La rapidez de Amazon como siempre, muy buena y espero no tener ningún problema en la devolución.",wireless,negative,0.9461635947227478
2026-09-16,"En cualquier tienda te valdría una sola entre 8 y 10 euros... Creo que merece bastante la pena, ya que te sale a 1,5 la unidad. La única pega es que en los bordes no tiene plástico o otro material para que no deslice en la mano. Adjunto foto para que se pueda ver el color real de las fundas.",wireless,positive,0.9370389580726624
2026-08-28,"No sirve, a noser que se tenga un pie pequeño. Calzo un 43 y mo me entra el pie. No la recomiendo.",personal_care_appliances,negative,0.9753981232643129
2026-07-19,"El producto es engañoso, pues los globos de colores, aunque pone claramente que es lo que se compra, no vienen incluidos. Solo vienen las 30 bombillas sin más. No recomendable, es un timo.",home,negative,0.9895997047424316
2026-08-30,Se ajusta a lo que yo quería. Me será útil para utilizarlo para lo que yo necesito. Buena compra y entrega. Tendré presente al vendedor para próximas ocasiones,automotive,positive,0.7950839400291443
2026-07-29,Esperaba una mejor calidad,home_improvement,neutral,0.5053336024284363
2026-07-12,"Malísimo, se descosen, se deshilachan, se les salen las platinas, las usaba para dormir y en la cama quedaban pedacitos de los cierres.",drugstore,negative,0.995070219039917
2026-08-31,"el enchufe funciona correctamente y se puede vincular a alexa, se puede programar horario. Lo que no me ha gustado es que esté continuamente el led encendido (y gastando).",home_improvement,neutral,0.6277764439582825
2026-07-30,"En la descripción ponía que vienen 4 unidades y me ha llegado solo una,no compréis!!!",beauty,negative,0.9921253323554992
2026-08-19,"Tras limpiar los discos de freno de una bicicleta (xt) no frena nada. Tras un rato frenando para intentar que adquiera fricción de nuevo, sigue sin frenar.Quizá no sea adecuado para bicis.",automotive,negative,0.8529772162437439
2026-06-15,"NO LA ESCRIBO SOBRE EL PRODUCTO ES POR EL GILIPOLLAS MAS RICO DEL MUNDO QUE ME DEVUELVAN MI DINERO YA PARTIA DE CHORIZOS ,, PER DEIS UN GRAN COMPRADOR ON LINE CHORIZOS",home_improvement,negative,0.9406207203865052
2026-08-01,"Tiene muy buena calidad pero como dicen en otros comentarios es engañoso puesto que solo viene uno, tendrian que ponerlo y ademas dar la opción de elegir que modelo exactamente se quiere comprar, porque nosotros por ejemplo queríamos la vaquita y nos tocó el mono",baby_product,neutral,0.5544546246528625
2026-08-01,"Curiosamente con el tiempo se han empezado a romper algunas teclas pero el teclado al que sustituía, idéntico, las tenía todas, asi que asumo que la calidad de producción del mismo teclado ha bajado.",pc,negative,0.5328116416931152
2026-07-17,"Lo mas importante para mi era el ajuste de balance... del cual este dispositivo no dispone, por esto le pongo solo 3 estrellas...",electronics,neutral,0.9736579060554504
2026-08-01,"Se adapta a cualquier sitio: lavabo, fregadero, bidé. A veces cuesta que se quede taponando el desagüe. Pero en general bastante bien. Hace su trabajo",home,positive,0.6801292896270752
2026-07-21,"Me ha llegado esta mañana y mi mayor descontento no con el teclado ""que funciona bien"" sino con que fuera un producto usado. Sospechoso que despues de haber visto varias reviews todo estaba abierto y fuera de su plastico, metido a conciencia para devolución, con algunas marcas de polvo y una gotita de saliba en la letra Q. Falta la pegatina de Asus que viene de regalo. Ultimamente AMAZON es simbolo de MIEDO a lo que te llega. He pagado 150€ por un producto ""NUEVO"" y no reacondicionado, devuelto por otra persona o de 2ª mano.",pc,negative,0.9878519773483276
2026-09-16,Aún no las he montado pero se ven de muy buena calidad,automotive,positive,0.9186573028564452
2026-07-25,"No parece de muy buena calidad, bastante básico, era por un encargo, no para mí",home,negative,0.6130542159080505
2026-08-03,Para mi había solicitado un paquete y se ma ha enviado y cobrado dos. Hay alguna forma de devolver uno?,office_product,negative,0.8739467263221741
2026-06-03,"Compré estos tiradores para sustituir los tiradores rotos de las mochilas y neceseres, que ya se nos acumulaban. Ha funcionado a la perfección para todo y se ve de buena calidad.",home,positive,0.9833548665046692
2026-09-09,"Por la cantidad de opiniones favorables me animé a comprar este paraguas. El resultado fue decepcionante, ha durado lo mismo que otros paraguas nisu de los que venden en los chinos.",luggage,negative,0.98065185546875
2026-07-21,Producto original de excelente calidad y a muy buen precio.,wireless,positive,0.9904490113258362
2026-06-07,No es muy ancha es solo tipo top de anchura para q os hagáis a la idea yo pedí la talla m pero tenía que a ver pedido una s porq cede demasiado y encima es poco ancha no lo recomiendo no es como la foto,apparel,negative,0.904857575893402
2026-06-21,Muy buen álbum de fotos con las páginas en negro y lazo negro de raso para cerrarlo.,home,positive,0.7406034469604492
2026-08-12,Llegó antes de la fecha,electronics,positive,0.7230514287948608
2026-07-09,"No es de terciopelo como en la foto y parece un poco más blando, mi amiga lo compró Antes y es como en la foto, el q he recibido es de tela calada, no tiene la misma forma y parece más pequeño",home,negative,0.6835687160491943
2026-06-18,"La cera es de buana calida, pero llego sin tapar el rodillo individualmente y esto ocasiona que se pegue en todo el envoltorio",beauty,negative,0.5679700970649719
2026-06-04,"El producto no tiene mucha calidad, se caen las cerdas con facilidad y se estropea rápidamente",drugstore,negative,0.7810168862342834
2026-08-28,"Falla su resistencia, al primer golpe se rompe.Ajusta muy bien",wireless,neutral,0.5551410913467407
2026-07-30,"Lo compré en marzo y a finales de julio ya no funciona así que de reforzado nada. Es un cable común que te venden como la bomba, si buscáis algo para siempre este producto no lo es",wireless,negative,0.9874886870384216
2026-06-14,"Super descontentos. De plástico y muy flojo, pero si al menos hubiera funcionado pues por el precio estaria bien. Lo malo que no ha funcionado desde el principio, se apaga continuamente sin motivo y para que funcione tienes que reiniciarlo por completo, hemos cambiado el USB, las opciones, pero no ha habido manera se apaga igualmente. Lo compramos para un regalo para mi madre para ponerle las fotos de los nietos y está súper desilusionada. Lógicamente lo devolvemos.",electronics,negative,0.9945927262306212
2026-06-09,"La figura de funko pop preciosa, pero no le otorgo más estrellas por el embalaje, la caja llegó dañada ,venía en un sobre fino con el interior de burbuja pero insuficiente para proteger el embalaje. Al ser para colección es importante que la caja llegue impecable. Tendría que haber venido más protegido quizás en una caja más grande con burbuja para evitar el daño en el embalaje original.",video_games,neutral,0.7185633778572083
2026-08-29,"Es una cera muy dura, cosa que dificulta mucho su aplicación en el pelo. No sujeta bien y encima deja el pelo sucio. El bote se ha ido directo a la basura. No lo recomiendo si lo que se busca es un producto que moldee y sujete bien el pelo.",beauty,negative,0.9633528590202332
2026-07-23,"No esta mal, pero dura un dia, sin altibajos de descargas",pc,negative,0.486866295337677
2026-06-02,"El recortador llegó a tiempo, como me dijeron,aunque esperaba que hubiera tenido algo de mejor calidad, en fin, a ver lo que dura",beauty,neutral,0.6773090362548828
2026-08-23,BUENA PERO MEJORABLE,wireless,neutral,0.6391435861587524
2026-08-31,"Lo he cogido a muy buen precio pero, para lo que es, un trozo de plástico malo, me parece muy caro. Aunque es cierto que mis hijos tenían muchas ganas de él y juegan mucho con las blade así que no es mala inversión.",toy,negative,0.5257607698440552
2026-07-30,No carga el móvil. Supongo pierde potencia con la distancia.,pc,negative,0.95741206407547
2026-08-10,"No está nada mal pero en la primera caída salto por los aires y quedó inservible. No le recomiendo para MTB, sólo para urbano. Es una pena porque me gustaba mucho.",sports,negative,0.5810526609420776
2026-07-14,"A la primera las reconoce. Buena calidad, precio y entrega. Contento",office_product,positive,0.9843892455101012
2026-06-08,"El protector de pantalla es lo suficientemente grueso como para proporcionar una protección segura. Pongo mi teléfono en el mismo bolsillo con mis llaves. Sorprendentemente, hay cero rasguños o marcas en el protector de pantalla de vidrio.",pc,positive,0.9565621614456176
2026-07-17,Es muy ligero y buena pantalla Es difícil de arrancar y de colocar libros que ya tienes,wireless,positive,0.6809539794921875
2026-07-05,"Demasiado pequeños, tuve que usarlos retirando las protecciones de plástico que llevan porque sino no cabía la madera de la repisa. Por ese precio los he visto mas consistentes en tiendas de bricolaje.",home_improvement,negative,0.6688442826271057
2026-08-17,"Estaba bien, pero al mes de tenerlo ha comenzado a fallar, no sé si es una cuestión de configuración, o qué. Además cuando hablo con alguien se me activan otras funciones al tener el roce con la cara. No estoy muy contenta.",wireless,negative,0.9154002666473388
2026-08-20,Excelente pero falta cable de conexión. . . . . . . . . . . . . . . . .,electronics,positive,0.7199764251708984
2026-07-06,"Me ha gustado mucho la calidad de la camiseta y de la impresión. Envió rápido y buen precio. es para regalo por lo que no se si la talla será la correcta, pero aparenta un tallaje normal. recomendable.",apparel,positive,0.7955825328826904
2026-07-20,Escepcional. Muy robusto y muy buen diseño. Enlace perfecto por bluetooth con iPhone XS. Compra muy recomendable,wireless,positive,0.9893836379051208
2026-09-12,"BUENA HERRAMIENTA Y A BUEN PRECIO, ENVIO RAPIDO, MUY HUTILES Y DE GRANDES ACABADOS, BUEN EMBALAJE . GRACIAS Y SALUDOS",home_improvement,positive,0.89113450050354
2026-06-04,Es muy cómodo para tenerlo en el despacho sobre la mesa mientras se cargan ambos aunque al tener el reloj en posición vertical no se activa el modo despertador.,wireless,positive,0.6069676280021667
2026-06-02,"Aunque a priori el producto parece bueno, me ha tardado un día más en llegar, el producto venía con la caja rota, abierto y previsiblemente usado. Una experiencia no del todo positiva",other,negative,0.7804803252220154
2026-06-06,"ha empezado a gotear (2 meses de uso), es frágil el cierre de agua y se tambaleaba mucho. (Me lo estaba oliendo). Ahora a llamar un fontanero y 40€.",home_improvement,negative,0.9188666343688964
2026-07-24,"No es muy elástico, por lo que cuándo el bebé crece un poco ya queda apretadito (en mi caso que tengo pechos grandes la tira no es suficientemente elástica para estar cómodo).",baby_product,neutral,0.5381702780723572
2026-09-14,Exactamente tal y como detallaba la información del producto. Una batería externa para que mi pareja pueda cargar el móvil. Lo llevarán el bolso y siempre le saca de un apuro.,wireless,positive,0.95235675573349
2026-06-04,"Esto no es un libro, ni se acerca. Son 4 malos consejos, que no merecen gastar el tiempo leyéndolos. Cualquier búsqueda en Internet te da mejores consejos.",digital_ebook_purchase,negative,0.998068630695343
2026-07-24,"Recopilación muy bien fundamentada sobre las últimas investigaciones del comportamiento no verbal, tiene varios capítulos que pueden ser útiles a diferentes profesionales que se sirvan de esta disciplina, bien para su estudio teórico o como aplicación práctica. Ya es hora de hablar con propiedad, y basándose en la psicología de la evidencia, con estudios y datos objetivos, derribar tópicos y mitos. No obstante, le doy un 0 a la editorial por la mala calidad del libro, parece que hubiera sido realizado en una impresora de chorro de tinta con folios baratos, si lo llego a saber compro la edición Kindle. Pero no quiero que esto desmerezca el trabajo de los autores, que sí merecen las 5 estrellas.",book,negative,0.7901394367218018
2026-09-01,Vino con un enganche del cuello para cerrar el gorro roto. Un poco desilusionada por esto. Ademas tuve problemas con la compañía de envío un desastre. Caro para lo que es. Aunque protege bien de la lluvia.,other,negative,0.5619872808456421
2026-08-02,"Todo correcto, estoy muy satisfecha con la compra, buena es de buena calidad. Ninguna queja, fuerte, y resistente, con el efecto calor y/o sin.",personal_care_appliances,positive,0.9885623455047609
2026-06-18,"aguantan pero se caen al menor roce.. pero el calendario está bien, es práctico y mis hijos lo usa mucho y aprenden con él",toy,neutral,0.7100019454956055
2026-08-29,"Al principio funcionaba súper bien y eres fantástico, después de unos días no iba para nada y eso que lo he limpiado...a lo mejor pienso que se cayo o algo y por eso dejo de ir",home,negative,0.8145354986190796
2026-07-14,"No me mandaron la tarjeta de capacidad que seleccioné. Si quería devolverla o cambiarla tenía que pagar encima los gastos de envío, es decir, pagar por su error",pc,negative,0.9718506932258606
2026-07-04,"Cumple su función. Las argollas pequeñas vienen separadas del conjunto, no entiendo el motivo. Hace que sea fácil perderlas.",kitchen,neutral,0.7265965938568115
2026-08-13,Al mes y medio se rompió. Mientras duró estaba muy bien. El vendedor me devolvió el dinero.,electronics,negative,0.8731412887573242
2026-08-01,No lo volveria a comprar por su escasa potencia,wireless,negative,0.7332349419593811
2026-09-08,Queda una capa de aire entre el protector y la pantalla y no se adhiere.,wireless,negative,0.928686797618866
2026-06-14,para mi hijo es un zapato perfecto por lo comodo que es el usa unas plantillas y le viene de lujo por la altura del talon etc recomendables al 100%,shoes,positive,0.9692299962043762
2026-09-03,"Muy contenta y sorprendida con este micrófono ya que la relación calidad-precio es excelente. Se escucha muy bien y su instalación es facilísima, nada más conectar y listo (por lo menos en dispositivos Android). Viene con piezas de repuesto, adaptador, bolsita para guardarlo y una pinza muy práctica para engancharlo en la ropa.",musical_instruments,positive,0.997833788394928
2026-07-18,"Una castaña... Hay marcas muuuuucho mejores para dar color a tu pelo. No se ve nada el color que promete. Pobre en cantidad de producto, te da para cuatro pelos.",beauty,negative,0.9433070421218872
2026-06-15,"Lo compré pensando que iba a ser mejor que el de la tienda, y no me gustó. El sabor es muy extraño, diferente del café ""normal"" y por mí peor, puede ser que no está suficientemente bien tostado. No soy un experto ni nada y puede ser que algo haya hecho mal o simplemento no tengo un gusto suficientemente exquisito, pero no lo recomiendo. Eso sí, el embalaje está bien y la fecha del tostado era muy próxima a la fecha de compra.",grocery,negative,0.9808635711669922
2026-08-11,Cumple con lo esperado,home,positive,0.8045367002487183
2026-08-17,La verdad es q no ha salido buena...se caen las picas y lo de arriba es tan ligero q rompen como nada ..yo no la recomiendo,sports,negative,0.9849135279655457
2026-08-26,He comprado dos y los dos me han durado algo más de un mes. Perfecto hasta que deja de funcionar. Una pena que no dure más. La gente deberia de saber que esto solo es útil para días puntuales ya que para el uso diario sufre desgaste.,kitchen,negative,0.924258589744568
2026-08-01,"No es lo que esperaba, la verdad que no le veo la utilidad.Lo compré porque llevo brackets y es difícil limpiar los espacios interdentales, pero no me ha servido de mucho.",drugstore,negative,0.6050175428390503
2026-07-10,"El cargador en si funciona correctamente, aunque con mi Note 8 hay veces que se vuelve loco y no carga, empieza a parpadear la luz en 2 colores, no se si porque mi telefono es muy grande o porque no funciona bien. Pros: Carga inalámbrica bastante rápida. Refrigerado No hace apenas ruido cuando tiene el ventilador puesto. Contras: No siempre funciona A veces no hace buen contacto y se calienta de más",wireless,neutral,0.7585327625274658
2026-08-24,"No apura bien, raspa demasiado, el cabezal bascula poco y no se adapta a la zona de afeitado, la de 5 hojas es bastante mejor. Debería acoplarse a la maquinilla de 5 hojas.",beauty,negative,0.6934882998466492
2026-08-19,"La calculadora trae unas instrucciones muy escuetas. La verdad es que lo de la euro conversión me da igual, la cojí por la pantalla grande. Pero a la hora de hacer porcentajes los hace mal, no sé como ajustarlo. En otras calculadoras simplemente pongo 50 + 21 y pulso % (esto por ej para que me sume el I.V.A.) y no sale correcto el resultado. La necesito para calcular porcentajes en una tienda y no me está siendo útil. Una faena.",office_product,negative,0.6451394557952881
2026-09-17,Llegan dos platos rotos...servicio al cliente excelente....devuelvo y esperando a la nueva vajilla...espero que llegue entera....,home,negative,0.9289546012878418
2026-08-21,Fatal ni tres meses me durado y de repente se a apagado solo y no funciona no compro un móvil más por aquí el cuarto que me.pasa,wireless,negative,0.9974173307418824
2026-07-23,"A pesar de que anunciaban que el embalaje original no estaría en buen estado llego sin ningún elemento de ese embalaje original. Por lo demás, es el producto anunciado, funciona como debe y no hay que instalar nada en Windows 10. No probado en otros Sistemas operativos.",pc,neutral,0.7743749022483826
2026-06-24,"Llego muy rápido incluso mucho antes de lo que marcaba, lo recomiendo al 100%. El paquete es perfecto sin problema.",home,positive,0.989257514476776
2026-06-26,"No funciona. Metimos los 2 en la nevera, y siguió igual.",furniture,negative,0.9864437580108644
2026-08-28,"Estuche perfecto para las gafas de la marca. El único problema es el precio, un importe elevado.",apparel,positive,0.5414817929267883
2026-07-30,"Cumple, buena calidad pero demasiado grandes.",automotive,neutral,0.5926815867424011
2026-09-17,Parece de juguete. La he devuelto. Era para un regalo y no le ha gustado nada,jewelry,negative,0.9288825392723083
2026-07-11,Me gusta que cubre mucho La Luz del sol y aísla un poco el calor.,home,positive,0.763961672782898
2026-06-29,"Esta muy bien acabada,pero en una vstrom 1000 abs de 2017 en adelante no funciona correctamente, no acopla correctamente y eso hace que no funcione el low rpm assist.",automotive,neutral,0.5478593111038208
2026-06-15,Muy lento en calentar y se derrama todo,kitchen,negative,0.8267586827278137
2026-07-15,"SI TIENES EL PELO RIZADO NO ALISA, PERO PARA LAS QUE LO TENEMOS LISO, AYUDA MUCHO A DEJARLO LACIO Y NO ENCRESPADO, SUAVIZA, PERO ES MUY FLOJO DE SECADO, YO ME LO SECO UN POCO CON EL SECADOR Y LUEGO ACABO CON ESTE CEPILLO.",personal_care_appliances,neutral,0.6728736758232117
2026-08-04,"Bien, pero es demasiado corto. Para cumplir bien su función debería ser algo más largo.",sports,neutral,0.6820139288902283
2026-08-28,Muy buena relación calidad precio. 100% recomendable. Cumple con las características y las fotos ofrecidas en la compra del producto.,wireless,positive,0.99070006608963
2026-08-10,Para quien lo entienda,book,neutral,0.6252651214599609
2026-06-09,Muy mala lo me las habéis enviado así que os podréis imaginar lo disgustado que me puedo encontrar con amazon.,baby_product,negative,0.99788099527359
2026-08-27,"Sí se vende en España, debería traer las instrucciones en español. Es lo que exigiría cualquier país serio.",wireless,neutral,0.5884746313095093
2026-06-01,Artículo adecuado a lo visto en la web. Ha sido un regalo original y bonito. Fue entregado con un día de retraso sobre lo previsto,jewelry,positive,0.6602205634117126
2026-09-16,"Bonito, cómodo, nada voluminoso, muy exacto y no me ha dado ningún problema.",watch,positive,0.9259233474731444
2026-06-08,"Producto correcto y funciona muy bien, pero le quito estrellas porque el cable es muy corto y necesita alargador.",kitchen,neutral,0.7389131784439087
2026-08-27,Va genial pero se rompe demasiado pronto,pc,neutral,0.4564113020896911
2026-08-02,"Acabo de recibir la lámpara, la caja estaba rota, se lo he dicho al mensajero y me ha dicho que no era su culpa, que si estaba mal que reclamara. Al abrirla esta totalmente doblada y con un golpe en el lateral, ahora toca reclamar y esperar para poder poner la lámpara, debería poner que es muy frágil en la caja y en grande ya que si que es muy delicada.",home,negative,0.8642917275428772
2026-06-11,No duró más que un día...muy frágil...para perros medianos,pet_products,negative,0.79718416929245
2026-08-20,"Funko precioso tal y como muestra la fotografía. Muy buena calidad, repetiré la compra sin dudarlo.",toy,positive,0.9861693382263184
2026-06-08,"Estan bien en general, un poco pequeñas las traseras, pero bueno, luego estaria bien que tuvieran un pequeño agujero para poder engancharlas al suelo del coche.",automotive,neutral,0.7345860600471497
2026-07-05,Cada vez les va durando menos el olor. Al principio eran mucho mejor,home,negative,0.6266990303993225
2026-07-05,"El producto bien, pero para mi fitbit versa 2 le quedava pequeño",wireless,neutral,0.6550264954566956
2026-07-03,Un horror y quiero devolverlo . Esto no es lo que he pedido,beauty,negative,0.9973713159561156
2026-06-05,"a mi no me van bien, puede que a otras personas si, las narices no son todas iguales, me hace daño y no puedo llevarlas ni un minuto, su forma de tubo no es la adecuada tendría que ser un poco mas conica.",personal_care_appliances,negative,0.9008779525756836
2026-09-14,Sobre el producto volveré a valorarlo en su día pues ahora mismo lo que quiero decir es que no entiendo que me hayan dado 16 días para que llegue. Por ahora dos estrellas por la demora.,electronics,negative,0.9920387268066406
2026-09-11,"Para empezar hay que tener en cuenta que es la más económica. Sabiendo esto se puede considerar un buen cacharro. El ajuste de las lentes aunque es de plástico se ajusta bien. En la parte baja donde se ajusta el móvil hay unas muecas que encajan en los botones de algunos móviles, yo lo he limado y se acabó el problema, pero hay que tenerlo en cuenta. Lo he probado con vídeos 3D y apps de simuladores, me sorprendió gratamente el sistema. No sé cómo serán las más caras pero por ese precio todos deberíamos tener una jajaja",wireless,positive,0.7299636602401733
2026-07-11,Me extrañaba que viniesen 2 unidades. Pero ya se el porqué. Ya que a la mínima caída del móvil estás se rajan con facilidad. Antes tenía otras que aguantaban bastante más.,wireless,negative,0.5918720960617065
2026-06-28,Muy rápido el pedido,toy,positive,0.9418786764144896
2026-06-07,Las acabo de poner parece que van bien a alumbran algo más las tengo que probar más en carretera a la noche,automotive,positive,0.5800895094871521
2026-08-12,Se lo regale a mi mujer y le encanto creo k es un buen regalo . Cumple con lo descrito,watch,positive,0.8227500915527344
2026-08-11,"Muy comoda y muy guapa, no pesa nada y fuerte",home,positive,0.9743467569351196
2026-06-12,El producto está bastante bien,toy,positive,0.7916808724403381
2026-07-04,"Perfecto estado, buen producto calidad precio y envío correcto y rápido",wireless,positive,0.9615116119384766
2026-07-03,Con el sistema que utiliza no sirve para móviles que tienen la cámara centrada en vez de a un lado como el de la foto.,camera,negative,0.9148601293563844
2026-07-18,Libro de tapa dura que llega en perfecto estado como regalo para mi hija encantada con la sorpresa.,book,positive,0.9393296241760254
2026-06-23,Interesante novela que me ha enganchado hasta el final. Lo que no me termina de agradar de las novelas de esta autora es que los finales se desarrollan muy rápidamente en comparación del resto del libro.,digital_ebook_purchase,positive,0.7457850575447083
2026-08-01,Bien pero no trae cable para conectar,pc,neutral,0.6408451199531555
2026-08-27,"Está bien pero no cubre todo el teléfono por los laterales, así que, debes tener protector de pantalla si no quieres que se te rompa.",wireless,neutral,0.7027335166931152
2026-07-07,"No está mal para el precio que tiene. Da el ""pego"" y para el que quiera colgarla en el campo, esta bien",home,neutral,0.7360302209854126
2026-09-07,"He cambiado la pantalla rota y esta se ve bien, encaja bien, pero tiene el táctil poco sensible, a veces hay que presionar más. No es muy grave, pero si un poco molesto hasta que te acostumbras.",wireless,negative,0.4239647090435028
2026-07-14,"No aconsejo, ya que no es transparente y no se ve bien la pantalla. La he tirado a la basura.",wireless,negative,0.9861860275268556
2026-09-12,"Todo muy bien , aún a pesar de que tuve que cambiarlo, por mala manipulación en el transporte, vino golpeado,",pc,positive,0.6090900301933289
2026-08-25,"El contenido del libro me esta gustando, refleja la psicología de la gente basándose en las sociedades que los individuos forman y como utilizarla si se quiere llegar al poder. Es recomendable leerlo. Pero me parece muy mal que el libro me llegue con una deformación tan característica como la que se ve en las fotos que adjunto, ademas, siendo un libro pequeño y delicado creo que no se lo ha tratado como debería. No es caro y el contenido esta bien, pero me parece realmente mal que algo tan fácil de apilar y embalar como un libro no llegue en perfectas condiciones.",book,neutral,0.7549558877944946
2026-08-30,Esta bien pero no es lo que explica en su descripción ni trae quemadores extras ni cristal de repuesto me siento un poco decepcionado,drugstore,neutral,0.5916808247566223
2026-07-05,"No me han entregado el paquete, donde esta, si pone q me lo han entregado hoy a las 12",other,negative,0.9800180792808532
2026-08-04,"Auriculares de gran calidad y a un precio inmejorable , de todos los bluetooth que he probado son los mejores .",electronics,positive,0.9927547574043274
2026-09-07,"buena compra sobre todo en relación al precio. claro que no es muy solida ni hecha con gran material, pero cumple su función ya que he viajado con ella ya 3 veces y no le ha pasado nada.",luggage,positive,0.5751317143440247
2026-09-09,"Balón de muy buena calidad para el precio que tiene, jugamos con el dos veces a la semana durante varios meses y sigue como nuevo. La única pega es que el orificio donde se inserta la aguja para inflarlo se ha desviado un poco, aún así recomiendo la compra para jugar semi-profesionalmente. El tacto del pie con el balón es perfecto y tiene un bote prácticamente idéntico al de un balón profesional.",sports,positive,0.7478424906730652
2026-07-17,En general esta bien pero se desabrocha con bastante facilidad,sports,neutral,0.705387532711029
2026-08-17,El coche esta estupendo solo que lo mandaron si la lu a delantera. El plastico un poco regulin tiene marcas muy facilmente despues de 2 meses de uso.,toy,neutral,0.5158783793449402
2026-06-03,"La verdad que por el precio que tiene está bien, mi niña de dos años pasa un ratito entretenida viendo como entran y salen los animalitos de las hojas. El primer día le sorprendió bastante...luego se vuelve más normal .",book,neutral,0.5333929061889648
2026-06-01,"Buenas!! El producto viene usado ya! Tiene restos de chocolate! Me parece vergonzoso,por vuestra parte! Espero q esto lo soluciones! Gracias!",home,negative,0.9834797382354736
2026-06-05,Están bien para el precio que tienen. Para mi gusto les falta algo de grabes. Pero para el uso que les voy dar están bien.,electronics,neutral,0.7761881947517395
2026-08-29,Es un mapa muy completo,home,positive,0.8948505520820618
2026-06-14,Pedí las zapatillas completamente blancas de piel y me llegaron de tela con las líneas Roja y azul. Para nada lo que pedí. Muy descontenta.,sports,negative,0.9906946420669556
2026-09-11,"Relación calidad precio.... Increíble, fácil de montar a tener en cuenta donde poner las patas. Colchones comodos",furniture,positive,0.9629649519920348
2026-06-27,"Si me ha gustado mucho, cierra muy bien todo perfecto, el envío antes d lo q esperaba",home_improvement,positive,0.9726244807243348
2026-06-09,"No llegó, eso sí me han hecho reintegro el importe pagado. Sin problema.",home,negative,0.4961518347263336
2026-08-18,"Asus podría en un futuro no instalar Bloatware por la cara. Para quien este interesado, en la Bios se puede desactivar la carga automática de software de Asus y los leds de la placa. Por lo demás, la placa es de buena calidad y funciona perfectamente para gaming.",pc,positive,0.8280437588691711
2026-06-15,Tengo todas mis sartenes de monix y la calidad es buena. Algo más caro que las habituales aunque la durabilidad es mayor,home,positive,0.895508885383606
2026-08-29,"fue para un regalo. Lo vi un poco pequeño, no se como es por dentro, pero por fuera no me gustó mucho.",toy,neutral,0.5672112107276917
2026-07-12,A mí no me queda bien el pelo. Tanto bombo a la marca y no me parece bueno.,beauty,negative,0.9173377752304076
2026-08-16,Buen producto lo usé para la ventana del bebé que no le diera tanto el sol y muy bien. Lo pude colocar con facilidad.,furniture,positive,0.9179347157478333
2026-07-21,"La tela es demasiado fina, creo que va a durar muy poco a la intemperie.",wireless,negative,0.6696056723594666
2026-08-02,"Gracias a esta botella hemos sobrevivido a un verano en el sur,duraba fría 24 horas,es impresionante.",home,positive,0.9739694595336914
2026-09-04,"He recibido el producto y ya lo tengo en mis manos tiene algún defecto al cerrarla pero nada de importancia, nada que me perjudique en mi trabajo. Saludos",home_improvement,positive,0.4736402928829193
2026-09-11,Pues no parece que funcione,lawn_and_garden,negative,0.9528592824935912
2026-07-22,"Fácil de inflar y luego de guardar, cómodo, aunque durante la noche se desinfló bastante.",sports,neutral,0.6124482154846191
2026-09-04,"Si quieres un cargador solar no compres este, la placa fotovoltaica es realmente mala, horas y horas al sol y no se recarga, además de que no es que cargue especialmente rápido el móvil. Recomiendo o una batería portátil normal o más caro pero que haga su función",wireless,negative,0.644067645072937
2026-06-04,"La luz de este Downlight LED es más uniforme que con las antiguas bombillas fluorescentes. Además, la luz se enciende instantáneamente, no como antes que parpadeaba unos segundos antes de quedar encendida. La calidad de los acabados se ve muy correcta. Lo recomiendo!",home,positive,0.994581401348114
2026-09-02,Lo mejor es el precio y lo peor que si la tienes mucho tiempo puesta y le da mucho el sol se pone blanda y se da de sí. La usamos por la noche para tapar la piscina y ya nos viene grande al estirarse tanto con el sol.,lawn_and_garden,neutral,0.6633827090263367
2026-09-09,Explica muy bien las emociones,book,positive,0.8652125597000122
2026-06-23,"Nunca llegó,me puse en contacto con el vendedor,en teoria me devuelven el dinero,pero el dinero tampoco lo he recibido(aun).... .",home,negative,0.998126208782196
2026-09-11,"La mesa está muy bien teniendo en cuenta el precio que tiene. Le pongo una estrella en el montaje no porque sea difícil de montar sino porque tuvimos que hacerle dos agujeros nuevos en los pies de madera pues los que traía no coincidían con los agujeros del cristal (tienes que saber hacerlos y tener las herramientas necesarias). Era un regalo para mi madre y ya la teníamos en su casa a medio montar, sino la hubiéramos devuelto.",furniture,negative,0.4647340178489685
2026-09-17,"No me llegó en el plazo previsto (envio en un dia con su respectivo importe ) y además, he solicitado la cancelación y aún no he recibido respuesta.",beauty,negative,0.982475757598877
2026-06-15,"La primera vez que recibí la estantería venía con una pieza por duplicado y me faltaba otra, lo que impedía el montaje de la misma. Me puse en contacto con el distribuidor y me han solucionado perfectamente el problema. Me han enviado una nueva estantería sin coste alguno y en muy poco tiempo. En cuanto a la estantería es bastante sencilla de montar y es lo que esperaba según las imágenes y descripción",furniture,positive,0.8460218906402588
2026-07-13,Muy de los chinos pero da el apaño,automotive,negative,0.707637369632721
2026-06-29,"De dimensiones algo más pequeñas de lo que me imaginaba al configurarlo (hay que tener en cuenta que las dos partes de las que consta se superponen). Los materiales se notan de muy buena calidad y son fácilmente lavables. Útil para una casa en la que vayas a lavar 3-4 platos de una vez, no más ya que te quedas sin espacio. Si quieres además secar una olla o sartén, va a ocupar más de la mitad del escurreplatos.",home,neutral,0.7014316916465759
2026-07-06,me dice que he recibido el pedido pero no me lo ha entregado nadie. No consigo contactar con Atención al Cliente tampoco; alguien sabe cómo hacerlo? UN DESASTRE,home,negative,0.9935227632522584
2026-06-13,"No es como en las fotos, lo esperaba más grande. Y la calidad no es muy buena, parece comprado en un chino. Lo devolví.",luggage,negative,0.7911431789398193
2026-07-02,Me gustó mucho pero le puse más elástico para ajustarlo mejor. Es impermeable.,home,positive,0.5682225227355957
2026-08-10,"Realmente no funciona nada bien, en nuestro caso mataba un mosquito cada varios días y cuándo lo hacía el sonido era muy muy fuerte, no despertaba a todos.",lawn_and_garden,negative,0.9683462381362916
2026-07-29,Es un poco aguado no me a convencido mucho no lo comprare más,pet_products,negative,0.6389756202697754
2026-08-25,"Si los pones como indican cumplen perfectamente su función, se pegan fácilmente y de momento llevan varios meses y no se han dañado.",lawn_and_garden,positive,0.9102994799613952
2026-06-28,Sería ideal para la fuerza que tiene que su precio fuese la mitad No tiene la fuerza que dice su descripción,industrial_supplies,negative,0.8460941314697266
2026-08-05,Lo compré para un Nissan Primera color beige y queda genial! Además tiene un tejido con buen agarre y se evita que la piel del volante de los coches viejos se te pegue en las manos cada vez que lo uses.,automotive,positive,0.9821317195892334
2026-07-12,No es como la de las fotos. En las fotos parece que el control remoto es de conectar..y en otra d elsa fotos trae la conexión de la corriente y la conexión para un inhalambrico.... CONCLUSIÓN NO ES COMO LA DE LAS FOTOS.,camera,negative,0.8881996870040894
2026-07-15,"Con el juego se usa, se ensucia y como tiene mecanismo interno no se puede lavar. Con lo cual acaba dando asquito jugar con una muñeca tan sucia",toy,negative,0.7880679965019226
2026-08-01,Buena compra aunque no cubre totalmente la ventana. Tela resistente y ventosas muy fuertes. El precio un poco elevado,home,neutral,0.4902509152889251
2026-07-27,"Muy bonito, pero,muy grades...",home,positive,0.4003273546695709
2026-06-06,No lo valoro porque no me ha llegado el producto...le envié un mensaje al vendedor hace dos semanas y aún estoy esperando q me conteste...,home_improvement,negative,0.9845245480537416
2026-06-28,"Muy bonitas. Largas,buena tela",home,positive,0.9484316110610962
2026-06-28,"La luz que lleva es un tubo fluorescente y pequeño, no da luz ninguna, por lo demás bien...",home,neutral,0.5940605998039246
2026-09-16,"Difícil de instalar, demasiado justos si la varilla ya ha empezado a tener algún signo de óxido",home,negative,0.8061662316322327
2026-07-14,Producto de calidad y muy fàcil montaje. 2 cristales por un buen precio,wireless,positive,0.9644016027450562
2026-08-23,"Tras instalarla ayer mismo creo que la luz es muy justa, para mi gusto, ya que me gusta que en la cocina haya mucha luz para poder trabajar bien. Éste es el primer modelo que pongo de este tipo y me hacen falta tres más pero creo que me arriesgaré a poner otro de mayor potencia, como tengo un interruptor para cada uno siempre puedo apagarlos si veo que no son necesario los cuatro. Tiene un buen acabado y la luz sale bien difuminada y de blanco-blanco, no tiene nada de amarillo ya que está entre 6000 y 6500K como dice correctamente. Por si alguien se plantea poner bombillas LED E27 (casquillo gordo) dentro de un downlight le aconsejo que no lo haga, se acabarán rompiendo al no tener nada de ventilación, como me ha pasado a mí. Esperemos que dure.",home,positive,0.8168287873268127
2026-06-30,llegó sin ningún paquete de caja. La punta de la botella ni siquiera estaba sellada.,beauty,negative,0.9202908873558044
2026-08-01,"La funda es muy bonita, el material es resistente y cumple muy bien con la función de proteger el teléfono. La pega es que se ensucia con bastante facilidad",wireless,positive,0.5634490251541138
2026-08-14,"Lo único malo es que venía con arañazo en la esfera, se ve muy poco y decidimos quedárnoslo pero no le doy 5* por eso...",watch,positive,0.4710607826709747
2026-08-31,"El producto de momento bien, pero el reparto no, ha llegado con un día de retraso y yo sin poder moverme de casa esperando, eso deberían arreglarlo ya que si te dicen un día concreto, debería llegar en la fecha fijada.",shoes,neutral,0.5678449273109436
2026-08-28,Muy pequeños pero valen para lo que son.,toy,neutral,0.5258970856666565
2026-09-11,"Las he recibido antes de tiempo, para passat cc 2011, No Dan error, van de lujo y no deslumbran nada, las recomiendo al 100%, con otros modelos me daban fallo y con estas muy contento.",automotive,positive,0.9923547506332396
2026-08-01,"La impresión es original, aunque el escudo de Superman no se distingue bien del fondo empleado. El material de la funda es de muy baja calidad, con un tacto rugoso nada agradable para el tacto del mismo.",home,negative,0.7523393630981445
2026-09-05,Lo compramos para un regalo y a la media hora de tenerlo puesto se habían borrado los dibujos de la correa. Calidad penosa no lo recomiendo.,toy,negative,0.9906823635101318
2026-06-01,"Es de plástico y muy fina, es igual que no poner nada 😡",wireless,negative,0.986842930316925
2026-06-27,Pierden el vacío o a las pocas horas o en cuestión de días. Ni llenar poco ni repetir el proceso de vacío. Un timo.,home,negative,0.9954020977020264
2026-08-01,"Me ha gustado que es casi más grande lo esperaba, lo que menos que la tela es muy fina y no se si se acabará rajando con el tiempo.",home_improvement,neutral,0.5507679581642151
2026-08-16,El que busque que alumbre y se vea blanco que busque otras bombillas. Se ve algo mas blanco al ver el faro porque la punta de ls bombilla es azul. Pero se ve claramente amarilla y alumbra amarilla. Yo las uso para pasar la itv que tengo que quitar el kit de xenon. Por lo demas bien.,automotive,neutral,0.6383136510848999
2026-09-13,Muy bien todo. El diseño y la posibilidad de intercambiar lentes de aumento. También ilumina perfectamente sin embargo el peso de las pilas me dejan marcas muy marcadas sobre la nariz y me pesa el lente.,industrial_supplies,neutral,0.4870098233222961
2026-06-03,"No es la mejor guillotina del mundo pero con el precio que tiene no se puede pedir mucho, el corte poniendo unas 3 hojas es bastante correcto, aunque se nota que este modelo no presiona las hojas antes de cortar, ya que se suele torcer el corte cuando cortas el largo del A4",office_product,neutral,0.7962926030158997
2026-09-11,Más frágil que el teléfono. 2 semana me duró,camera,negative,0.883496105670929
2026-08-09,Muy fácil de montar y con opción a tener estantes más altos (para botas). Muy bien! Lo recomiendo a quien esté buscando un zapatero o una estanteria,furniture,positive,0.9492154717445374
2026-08-11,Funciona para música escuchar noticias o perguntar por el tiempo pero le faltan apps como en otros países y para hacer una llamada es comolicado,other,negative,0.4395475089550018
2026-06-27,Es caro para calidad que tiene. Pero sirve para una cortadora casera,home,neutral,0.6674109101295471
2026-06-09,"Ha funcionado durante un mes y pico y de repente ya no va. No se ha caído, ni mojado ni nada de nada. Además el cable usb venía medio roto. Una mala compra sin duda.",office_product,negative,0.9960871934890748
2026-08-01,Producto que va genial. Ideal para jugar a MMO. Recomendado,pc,positive,0.9447749853134156
2026-07-07,Ests bien pero va muy lento,wireless,negative,0.536975085735321
2026-09-05,"Madera aglomerada de pésima calidad, los laterales vinieron partidos por la mitad.",furniture,negative,0.9911479949951172
2026-07-21,"Como puedo cambiar el motivo de devolución de este artículo, la razón real es que he recibido más productos iguales del deseado",pc,negative,0.8487372994422913
2026-09-14,"La talla XL - 5 es en realidad una L muy ajustada. Ademas, es poco flexible.",sports,negative,0.899857759475708
2026-07-14,"Perfectos, pensaba que no encontraría de calidad a ese precio pero lo encontré. Me encajan todos los números de llaves que tengo.",industrial_supplies,positive,0.988643765449524
2026-06-24,"Hola. Explico la baja puntuación, que no es porque el producto sea defectuoso o funcione mal. Yo lo compré porque indicaba que era un disco sobremesa de 10 TB. La relación tamaño de almacenamiento / precio me pareció increíble y, aunque no lo necesitaba, lo compré. Mi sorpresa es al abrir el paquete (perfectamente embalado) y encontrarme con que es un disco sobremesa de 2 TB. Evidentemente, ni lo saqué de su embalaje original y lo he devuelto. Una pena, porque tiene un diseño que a mí, particularmente, me parece muy acertado para ser un disco externo sobremesa. Adjunto la factura de Amazon, en la que he eliminado los datos personales para que se vea que la descripción no da lugar a ninguna duda a la hora de comprar. Indica claramente 10 TB. Un saludo.",pc,negative,0.9680781364440918
2026-08-18,"La calidad nocturna es malísima, y en las primeras lluvias se ha roto, una pena, me habían recomendado cámaras Yi, y pensé que Sricam eran mejores, me equivoqué, la atención post venta, me dice que es normal",pc,negative,0.9492517709732056
2026-07-29,"Aunque aparentemente son muy calentitos, están tan gordos, que cuesta a la niña meter los dedos",apparel,negative,0.7373328804969788
2026-07-02,El tejido hace ruido al moverte y para el verano es imposible tenerlo dado el calor que da. Tuve que devolverlo al día siguiente.,furniture,negative,0.9826796054840088
2026-09-04,"La compré pensando que sería de mejor calidad que las que he comprado en los chinos y es más o menos igual. Salen bolas con poco tiempo de uso y rascan por lo que se hace incomoda, además tengo perros y se ven los pelos pegados enseguida no es de fácil limpieza.",home,negative,0.4930072426795959
2026-08-27,Buen producto y muy buen precio.Gracias.,drugstore,positive,0.9581190347671508
2026-09-13,"son bastante incómodos, la misma noche he vuelto a las tiritas",drugstore,negative,0.9370339512825012
2026-07-22,Nos encanta la marca mustela y solo encontramos el tamaño grande bajo de precio en Amazon,beauty,positive,0.9426764249801636
2026-08-01,"Ha venido mal montado,los tornillos del asa estaban en el otro lado y he tenido que desmontarlo y hacer nuevos agujeros para poder usarlo,el mimbre es flojo y a llegado con algún trozo roto.",toy,negative,0.859497606754303
2026-07-28,La calidad/precio es muy buena. Los bordes vienen reforzados lo que se agradece. Compra recomendable.,wireless,positive,0.9609630703926086
2026-07-22,Me parecía pequeño a simple vista pero queda perfecta la negra. Para una 46 de pantalon he cogido una XXL. La de color carne muy justa y no llega a poner los corchetes..,apparel,neutral,0.5506770610809326
2026-06-12,"Mala calidas. Con mirarlo se raya. No se adapta bien a la curvatura de la pantalla, que a su parte no la cubre en su totalidad.",wireless,negative,0.9821734428405762
2026-07-09,Hace ruido . Y no es lo potente que esperaba,lawn_and_garden,negative,0.7455577254295349
2026-06-02,"el telefono no esta mal , pero viene todo en chino y no se que funciones tiene",wireless,neutral,0.5138776302337646
2026-06-03,no me ha llegado el producto a casa todavia asi que no puedo dar una buena valoracion lo siento mucho,home,negative,0.975779116153717
2026-09-09,"El paquete me llegó bien, seguí las instrucciones pero no ha brotado nada de nada. Es poco dinero, pero dinero tirado.",lawn_and_garden,negative,0.8849968314170837
2026-07-26,"Como todos los libros que escribes me ha encantado de principio a fin, una vez que empiezas no puedes parar de leer y estoy deseando que llegue el próximo",digital_ebook_purchase,positive,0.984699547290802
2026-08-20,No son de 25 son de 20 cm... Vienen muchas y de muchos colores Las recomiendo pero pensar q son de 20cm,kitchen,neutral,0.5292066931724548
2026-07-29,"Es un palo muy sofisticado, elegante y muy bonito. No ha dado mucha comodidad en nuestros viajes aunque lo peor seria que la bateria que agota bastante rápido.",wireless,neutral,0.7784255743026733
2026-06-02,"Aunque vimos en un principio que no valía para instalar, hemos intentado probarlo en un Android y no enciende ni carga",wireless,negative,0.9781829118728638
2026-06-02,"los lapices muy fastidioso para sacarles la punta , que es muy blandita",home_improvement,neutral,0.537802517414093
2026-08-31,Alguno vino pinchado.,toy,neutral,0.5170283913612366
2026-07-24,Me ha gustado mucho que vinieran empaquetados individualmente. Y ha superado mis expectativas. Lo recomiendo,sports,positive,0.9246129393577576
2026-08-26,"Igual por fallo mio, yo esperaba la taza mas grande, tiene mucho detalle y le encanto a mi padre pero solo eso, no es muy grande",home,neutral,0.6040917634963989
2026-09-09,"Sin problemas...ha llegado estupendamente. Solo una cosita pensé que seria algo mas grande , pero bueno seguro que le gustará igualmente a mi nieto. Gracias",toy,positive,0.7844657897949219
2026-09-04,Paraguero amplió y de materiales mejores de lo que esperaba,furniture,positive,0.5370338559150696
2026-09-05,Parece que está muy bien. Solo lo use una vez por muy poco tiempo en una bateria nueva que debía tener carga de todos modos.,automotive,positive,0.832942008972168
2026-06-01,Aun no lo se por que hace 18 días que los compre y aun no los recibo 😡,shoes,negative,0.9964141845703124
2026-06-19,"No llegó a casa , no se que pasó con el camión de reparto pero nunca llegó. Eso sí informaron del accidente cuando reclame el pedido .",pc,negative,0.941988468170166
2026-06-02,"Instrucciones como si no estuvieran, material de muy baja calidad, una vez puesta en la pared patece más de mirame y no me toques que otra cosa, hasta el punto que para comer intento no apoyarme mucho es bastante inestable, queda bien sujeta a la pared pero el soporte inferior a la que te apoyas un poco se nota como cede, no volveria a comprarla y no la devolví porque ya estaba instalada y tire rl embalaje, no la recomiendo en absoluto, lo único bueno... ""el precio""",video_games,negative,0.9697740077972412
2026-07-23,Son para gafas pequeñas y rígidos. Por ese motivo cumplen mi expectativas perfectamente. Lo único es que el forro es de tela. Culpa mía porque no me fije en las especificaciones cuando los compré.,home,positive,0.6010506749153137
2026-07-14,"No sirve, no funciona para nada, y las pilas quedan un poco sueltas...",electronics,negative,0.986358106136322
2026-08-29,"El roller cumple su función muy bien y los materiales de acabado son decentes. La alfombrilla que incluye por otra parte, es de adorno. Poco grosor que al poner el peso del cuerpo encima, se reduce a casi nada y te haces daño en las rodillas. Así que continuo con mi vieja toalla muy doblada que hace mejor efecto de acolchado.",sports,neutral,0.6893084645271301
2026-07-02,Muy bonito y exacto a la descripción,home,positive,0.9756070375442504
2026-08-09,Entretenida y enternecedora. Llegó en buen estado y antes de tiempo. La compré a buen precio.,other,positive,0.9407902359962464
2026-07-02,Se lo han traido los reyes magos a mi hijo (7 años) y le ha encantado. Estuvo todo el dia de reyes con el puesto. Se puede ajustar bien y tiene bastantes complementos. Recomendable,sports,positive,0.9177258610725404
2026-08-07,"Como podéis ver en las fotos, he quedado francamente decepcionado con el producto. No tanto por la bola, no deja de ser algo sencillo, si no con el paquete que la conforma. Una auténtica basura el estado en el que se encuentra... me da la sensación de que este producto me lo han enviado ya usado y reventado por ello todo... Una pena que hagan esto, pues podría ser muy buena opinión y sin embargo esto es lo que se han llevado... mal estar por mi parte",wireless,negative,0.991456925868988
2026-07-25,"Es preciso, pero las tapas se abren",home,negative,0.7234393954277039
2026-08-14,"No he probado el producto, viene con instrucciones en castellano y el vendedor me envío, sin pedirlo un PDF con las Instrucciones. Han cumplido las fechas de entrega y el producto es como indica la descripción. Creo que el cartucho no es reemplazable y me ha extrañado que mencionando que tienen varias certificaciones de calidad los sellos no aparezca ni en el filtro ni en las instrucciones. Cuando lo utilice,comentaré",sports,neutral,0.7507839202880859
2026-07-26,Justo como en la descripción y justo lo que queríamos. El color tambien es súper bonito. Es de cinco estrellas.,luggage,positive,0.9982284903526306
2026-06-17,El borde del mvl se llena de mierda con el pegamento,wireless,negative,0.9374272227287292
2026-07-08,"El color del steelbook ha sido una decepción. Nada de blanco... gris lata de sardinas y como pasa últimamente en todos los steelbook tocado en varios puntos. Cuando mejoraran las protecciones en los envíos? De momento ya he cancelado dos steelbook más... una pena, pero ya no me arriesgo más con ediciones metalicas",other,negative,0.7496983408927917
2026-06-24,Tamaño reducido. No es lo suficientemente grande como para pasar verduras de un diámetro mediano/grande. Para usarlo de vez en cuando lo recomiendo.,kitchen,neutral,0.7125070691108704
2026-08-08,"No hace apenas ruido, y por el precio que tiene funciona bastante bien. Los cargadores de los mandos también van perfectos.",video_games,positive,0.9409857988357544
2026-09-06,"Se queda corto para los pies, no los cubre por completo en nuestra silla de Paseo Chicco",pc,negative,0.5411098599433899
2026-08-09,El tacto agradable pero la calidad malísima porque se ha ido el color a la primera lavada,sports,negative,0.9073190093040466
2026-08-25,"Son muy pesadas y aunque los materiales se ven buenos resultan muy incómodas para llevárselas a la playa. Son para dejarlas fijas en alguna terraza, no para llevarlas de un lado a otro...",lawn_and_garden,negative,0.6100001335144043
2026-06-11,"Ya es el segundo que tengo y es muy cómodo,práctico para desplazarlo sin tener que cogerlo en peso,el precio es algo excesivo eso sí que deberían tenerlo en cuenta.",home,positive,0.8418434262275696
2026-06-16,"Es barato. Es la mejor opinión que puedo aportar. No realiza un trabajo de gran calidad y depende de lo que se le exija. No dan duros a 4 pesetas, y menos a 1.",home_improvement,negative,0.555452823638916
2026-09-05,"No hay manera de que se quede correctamente sujeto. Siempre resbala y acaba cayendo. Es indiferente el peso que le pongas, incluso vacío se me ha caído. El plástico se ve de buena calidad, pero si no se queda sujeto carece de sentido todo. No lo recomiendo.",home,negative,0.9842993021011353
2026-08-12,Mala calidad y poca durabilidad,wireless,negative,0.9139347076416016
2026-07-29,"Es un protector de pantalla, que se adapta bien al huawei p9 (de los que mejor se adaptan), cubre totalmente. Pero he de decir, que a la segunda caída, desde la silla, se partió por la mitad. Por lo que dudo, que sea de buena calidad.",wireless,neutral,0.6397374868392944
2026-08-09,"este producto sirve para hacer una gracia, o hacer el tonto en alguna fiesta, tiene costura de union, de lejos da el pego, pero mejor si te pones una pulsera o reloj donde acaba la manga en la muñeca",toy,neutral,0.5517973899841309
2026-08-19,"mal botiquín, me vino roto y ademas sucio, debió de usarlo otra persona, las cremalleras son flojas y el material que viene muchas cosas no sirve",drugstore,negative,0.9891526699066162
2026-09-01,Buena calidad-precio,wireless,positive,0.8600131869316101
2026-06-03,El único cable que estaba utilizando ya ha dejado de funcionar. Lo compré en agosto,wireless,negative,0.9306357502937316
2026-06-20,Parece un llavero pero es bonito si fuera más pequeño seria perfecto además no aparece como en la foto pero bueno por el precio,jewelry,neutral,0.716427743434906
2026-07-29,"El detergente es un básico con el que siempre aciertas. Lo peor es que TODOS los pedidos que vienen con SEUR, invariablemente llegan tarde!!",other,neutral,0.5661349892616272
2026-07-06,Genial!!! A mi chico le encantó y todo el mundo le preguntó de donde era por que llama la atención de lo bonito que es,watch,positive,0.9961214661598206
2026-06-19,"la impresion buena y en general se ve bien, la talla correcta pero la tela es un poco fina y transparenta algo",apparel,neutral,0.6024774312973022
2026-08-29,Material muy malo y la bisagra mal puesta si bajas uno el otro no se puede aunque para quitarte el sol si vale,automotive,negative,0.9409223794937134
2026-08-06,"Nada de otro mundo, muy bonito pero materia mala se me ha roto la llave y como está montado no se puede hacer nada si no esperar que se meta agua y tirar",watch,negative,0.9335458874702454
2026-06-19,Tengo un Laguna 2 1.9 dci mañana recibo el producto tendre con una sola botella?? Por cierto como puedo calentar el producto para echarlo al aceite??,automotive,negative,0.4634926915168762
2026-06-20,"Después de más de un mes reclame el dinero, decepciona que Amazon tenga vendedores así",home_improvement,negative,0.98227858543396
2026-09-04,La fecha limite de entrega era el lunes. Estamos a miercoles y no tengo información de la situación del envio. Se confirma que los peores plazos y la peor gestión en la entrega de paqueteria es una característica habitual de CORREOS ESPAÑA,wireless,negative,0.9069709777832032
2026-08-10,"Por el momento funcionan perfectamente, muy contenta con el producto! Después de unos meses con ellos, todo perfecto, por el precio creo que valen la pena!",wireless,positive,0.9902430176734924
2026-07-22,"Se colgaba siempre Spotify, lo demás funcionaba bien pero el lector de huella era muy malo, el sonido era horrible. Se me cayó dos veces y no sirve mas el teléfono. La primera caída se partió la pantalla y la segunda no encendió más. Las caídas fueron de menos de 1,5 m de altura sobre piso liso. De irrompible o duro no tiene nada este teléfono, cualquier Samsung te dura más.",wireless,negative,0.9726449847221376
2026-09-13,"Me acaba de llegar el pedido, uno de los cristales viene arañado, pensé que era el film protector, pero no. Aparte venía sin pestaña para poder retirar el film y al pegarlo se ha quedado lleno de burbujas. He tenido que usar el otro, con o cual, el pack de dos se queda en uno. No cubre ni siquiera toda la pantalla,no hablo del marcó negro, no, de la pantalla. Además se ha quedado todo el borde como mal pegado y burbuja en dos esquinas. Aparte parecen de plástico. Tendré que comprarme otro.",wireless,negative,0.8973240852355957
2026-07-03,Poca calidad aunque para su precio no le podemos pedir más.,toy,neutral,0.5172063112258911
2026-07-10,Compré este producto porque promete una carga rápida. Al probarlo me dí cuenta de que el amperaje no llegaba a 2 A siquiera.,wireless,negative,0.8926195502281189
2026-07-09,"El transformador retorna a la mesa de mezclas mucho ruido, hemos tenido que comprar otro y de esta manera hemos quitado todo el ruido",musical_instruments,negative,0.5352576971054077
2026-08-21,Instalarlo y desparecer el aviso de sensor averiado inmediatamente sin necesidad de diagnosis para borrar errores. Satisfecho con el producto.,automotive,positive,0.8455774784088135
2026-09-12,Simplemente no funciona adecuadamente. hay veces que parece que sí y otras no funciona ni aunque lo mande el Gobierno.,wireless,negative,0.9904879927635192
2026-06-01,Para mi gusto son demasiado grandes. De un sorbo te bebes medio litro... las compre para los niños pero no las han usado. Al que le gusten grandes le iran bien por que son de un buen material. Pero para nosotros no nos sirven.,kitchen,negative,0.7882931232452393
2026-06-11,"Buen tamaño. La música se escucha bastante bien, pero para ver video lleva retardo.",electronics,neutral,0.6990724802017212
2026-08-31,"La tela es como una media muy gruesa cuya parte interior es blanca. Al ajustarse se trasparenta el blanco y queda regular, nada que ver con las fotos, parecen grises.",apparel,negative,0.8585621118545532
2026-07-27,"Quedan pequeñas para Mí band 3, no cubren toda la pantalla. Además vienen fuera de los.protectores. No las compraría nunca mas",wireless,negative,0.9469090700149536
2026-08-28,"Si lo pones en un armario que uses mucho las cosas de abajo o no haya mucho espacio, tiras los botes cada vez que coges algo.",home,neutral,0.5639782547950745
2026-07-20,"Pasa lo mismo que xon todas las universales, se descoloca constantemente cuando vas a sentar al niño, pero sabiéndolo, te creas tus mañas.",baby_product,negative,0.4006268680095672
2026-06-23,Pague para que llegue rápido y tardo 4 días mas un desastre los envíos x amazon. No compro Más aca,pc,negative,0.95218425989151
2026-07-01,Teníamos uno de otra marca que se rompió por el plástico debido al contacto diario con el sol y este parece de mejor calidad y además tiene doble cable. Nos gusta por que queda todo bien replegado en un rincón cuando no hay nada tendido.,home,positive,0.9306434392929076
2026-09-02,"La única traba es que se ajustan a la rueda con presión, se las pueden robar con facilidad, las compre pensando que se ajustaban con los pernos pero NO.",automotive,neutral,0.4863549172878265
2026-07-12,Si es lo que yo esperaba,automotive,positive,0.7615223526954651
2026-09-07,"Pedí este producto y me llegó la versión para pelo largo. Solicité el reemplazo y me ha vuelto a llegar para pelo largo, por lo que pienso que quizás no sea un error al coger el producto en el almacén, sino que tienen mal codificado el producto. Quizás tiene que ver en la fotografía sale la versión para pelo largo, pero yo confiaba en que lo correcto es el texto del nombre del artículo. El cepillo no lo he usado (quiero conseguir el de pelo corto), pero la gente que conozco dice que va muy bien. Le pongo una estrella por el error y para avisar. Si lo solucionan lo cambiaré.",pet_products,negative,0.9983558058738708
2026-06-07,Esta muy bonita me gusto mucho,toy,positive,0.8947778940200806
2026-06-16,"la verdad que el vehículo rueda muy bien por todo tipo de terreno y va bien, el problema es que la batería no dura ni diez minutos , esto hace que al final el producto sea malo.",toy,negative,0.9206936955451964
2026-08-29,"Los devolví porqué el color, aunque es gris, es un gris tirando a lila y no me gustó mucho. Además también tiene como unos puntos o rallas pequeñas de color beige o amarillas que tampoco me gustaron. Dejando de un lado el color, que es una opinión personal, sí se veían de calidad.",home_improvement,negative,0.5819948315620422
2026-07-30,"Bien,aunque demasiado grande, la xl parece doble xl, pero la camiseta esta bien por la tela y el dibujo,pedir una talla menos.",apparel,neutral,0.6672192811965942
2026-06-02,"Lo he recibido hoy, he intentado ponerlo en castellano y solo esta en Alemán , si que he conseguido que se oiga en español , pero el Gps esta todo en Alemán, Ruego envíen o me indiquen donde poder bajar las instrucciones, por que en la caja no habían ningunas.",wireless,negative,0.5869492888450623
2026-06-01,"Es muy bonito y práctico, la única pega es que es mucho más grande de lo que indica su talla",baby_product,neutral,0.6064314842224121
2026-07-18,Ideal para cualquier fan de la serie,home,positive,0.9570904970169068
2026-06-12,Nos gusta más la versión básica. Creemos también que no es necesario que haya un Código Secreto y un Código Secreto Dúo. Con implementar alguna carta más podrían estar los dos en uno.,toy,positive,0.4920956492424011
2026-08-08,No dura mucho o casi nada el olor... Y eso que mi perro no suele parar en la calle,pet_products,negative,0.8065986037254333
2026-07-07,A los cinco dias de uso se rompio una de los tirantes de la mochila,luggage,negative,0.8470874428749084
2026-07-02,Todas las canciones son buenas,other,positive,0.882379949092865
2026-06-09,Considero q es un martillo de buena calidad (Aun no e probado pero le dare 5 estrellas porq aparentemente es de muy buena calidad.. Asi q precio calidad es bueno) espero q me dure bastante y no haya ningun problema a simple vista no veo ningun desperfecto q llame la atencion..,home_improvement,positive,0.991724967956543
2026-09-13,"La correa se ve de buena calidad, encaja perfecta en el Apple Watch y parece resistente. En una foto podéis compararla con la negra original de Apple. Lo único que no me ha gustado es la cinta que sujeta el final de la correa que parece muy ancha y aparatosa, pero por el precio de la correa, me parece un detalle sin importancia. Volveré a comprar alguna más",wireless,positive,0.8871883153915405
2026-09-07,Soy muy sensible con mis oidos y al poco tiempo de llevarlos me pican. Se pone cera en el conducto del tapón. Atenúa bastante el ruido pero puedes discriminar los sonidos y las palabras cuando te hablan.,musical_instruments,neutral,0.6685088872909546
2026-06-19,"Entrega super rápida, apariencia de buena calidad, ventosa muy correcta, manejo sencillo aunque instrucciones poco claras, primera grabación bastante buena, pero... Me da la sensación que la batería viene muerta, probaré si después de unos días de uso se carga y subiré la puntuación, pero de momento en cuanto quito el cable de alimentación se apaga, me pareció leer en una opinión que daba para 20 minutos de grabación fuera del vehículo o desconectada del alimentador, pero no es mi caso. Dos meses después certifico que sin conectar a la alimentación no funciona, batería muerta.",wireless,negative,0.6627206802368164
2026-07-18,"Estaba dañado. Ya venía así y lo tuve que devolver, no se si se daño en la tienda o en el transporte, lo devolví y me mandaron otro.",home,negative,0.8896905183792114
2026-08-19,"No es un monedero, no se pueden guardar monedas. Mucha capacidad para tarjetas.",luggage,negative,0.5175310969352722
2026-06-03,SE VE MÁS BONITO EN LA IMAGEN,apparel,positive,0.4577943086624145
2026-06-20,Para regalo de mi sobrino. Era lo que tiene que ser. Sin nada que objetar.,video_games,positive,0.7728641629219055
2026-06-24,Mi madre muy contenta con sus cremas,beauty,positive,0.8532670140266418
2026-07-24,el fuelle perfecto para al menos 4 meses de uso.pesima calidad...es el mismo que se usa en todos los talleres para salir del paso un tiempo.recomendable colocar fuelles de origen pero al vecino se le puede sacar la pasta colocandole de este tipo.,automotive,neutral,0.4095074534416199
2026-07-03,"En lineas generales, la tele esta bastante bien para una habitación, que sera el uso que se le va a dar. La calidad de imagen, colores y definición, sin ser un experto, me parece buena. El sonido no es malo, no suena a lata y tiene bastantes ajustes El alcance del wifi, en mi caso es bueno y funciona correctamente Los menús son simples en gráficos, pero bastante completos, tiene muchas opciones útiles El mando a distancia esta bien, muchas opciones y el alcance bueno Lo malo: La pantalla muestra zonas oscuras evidentes en las esquinas, es un fallo depende de lo exigentes que seamos, se nota en todos los colores. El Smartv sin ser malo, le faltan algunas apps de tv para ser mas completo, lo que tiene, funciona correctamente. Creo que si lo necesitara, volvería a comprarla",other,neutral,0.5992315411567688
2026-06-24,Lo utilice para conectar una camara trasera a mi coche y la verdad no me sirvio porque los cables eran muy finos y no hacia contacto. Al final tuve que hacer el empalme de toda la vida.,home_improvement,negative,0.831373929977417
2026-08-14,La buscaba desde hacía tiempo y no me ha defraudado.,beauty,positive,0.9348500967025756
2026-08-11,"No lo recomiendo para nada, no es original es solo alcohol",beauty,negative,0.9975836277008056
2026-07-06,Creíamos que eran 3 porque la foto es engañosa,home,negative,0.6120685935020447
2026-07-08,Facil montaje y compatibilidad total. Cambié el equipo de musica de un Ford Mondeo Mk3 por una radio-CD Pioneer. he conservado el control en el satélite del volante. Y funciona!!!!,automotive,positive,0.9730721712112428
2026-09-12,Lave la toalla para que se cara y soltar a la pelusa del primer uso y se ha quedado bastante deteriorada como si fuera la vieja no la volvería a comprar aunque es bonita y me gustó bastante cuando la compre,home,negative,0.8071905970573425
2026-08-23,"Hemos recibido hoy la paleta y la caja exterior no tenía precintos de Amazon, estaba pegada con celo. Además, la paleta venía sin funda, por lo que la caja del jamonero y la de Navidul estaban bastante sucias. Tenía bien la vitola y el etiquetado. Hemos probado la paleta y estaba buena, pero la presentación no era la mejor.",grocery,negative,0.7039252519607544
2026-09-07,"No tienen las cinco estrellas porque uno de los pulsadores es tremendamente sensible, solo con el movimiento de la mesa, suena.",toy,neutral,0.5283840894699097
2026-08-28,Lo compré hace medio año y ya no funciona,wireless,negative,0.9769130945205688
2026-09-07,"Tamaño algo pequeño y la asa es incómoda en según qué posición, pero es muy bonito y de buen material",luggage,neutral,0.7357775568962097
2026-06-25,"Muy baja calidad, es plástico y no de piel. No os dejéis engañar",luggage,negative,0.9983314871788024
2026-09-01,Se adapta però para mi poco útil la bolsa al no llevar el aro se mueve y no es practico. Recomiendo comprar las originales yo lo necesitava para angel care.,baby_product,neutral,0.5328776836395264
2026-06-18,Encaja como un guante,wireless,positive,0.6718449592590332
2026-09-18,"Estoy algo decepcionada con este trípode, pues un tornillo se salía contínuamente, y finalmente lo perdí. Se aflojaba con mucha facilidad ( son esos que sujetan las patas y vienen con unas arandelas, y es un conjunto de macho - hembra ). Me cuesta horrores conseguir unos tornillos de esas medidas en las ferreterías, por lo que decidí devolver el trípode. Qué les cuesta enviar accesorios de repuesto con el trípode? en su lugar vienen unas herramientas que no sirven para nada, y el único respuesto son las gomas esas antideslizantes.",electronics,negative,0.8428257703781128
2026-08-21,El producto ya lo conocía pues ya tengo unas iguales con mas de 15 años. No pongo las 5 estrellas porque hubo algún pequeño problema con el envio,apparel,positive,0.8556740880012512
2026-08-05,"La usamos para un viaje a Tailandia y fue perfecta, caben muchas cosas y tiene varios compartimentos, las cremalleras aguantaron el trote y no es excesivamente grande como otras",sports,positive,0.9663573503494264
2026-07-24,"Despues de llevar esperando el vestido un mes y medio, me mandan un mensaje diciendo que el pedido se va a demorar una semana mas. Cuando me llegue ya no me lo podre poner. No volveria a comprarlo no no",apparel,negative,0.948967695236206
2026-07-05,El envío llegó en la fecha prevista. La instalación es rápida y sencilla. Materiales muy adecuados y no se mueve nada al sentarse. En general muy contenta.,automotive,positive,0.9646973609924316
2026-08-19,"El producto es un desastre, en los primeros giros se desmontan las piezas y queda impracticable.",kitchen,negative,0.9965720176696776
2026-07-31,"Sencilla, potente para lo que necesito, fácil de limpiar...",kitchen,positive,0.7881739735603333
2026-07-11,"Más pequeña de lo que me esperaba, pero con buen funcionamiento y uso, mantiene bien caliente el té, así que bien!",home,positive,0.7008358836174011
2026-09-08,"Por el precio genial! Se adapta perfectamente,ahora probar a ver lo que dura",sports,positive,0.9771745800971984
2026-07-03,"Soportan el peso de una guitarra eléctrica sin ningún problema y las acústicas NO rozan la pared, resultan muy útiles.",musical_instruments,positive,0.9610896706581116
2026-08-07,"Buenas bolsa pero cuesta cerrarlas, solo un tamaño, muy grandes",kitchen,neutral,0.73530513048172
2026-07-03,"Lo compré para un vendaje funcional en el pie que necesito hacerme al hacer deporte, pero al correr se deshace con el sudor y deja de sujetar adecuadamente. No me ha servido.",personal_care_appliances,negative,0.8416506052017212
2026-06-14,"La muñeca fenomenal, a mi sobrina le encantó, pero hubo un retraso por parte del vendedor y ni Amazon ni el vendedor me lo pudieron solucionar, lo compré con 1 semana de antelación para una comunión y no llegó hasta 3 días después del plazo de entrega, me cabreo fue monumental, pero no sirvió de nada, mi sobrina tubo que esperar 3 días más a que llegara, y no lo devolví por la ilusión que le hacía a la niña que si nó.......se lo comen con patatas. NO VOLVERÉ A COMPRAR NADA A ESTE VENDEDOR. FATAL",toy,negative,0.8807305693626404
2026-06-21,Los pestillos están desalineados y las puertas no cierran bien. La base es endeble y abultada y hace muchísimo ruido cada vez que entra y sale el perro.,pet_products,negative,0.9521501064300536
2026-07-18,"Aun no noté diferencia con productos de 4 efectos, mas económicos.",lawn_and_garden,neutral,0.673116147518158
2026-06-20,"Más estrecho de lo que se aprecia en la foto, pero igual de bonito. También es pequeño de tamaño.",jewelry,neutral,0.509181559085846
2026-06-08,"La pegatina es muy pequeña como una alfombrilla del portal de casa, me ha decepcionado bastante ya que me la esperaba mas grande",home_improvement,negative,0.7610040903091431
2026-06-07,"Muy bonita , como en la foto, alta calidad",furniture,positive,0.9692920446395874
2026-08-06,La verdad es que había leído muy buenos comentarios sobre este producto y por ello me decidí a comprarlo pero he de decir que me ha decepcionado bastante. Una de las pinturas ya vino con la mina rota y bastante rota. Además encuentro que las minas son excesivamente blandas. en seguida se parten y al afilarlas se parten también. Una pena,office_product,negative,0.890795886516571
2026-06-17,Es muy simple para el precio que tiene y tiene muy poco volumen,electronics,negative,0.849251389503479
2026-07-03,"Me gusta ya que no es grasa y es absorvente . Milagros no hace , pero hará más que no ponerse nada .Solo la he gastado una vez , quiza con el tiempo funcione",beauty,positive,0.7432267069816589
2026-07-18,"Buscaba dorado y negro De momento el dorado brilla veremos cuanto dura asi Las pero Las son demasiado grandes Los engranajes son de 14 dientes sería mejor con 18, tuve que cambiarle uno de los engranajes el primer día por no gestionar su devolución",musical_instruments,negative,0.5147034525871277
2026-08-15,"No me hq llegado!!! Despues de estar todo el dia en casa, al dia siguiente me decis q llega el 22",wireless,negative,0.9835329055786132
2026-07-29,"Es grande, tiene grandes compartimentos. No pone la marca. No es tan acolchada como la mil tec.",luggage,neutral,0.547629714012146
2026-08-25,Hace un poco de ruido. Estéticamente es boniti,home,neutral,0.6918569207191467
2026-06-22,"Antes de proceder a dar toda la informacion, creo que es justo comentar que funcionan correctamente, pero bajo condiciones especiales. Este interruptor, como todos, llevan un modulo wifi y un modulo de potencia, el primero se comunica con la aplicacion, el segundo ejecuta la orden, encender o apagar. Pues bien, como digo, el modulo wifi, necesitaría un sonotone, pues es bastante sordo. Solo funciona correctamente en las siguientes circunstancias. Lejos del router, muy cerca no funciona, minimo 2 o 3 metros. Proximo al router, a menos de 6 mtros sin obstaculos o a menos de 4 tras paredes. Lejos de otros aparatos, por ejemplo del cargador del movil o lejos de la tele. Por tanto, se hace complicado buscarle sitio adecuado. Yo compré 4 y tengo 2 funcionando. Uno, en el techo falso, en la misma habitacion del router, enciende un plafón. El otro, provisionalmente preparado para una lampara de pie, muy proxima al router. Los otros dos, funcionan, pero cuando los llevo a su ubicacion definitiva, no se comunican con el router.",home_improvement,neutral,0.7113358378410339
2026-09-18,No tiene iluminación alguna. Por lo demás está bien,home,neutral,0.5446717739105225
2026-06-30,"Si se manchan las manos y luego las lavas no se van al momento, se quedan manchadas. Luego en la ducha desaparecen perfectamente y de la ropa se v genial. El negro venía roto. Aun así a la niña le han encantado y es lo importante. Al hermano mayor tmb le gustan mucho. Tienen un diseño muy lindo.",apparel,neutral,0.5923578143119812
2026-07-08,"Fatal No funciona Es un timo, solo puedes tener conectado un cable",pc,negative,0.9977970123291016
2026-09-10,"un regalazo perfecto... es muy fuerte y las ruedas también, que es lo más importante, ya que son la base del carro.",toy,positive,0.9680479764938354
2026-09-17,"Venía con los precintos de papel despegados. Lo compramos porque lo necesitábamos al día siguiente, si no lo habría devuelto porque no es normal que una bebida así venga con los precintos de segurar quitados...",other,negative,0.9416424632072448
2026-07-21,"Es mono y funcional, pequeñito pero buen tamaño para tenerlo en la nevera. Sin embargo, no ha durado ni seis meses, ya no funciona y no se ha caido ni le ha pasado nada, simplemente ha dejado de funcionar.",home,negative,0.9648417234420776
2026-07-24,"Luces de colorines y todo lo bonito que pueda ser, pero después de varios intentos de introducirlo poniendo en riesgo la pantalla del dispositivo, he decidido devolverlo y perder sólo el tiempo.",pc,negative,0.9939895868301392
2026-06-08,"Esta es la primera vez que compro estos dispositivos. El hecho es que supera mis expectativas, es muy cómodo y fácil de usar, y tiene una variedad de fortalezas para adaptarse a su entrenamiento. Viene con diferentes accesorios para sujetar la cinta y pegarlos a tu cuerpo. Estoy muy satisfecho con la compra, recomiendo este producto.",sports,positive,0.9959421753883362
2026-06-27,"No siempre funciona, pero los que funcionan son de gran utilidad",lawn_and_garden,positive,0.7010751962661743
2026-06-27,Es más ancha la matrícula q el soporte,wireless,negative,0.5585545301437378
2026-09-06,"Al poco tiempo empecé a ver óxido y yo creí que era porque no los había secado bien. Se me rompió tb la punta del santoku, no sé ni cómo. Los tengo para tirar ya de lo feos que están y acabo de ver en las opiniones que era un defecto de calidad lo del óxido del que se quejan muchos usuarios. Una pena no haberlo sabido antes",home,negative,0.6877877712249756
2026-06-21,"Queda muy bonito puesto,pero queda enorme!!",apparel,neutral,0.4518996477127075
2026-06-30,Muy contenta con el artículo.,home,positive,0.918572723865509
2026-09-05,En este caso concreto no me funcionó como debiera. Nada más ponerlo olía a quemado y lo quité. He comprado varios y con ninguno he tenido problemas.,home_improvement,negative,0.8246516585350037
2026-06-28,"Por el precio que tiene, no está mal, pero la parte inferior no se ajusta con clicks como la superior, por lo que siempre se queda suelta (se desliza del macbook si tiras en la dirección opuesta).",wireless,neutral,0.5283581614494324
2026-08-03,La pulsera en si está muy bien pero para hacerla más pequeña trae un instrumento punzante que se dobla enseguida y los eslabones están muy duros. Por este motivo es bastante complicado. Una vez lo consigues la pulsera es perfecta.,wireless,neutral,0.7685576677322388
2026-09-05,"Es un saca puntas muy práctico y sencillo de manejar y limpiar. Viene con dos tipos de cuchillas para diferentes grosores de lapiceros y colores, también viene un juego de cuchillas de repuesto,lo que es de agradecer. El saca puntas se puede utilizar, mediante cable USB o con pilas. He conseguido que mis hijos tengan todos sus lapiceros y colores a punto.",office_product,positive,0.9828442335128784
2026-08-08,Se vuelven las laterales hacia adelante y de ven arrugas en forma de v.,pc,negative,0.8574119210243225
2026-07-31,"Necesitaba este artículo el pasado viernes. Hoy es lunes y no lo tengo, porque los repartidores de amazon lo entregan en recepción, a pesar de que estamos en casa.",home,negative,0.7532859444618225
2026-07-18,He devuelto las dos unidades y me an reembolsado solo una unidad!!que pasa con la otra?las dos unidades seguramente cuando se a recibido el paquete se an encontrado las dos,apparel,negative,0.9674197435379028
2026-06-19,El producto no lo he recibido aun,apparel,negative,0.9944459199905396
2026-06-04,"Frente a otros desodorantes que supuestamente no dejan manchas y terminan arruinando las camisas, este da muy buen resultado, y me gusta el olor.",beauty,positive,0.8242133855819702
2026-07-05,"La talla más pequeña de lo que pone y encima Amazon cobra 3e por cambiarlo??? Una estafa buena Amazon, que cara!",pet_products,negative,0.976715624332428
2026-08-03,Me ha ido muy bien para la mudanza. Cortas la medida que necesitas.,office_product,positive,0.7316554188728333
2026-07-19,"Es pequeño me le esperaba algo más grande por este dinero, por lo demás contento.",home,neutral,0.7724925875663757
2026-06-17,Funda fina y con buenos materiales. El unico inconveniente es que es demasiado pesado,wireless,neutral,0.6388448476791382
2026-07-14,Qdan muy bien pero no se ve bien,drugstore,negative,0.6108211874961853
2026-08-31,Parece como la original. Lo que no me ha gustado: que venga envuelta en un plástico.,wireless,neutral,0.5942656993865967
2026-06-30,La madera es menos que una chapa. Incluso un poco cutre. Por lo demas como se espera.,home_improvement,neutral,0.4586429595947265
2026-09-01,Es precioso. Medidas perfectas y me encajaba genial. La única pega es que venia con la madera saltada en algunos puntitos pero con un rotulador se soluciona.,furniture,positive,0.8152883648872375
2026-07-16,Esto es una báscula que no pesa. Llevo tres semanas esperando la báscula para que me llegue un aparato que no funciona. Su única función es pesar y es justo lo que no hace no detecta nada así que no lo aconsejo porque a mí como al resto le molesta perder su dinero y su tiempo por un producto roto.,home,negative,0.995414137840271
2026-06-06,Controla a la perfeccion las temperaturas y las acciones a realizar en cada rele,home_improvement,positive,0.7843228578567505
2026-09-07,"Falta luz, por el resto es según características y como ve en la foto. Es u producto bien hecho en cambio",toy,neutral,0.6479366421699524
2026-09-13,Muy grandes No se adaptan al oido,drugstore,negative,0.8903198838233948
2026-07-07,"Se ve bien,es compacto,fácil de manejar e instalar. Lo peor es el ruido del ventilador (de noche hablo,al estar todo en silencio) o pones el sonido alto o te vuelve loco. En general lo que te dá por el precio que tiene es muy bueno.",electronics,neutral,0.5636515617370605
2026-06-24,"CUESTA MUCHISIMO MONTARLO, LAS PIEZAS SON MUY PEQUEÑAS Y LAS INSTRUCCIONES DIFICILES DE SEGUIR PRACTICAMENTE NO LO USO Y ESTOY PENSANDO EN DEVOLBERLO",toy,negative,0.6890295147895813
2026-09-01,Las telas bonitas el envio tardísimo,home,negative,0.541378378868103
2026-07-16,La calidad del plástico deja mucho que desear... Se tiene que ir muy en cuidado al romper la parte superior porque a la mínima se dobla... Pero entiendo que tanta cantidad a buen precio es lo que hay...,drugstore,neutral,0.5783654451370239
2026-07-23,"Muy útil para aprender, pero con el tiempo se deteriora bastante y cuesta bastante moverlo.",toy,neutral,0.6359394192695618
2026-09-03,compre este lote super contenta lo abrí los llene y quedaron espectacular al vacío lo que no es normal esque a los 3 días de 20 bolsas 8 bolsas se les vaya el aire los vuelvo a poner al vacío e igual y claro cuando los ouse al vacio por primera vez como estaba tan contenta compre otro pack que me a llegado hoy y ahora que hago ? quien me devuelve esas bolsas que no me van bien,home,negative,0.9013223648071288
2026-09-07,"es buena compra, esta bien hecha y cumple bien su funcion para lo que es. Puedes pedirla que no te arrepentiras",sports,positive,0.9181304574012756
2026-07-30,"Compré el Iphone 7 reacondicionado a la empresa Next Mobiles y la funda a otro vendedor. No puedo escribir opinión del teléfono porque me aparecen en el mismo pedido y sólo me deja opinar sobre la carcasa. Sobre esta he de decir que en la primera caída se partió la pieza superior de la carcasa y el protector de vidrio templado que incluía, hecho añicos. El Iphone 7, comprado el día 12 de diciembre, debe estar defectuoso, pues la batería no me dura más de 5 horas con un uso normal. He intentado contactar con ellos para que me ofrezcan una solución, pero no he obtenido respuesta. Finalmente he solicitado la devolución del producto y sigo esperando a que me contacten para saber cuándo lo van a recoger.... un despropósito, vamos...",home,negative,0.9913275837898254
2026-09-05,no funciona y no me dan posibilidad de devolverlo ni repararlo,camera,negative,0.9982593655586244
2026-08-02,El producto llegó a tiempo. Estéticamente son bonitos y tienen bastante capacidad pero son bastante lentos incluso para ser 2.0. Pero para meter datos para hacer copias de seguridad están bastante bien.,pc,neutral,0.779136598110199
2026-08-24,yo lo compré para monitorizar mis horas de sueño pero en cuanto te levantas para algo ya deja de contar las siguientes horas de sueño.,sports,negative,0.5930103659629822
2026-07-02,Está bien pero se despega un poco de las puntas. Para mi pared era largo pero se puede cortar con cúter.,home,neutral,0.766357958316803
2026-08-26,"La apariencia muy buena pero si se rompe la goma del ratón no se puede cambiar,la cuerda si. El acabado de algunas partes""la felpa""es chapucero y enseguida el gato la suelta y empieza a haber pelusas de felpa x todos lados . X lo demás un árbol muy completo.",pet_products,negative,0.6750333905220032
2026-07-03,No sirven para nada. Hay moscas y mosquitos igualmente,lawn_and_garden,negative,0.9903900623321532
2026-08-06,"Cómo en la foto....efectivamente un cancán, abulta mucho de bajo de la falda....la tela y el tul todo sintetico...está bien",apparel,neutral,0.7465816736221313
2026-06-18,El precio es muy bueno pero cuesta demasiado que se absorba y huele super empalagoso,beauty,negative,0.8200410008430481
2026-06-25,"Me vinieron sólo 2 tapas con tornillo de seguridad, las otras 2 no lo traían.",home_improvement,negative,0.8749819993972778
2026-09-14,"No me ha gustado que era talla para niños y es muy grande,para un adulto.En las reseñas especificaba para niño.",toy,negative,0.8308829069137573
2026-09-03,calidad precio bueno pero el la óptica no tiene mucho alcance,home,neutral,0.6153974533081055
2026-07-24,La verdad es que es una cutrada muy mala y pequeña,pet_products,negative,0.9702395796775818
2026-07-28,"Es tal cual se muestra, de plástico resistente. El punto débil que le detecto son los ganchos para colgar las llaves, de metal hubiese sido más acertado.",furniture,neutral,0.5822107791900635
2026-08-06,"La calidad de imagen es muy buena, pero las imágenes en movimiento no eran nada fluidas, había veces que daba la sensación de ir como a tirones. Una pena, porque el 4k y el HDR se ven muy bien. Decidí devolverlo, y eso sí, la devolución ningún problema.",pc,negative,0.5700017809867859
2026-09-12,"Necesitaba una tostadora y buscaba algo sencillo, la verdad es que no ha salido muy buena porque el mango de bajar la rebanada es bastante flojo",kitchen,neutral,0.5067393183708191
2026-07-16,El producto cumple su función pero me volví loco intentando conseguir un tornillo para colocarlo. Me parece una tonteria que no te envíen un tornillo. Al final tuve que comprar por Amazon tornillos para poder instalarlo.,pc,neutral,0.6742038130760193
2026-06-24,"No llego embalado, solo la caja tal y como se ve en la foto. Mandar una placa base tan delicada en esas condiciones, encima del precio que tiene el producto en si, un crimen la verdad!!!!!!!!!!!! Tampoco la caja por dentro viene con proteccion de algún tipo de acolchado.Funciona bien, por ahora no me ha dado problemas.",pc,negative,0.4671211838722229
2026-07-02,"Calidad precio está bien, pero tengo un problema y es que se sobrecalienta mucho cuando termino de pulir una uña tengo que dejar enfriar la máquina un minuto antes de volver a usarla.",beauty,neutral,0.6161786913871765
2026-07-17,"Más de dos años después de haberlo comprado, puedo decir que estoy encantada. Era lo que esperaba y no me ha dado ningún problema.",pc,positive,0.9959599375724792
2026-08-25,"Se estropeó en menos de 1 mes. Simplemente dejó de echar vapor. La devolución con Amazon, cómoda y rápida, nos devolvieron el dinero sin poner problema",kitchen,negative,0.9530791640281676
2026-06-23,"Es muy pequeño y la apariencia es muy buena, en cambio al ser tan pequeño y la conexión lateral ser sólo dos tetones metálicos muy pequeños, no ajusta bien en la toma de ninguno de los dos coches en que lo he probado, quedando con bastante holgura y haciendo mala conexión. No lo volvería a comprar.",wireless,negative,0.901146411895752
2026-08-05,"Demasiado pequeñas las barritas para su precio. Pone que vienen 10 y en realidad vienen 5 paquetes (tamaño de una barrita energetica) y cada paquete está dividido en dos galletitas, por lo que si lo abres no puedes tardar en comerte los dos...",drugstore,negative,0.879003643989563
2026-06-27,"Compra impulsiva pero super recomendable. Los coches son bonitos, coloridos y con toque infantil de modelos de calle. Ruedas de goma y buenos acabados. El mejor regalo para un niño de dos años!!",toy,positive,0.9749335646629332
2026-09-14,"Se me ha salido la correa de tracción de la cuchilla, está deteriorada, cómo puedo tener una nueva?, se puede montar fácil?",home_improvement,negative,0.5709497928619385
2026-06-02,"mi marido hizo un sofá pequeño con un palet por lo que compre esta cojin para hacerlo un poco mas comodo. Precio bueno y muy como el cojin, además de bonito. recomiendo su compra.",lawn_and_garden,positive,0.8686697483062744
2026-08-29,"La red no está mal, las sujeciones són terribles... Se rompieron las anillas metálicas a los dos días. Tuvimos que hacer un apaño con belcros.",baby_product,negative,0.7906429767608643
2026-06-17,Funciona muy bien y de manera ágil para ofimática,pc,positive,0.9053186178207396
2026-09-12,Cumple con lo indicado y en plazo de entrega,baby_product,positive,0.8718766570091248
2026-07-03,"hoy me llego el BOX SET de MADAME X, no vale la pena pagar tanto dinero, muy mala y cutre. Normal que la bajaran de precio y aun asi es muy cara para lo que contiene. Soy fan de Madonna, pero esto es una decepcion.",other,negative,0.9845409393310548
2026-06-09,"Muy buen exprimidor .lo e utilizado y va muy bien ,muy comodo de utilizar y sobre todo muy facil de desmontar para la limpieza .es de acero y tiene ventosas que se adiere ala superficie .",home,positive,0.9762669801712036
2026-07-13,"La verdad me gustan mucho las gafas, antes de comprarlo tenia duda que no me pegaba, pero cuando las llegaron , estan genial y cuando me lo pusé... no me pegan pero las gafas estan de buena calidad. Debajo del sol se ve muy bien no hay ningúna problema con el sol, al final como no me pega, las voy a regalar a mi padre, no se si le gustará o no",sports,positive,0.876468300819397
2026-07-18,Esperaba mejor calidad. Ya que no es nada barata. Solo por llevar logo de Real Madrid se dispara de precio.,home,neutral,0.4948237836360931
2026-07-09,Muy buena calidad y precio,home,positive,0.969845175743103
2026-09-01,"funciona perfectamente para llamar, foto,radio y reproductor. Es muy basico no es un smartphone y para lo que vale esta muy bien.",wireless,positive,0.8279387950897217
2026-07-12,"Llegó muy rápido, es muy gordito y suave y abriga mucho. Lo único ""malo"" en mi opinión es que el interior es muy claro en color y no se yo si será muy fácil de limpiar. Por lo demás cumple con la descripción",baby_product,neutral,0.775767982006073
2026-06-26,Se me ha despegado un espejo de estar dos dias expuesta la moto al sol!! Es normal que ocurra esto?,automotive,negative,0.8531419038772583
2026-09-07,"No lo volvería a comprar. Tenia buena pinta por las especificaciones y el precio, pero no va nada fluido. Desde la primera semana el GPS se vuelve loco. Huyan de este movil, no merece la pena.",wireless,negative,0.9610008597373962
2026-07-20,"Puede llegar a ser util para los niños. El soft está conseguido y es útil para controlar lo que hacen los niños con ella. La carcasa protectora es lo mejor, en verdad protege de todos los golpes. Algunos botones han dejado de funcionar bien en poco tiempo. Y lo peor es que el procesador es muy lento. Se puede eternizar para poner cualquier video de youtube. Y además el wifi es de poco alcance.",pc,neutral,0.5204094052314758
2026-06-25,Se me ha roto en nada y sin recibir golpes muy descontento con la compra. Deberían compensar la compra que he realizado.,wireless,negative,0.9774743914604188
2026-06-24,"Llego roto, por descuido no reclamamos, fue un error",office_product,negative,0.9635310173034668
2026-06-13,"Buena calidad-precio aunque las partes más claras se ven poco definidas, pareciendo que se ha borrado el dibujo. Solo pasa con dos de las tres fundas (las que llevan blanco)",wireless,neutral,0.7275850772857666
2026-07-30,"Han mandado el producto sin embalaje ninguno, con la pegatina de envío encima del mismo paquete, es un regalo de reyes y queda bastante mal regalar un juguete con la pegatina de correos.",toy,negative,0.9608960151672364
2026-06-07,"No, nos gusto! Para el precio que tiene y comparado con otras no merece la pena!! Siempre se está soltando de las broches que lleva a cada lado",home,negative,0.8399033546447754
2026-07-27,Pues eso que pone el articulo que es compatible con la DCP-J572DW y ni se parecen. Mas basura en casa.,office_product,negative,0.9914534091949464
2026-07-06,Pensaba que era plástico pero es una especie de cartón duro.,toy,negative,0.7117558717727661
2026-07-15,Lo uso poco.. Pero esta bien,beauty,neutral,0.6248789429664612
2026-06-20,La verdad es que para las bolsas de los ojos no funciona,personal_care_appliances,negative,0.8424226641654968
2026-08-04,"La conexión es inestable, suena por un altavoz o por el otro y hay que moverlo todo el rato para que se oiga bien.",electronics,negative,0.9662721753120422
2026-06-08,Es transparente y el vendedor las pone como opacas y se lava las manos,home,negative,0.9588034749031068
2026-09-18,"Compre un pack de varias y voy cambiando de color... son todas muy bonitas. Otro modelo que compré se acabaron rompiendo, y se me abría a cada momento, con estas por ahora no estoy teniendo ninguno de estos problemas. Las recomiendo, porque es una excelente calidad-precio.",sports,positive,0.9847735166549684
2026-06-16,Se estropeó poniéndola en la cama. Es un problema de mala calidad. No estaba ni completamente llena ni vacía. A,luggage,negative,0.961868941783905
2026-06-14,Muy útil la guía de tallas es tal cual la medida,shoes,positive,0.8805866241455078
2026-08-15,"Las letras están muy bien. Son como aparecen en la imagen. Y a mi hijo le encantan. El único defecto que le pongo es la disposición del imán, porque en algunas letras viene en un lateral y la letra queda torcida... No tiene importancia y ese es el único pero que le encuentro.",sports,positive,0.5971572995185852
2026-08-26,"Poca durabilidad, ha durado muy poco. Se ha roto con un con un simple golpe sin caída al suelo, y eso que llevo una funda de goma a prueba de bombas.",electronics,negative,0.9543666243553162
2026-06-15,Lo uso para llevar bolsas. Muy cómodo y resistente.,baby_product,positive,0.8983404636383057
2026-08-31,Hola si calidad y precio estupendo,wireless,positive,0.9153083562850952
2026-09-06,"No hay traducciones en Español, ect",automotive,negative,0.9249474406242372
2026-08-05,todo correcto se ajusta a lo solicitado. vendedor eficaz y fiable. lo recomiendo a quien necesite algún producto del mismo.,camera,positive,0.9752349257469176
2026-07-02,Los compré porque en la descripción ponía que se podía decorar vidrio y no es asi. Para otros usos los colores son muy bonitos y vivos,kitchen,neutral,0.5023096799850464
2026-08-26,He comprado dos y van muy bien. Las marcas en los blisters de los días se van borrando con el uso. Pero aún así estoy contento,personal_care_appliances,positive,0.6395929455757141
2026-08-02,De las mejores series que se han filmado. Muy buena y entretenida. Los libros también son muy buenos y adictivos.,other,positive,0.9890735745429992
2026-08-25,"La funda protege 100% al mvl , pero la pantalla se ve regular por los puntos que trae la funda y al sol aún peor",wireless,negative,0.6271287202835083
2026-07-21,Se escucha muy bien pero el q te llama no te oye muy bien,electronics,negative,0.5782365798950195
2026-06-25,Justo lo que necesitaba para mi viaje,kitchen,positive,0.967019259929657
2026-07-28,Me gusta porque me ha quitado mucho calor en unas ventanas de tejado,furniture,positive,0.917557418346405
2026-08-02,"Todo correcto con el vendedor, ninguna pega. Excepto el envío a través de Correos España que en mi localidad es una vergüenza como funciona. Solo reparten hasta las 14:00 y por la tarde cierran. Llegó 4 días después del supuesto ""Envío gratis en un día de Amazon Prime"" y tan aplastado que se salía todo el líquido del interior. Encima tuve que ir a recogerlo yo a la oficina... Pagas Amazon Prime para NADA. LO HE TENIDO QUE DEVOLVER.",wireless,positive,0.3833035826683044
2026-08-01,"Buen producto. Práctico, resistente. Recomendable",kitchen,positive,0.912600874900818
2026-06-22,"4K + HDR excelente calidad de imagen. Además tiene soporte para Dolby Visión y Dolby Atmos. Buena relación precio calidad. Simple link de LG funciona correctamente, lo único negativo es que por ahí el control remoto no responde, estimo que es un problema de señal",other,positive,0.8739921450614929
2026-07-28,"No parece original Xaomi, plástico rígido y envío sim caja.",electronics,negative,0.8395402431488037
2026-07-28,"Me ha encantado la ropita para sacar fotos de mi bebe. Es un verde muy bonito, un poco más fuerte que en la foto. Es de una lana gruesa, la he puesto en la lavadora y no he tenido ningún problema. Por el tamaño del gorro no recomiendo para bebes con más de 5 meses, ya que es más bien pequeño. El paquete ha llegado muy bien y no ha tardado mucho.",baby_product,positive,0.969006597995758
2026-08-25,Aprietan y no eran cómodos los he devuelto...,shoes,negative,0.903886377811432
2026-07-19,Ha sido presente de papa Noel y fue un acierto. A mi sobrino le encantó. Está todo el día quitando y apretando tornillos. Muy adecuado para su edad.,toy,positive,0.941328227519989
2026-07-22,"Una porquería de producto. Incluso peor que el cierre de Decathlon. Como cierre de la bicicleta plegable me duro algo más de un mes cerrando y abriendo dos veces al día. El hilo de la rosca ha desaparecido, ahora está liso como un clavo más que como un tornillo. No lo recomiendo para nada. Mejor comprar otro de mejor calidad.",sports,negative,0.9983880519866944
2026-07-12,"El patinete en buen estado, la caja quizás un poco maltratada.",toy,neutral,0.5430948734283447
2026-08-09,En este caso no hay nada que reprochar. En la descripción decía que el libro de segunda mano estaba en condiciones aceptables y así es.,book,positive,0.7084535956382751
2026-06-15,Madre mia con los pantalones no es todo lo bonito que te pone en la foto valla chasco y encima no eran grandes no eran extragrandes cabian dos como yo,apparel,negative,0.5543007850646973
2026-07-24,No lo he usado para nada porque nunca lo recibi,home_improvement,negative,0.9859522581100464
2026-09-15,Contras: Al ser redondeados en la parte inferior hay quien les puede encontrar mas incómodos que unos cuadrados para coger la comida. A mi me van bien. También son completamente lisos hay a quien no le gusta. Son muy sencillos pero la relación calidad precio me parece muy buena,home,positive,0.6036621332168579
2026-07-30,"En principio este sistema va bien y es muy útil, lo único malo que le he encontrado es que con el tiempo la pantalla donde aparece la temperatura se fastidia..... apareciendo una mancha como si el líquido que lleva la pantalla se hubiese roto.",home_improvement,neutral,0.652716875076294
2026-09-09,Buena relación calidad precio,beauty,positive,0.7182400226593018
2026-09-05,"Es bonito pero el cepillo de la escoba es muy muy pequeño,mide 14 cms,parece que sea de juguete para niña.",home,negative,0.6067242622375488
2026-06-08,No me lo reconocía el pc no se si a sido por un problema ocasional pero Le doy 2 estrellas no lo recomiendo mu ch o,electronics,negative,0.9986265897750854
2026-07-23,"Pedi 2 unas alumbraban bien pero las bolas se despegan la gran mayoria,las otras alumbran una mitad bien de intensidad y la otra mitad floja,no son de conexion de enchufe,ni solares,funcionan a pilas AA,encima pone 10M y son 5M super cortas de largo.No recomiendo a nadie ,prefiero gastarme 30€ la proxima vez y comprar unas mejores",wireless,negative,0.9976803064346312
2026-07-30,No está mal Amelia es un personaje que se hace querer en otros libros aunque demasiado sensible de todos ellos el que más me gusta y me llegó fue el de Julieta fue el más original también teníamos que saber la historia de Amelia pero a veces abusa de no querer hacer daño,digital_ebook_purchase,neutral,0.8541689515113831
2026-09-16,Faltaba una pieza (una base de los cajones inferiores.,home,negative,0.7830119132995605
2026-09-16,Si estas comprando un movil Redmi S2 ya te trae una funda el propio movil dentro del paquete junto con el cargador.,wireless,neutral,0.6857991814613342
2026-06-05,"La máscara está genial, se adapta bien y es cómoda de llevar. La comprépara un niño de once años y sin problema.",toy,positive,0.9620373845100404
2026-09-11,El extremo del micro USB es muy fino y no ajusta bien por lo que a poco que tires del cable se sale,pc,negative,0.853318989276886
2026-08-07,"El envío ha sido muy rápido. El embalaje es adecuado. Cumple con las especificaciones del vendedor y se adapta al 100% de la pantalla. No obstante, la adhesividad de limita a los bordes y puede entrar suciedad por algún poro del adhesivo.",musical_instruments,neutral,0.653889536857605
2026-06-06,"Otro estafa, no lee las huellas dactilares y tiene un tacto irregular, lo he tenido que quitar, he probado con la segunda igual, no sirve para nada, no comprar bajo ningún concepto, he puesto seguro al teléfono y a esperar que no pase nada",wireless,negative,0.9993509650230408
2026-09-17,Se adaptan bien a los brazos y no Dan mucho calor,sports,positive,0.7189587354660034
2026-09-04,"La mecánica del juego no nos gusta, el juego esta bien fabricado pero la mecánica es lo que no nos engancha. Lo compramos para jugar nuestros hijos porque le ponían buena nota pero somos más de monopoly.",toy,negative,0.8089540004730225
2026-09-02,Poco potente por el precio,pc,negative,0.8097296357154846
2026-07-17,"Excelente precio, pero parecen imitaciones chinas..... Tejido mas fino que otros adidas de tienda, bordado del logotipo irregular. Aun asi para el precio que tiene poco mas se puede pedir",sports,neutral,0.6161521077156067
2026-09-07,"Le doy dos estrellas porque aunque es resistente y se amolda bien al teléfono se nogal muchísimo las huellas, aunque el paquete ponga anti huellas, estéticamente no queda bien.",wireless,negative,0.999651312828064
2026-07-25,Precioso en el diseño. Un poco descompensadas las tallas de arriba y de abajo. Chaquetilla un poco estrecha y pantalón enorme.,toy,neutral,0.7619877457618713
2026-07-10,"Cumple su función pero para mi gusto, no filtra bien, se escapa agua por el mismo tubo por la que le entra y parte del agua aspirada no pasa por el filtro.",pet_products,neutral,0.5064720511436462
2026-07-22,"El producto es bueno y aparenta ser de alta calidad. Sin embargo, el vendedor es del Reino Unido y la métrica es diferente. Salvo que tengáis un teléfono móvil de carga rápida, no os será útil (si lo tenéis, es un producto perfecto) Atención con la compra pues no ofrecen atención alguna para la devolución",wireless,negative,0.8190501928329468
2026-06-16,es muy practica la luz cuando vas al servicio de noche porque no tengo que encender ninguna luz y esa luz tan tenue es perfecta. las pilas duran poco. muy divertido y original. contenta con la compra,home,positive,0.9470534324645996
2026-06-13,La gorra genial pero me queda pequeña,sports,neutral,0.6484434008598328
2026-09-14,La adherencia no es buena tras los lavados,home,negative,0.5892832279205322
2026-06-30,Un juego para dos minutos. Mezclar yeso y esperar a que se seque,toy,neutral,0.5811901688575745
2026-06-19,Faltaban piezas en el envase ( termómetro y jeringa) : imperdonable. No se puede enviar un pedido si no se revisa las condiciones del envío,toy,negative,0.8886834383010864
2026-06-17,"La tela es mala, muy fina y como de licra, la talla es enorme no coincide con las medidas que proporcionar para guiarte, menos mal que solo son 2,50 tirados a la basura...",apparel,negative,0.9879621863365172
2026-08-02,Me parece mentira que una marca cómo Samsung que yo todo lo tengo Samsung no tenga un LED ya pagado y un LED encendido por lo demás contento,other,negative,0.4235804378986358
2026-06-19,"El libro llegó en un estado que parecía de segunda mano o usado. Si el libro es de segunda mano deberían haberlo reflejado, me queda comprobar si el interior está en condiciones.",book,negative,0.5365240573883057
2026-08-31,El producto está bien no es como esperaba pero para el precio es lo que hay . No he esperado mucho para recibirlo.,sports,neutral,0.6891060471534729
2026-07-28,"Estás obligado a comprar un mínimo de 2 unidades y le daría 5 estrellas si pudieras escoger 2 tallas diferentes ya que es un poco absurdo tener que comprar el mismo objeto por duplicado. Pero parece muy cómodo y sobretodo es MUY ÚTIL. Yo lo uso con mi Doberman de casi 40kg que al solo tener 1 año de edad es puro nervio y tira constantemente como una bestia. Y solo deja de tirar mientras lleva este collar, ya que en cuanto le pongo otro vuelve a tirar como si de un trineo se tratara...",pet_products,positive,0.8498057723045349
2026-07-25,Esperaba más. No se saca la piedra de dentro.,toy,negative,0.6702483892440796
2026-08-29,"El mejor aceite para la revisión y mantenimiento de mi vehículo, el pequeño pero gran mi CITROEN c 3 pluriel",automotive,positive,0.8290550112724304
2026-09-09,"Dan muy buena calidad de impresion y muy buen rendimiento, aunque el cartucho negro no es XL.",office_product,positive,0.8564610481262207
2026-08-29,Para lo que ha costado...bastante aceptable. Es un poco pequeño pero vale. Coger minimo dos tallas mas de la que useis normalmente,apparel,neutral,0.7229562401771545
2026-08-01,"Es bonita, pero se me dio de si a las pocas semanas.",sports,negative,0.549532949924469
2026-06-23,Para sacar las hamburguesa con su forma. Muy util aunque con el tiempo va costando despegar la carne del molde y hay que comprar los papelitos antiadherentes,kitchen,positive,0.5599013566970825
2026-06-09,Caducada. Llegado con fecha de caducidad en 2018. Solo dura 57 dias. Tiene que dura unas dos años. Un Cell sin Duradera.,electronics,negative,0.983002245426178
2026-06-12,Buen producto de calidad y facil de poner,wireless,positive,0.9452637434005736
2026-06-01,Este material se retrasa demasiado. Que pasa,home,negative,0.8281653523445129
2026-07-28,Son geniales para coser punto y de buena calidad. Las recomiendo.,home,positive,0.9843204021453856
2026-06-01,"No la e podido poner, necesitaría una más pequeña",automotive,negative,0.4527604877948761
2026-07-04,Es demasiado grande para las bañeras convencionales y se despega....Y un poco duro,home,negative,0.5369433760643005
2026-09-04,Un gran cd! Buena música para entretener los viajes!,other,positive,0.9496616125106812
2026-07-18,Lo compramos para la fiesta de cumpleaños de mi hija de 4 años y a ella le gustó. Pero es muy simple y las coas son pegatinas es decir ríe se acaban las pegatinas y se acaba el juego.,toy,neutral,0.6624044179916382
2026-08-28,Era bonita y agradable de llevar pero se rompió el cierre y ni pegándola con pegamento fuerte pude arreglarla. La entrega fue puntual como siempre,wireless,neutral,0.5686234831809998
2026-09-12,"La verdad que lo compré un poco por opiniones de grupos,desconocía al autor pero tengo que decir que me pareció muy bueno , en momentos duro,en otros tierno pero siempre manteniendo la intriga",book,positive,0.7409794926643372
2026-09-17,"enfoque un tanto complicado.para campo abierto/mar se quedan un poco cortos, pueden valer para espectaculos",camera,negative,0.6719456911087036
2026-06-01,Mochila perfecta pero Me a faltado el collar que supuestamente benia a juego,luggage,neutral,0.6505187749862671
2026-06-16,"El producto no ha llegado en la fecha prevista por el fabricante, ya veremos cuando llegue si cumple o no",lawn_and_garden,negative,0.7717128396034241
2026-07-31,"El objetivo está muy bien para el precio que tiene, lo utilizo en viajes para no ir muy cargada. La verdad es que es bastante versátil y hace que la cámara pese bastante menos.",camera,positive,0.7816038727760315
2026-09-11,"Todo perfecto. Lleno de utilidades, trae un trapito para su limpieza, color verde dorado, y varios capuchones de recambio para la punta táctil",sports,positive,0.990272581577301
2026-08-03,demasiado caro para lo que es. Demasiado caro para ser un cacho de plástico de media calidad. No creo que deba valer mas de 4 €,personal_care_appliances,negative,0.8530915379524231
2026-08-02,"Llegó deteriorada, a pesar de estar bien embalada llegó con golpes y rozaduras.",luggage,negative,0.8901960253715515
2026-08-08,Recordando viejos tiempos,other,neutral,0.791748583316803
2026-06-22,"A los dos días de uso la punta se rompió, el uso que hice fue dibujar y llevarlo en la chaqueta.",pc,negative,0.8081498146057129
2026-09-01,No cumple con mis espectativas. Es demasiado flexible y de escasa calidad,luggage,negative,0.8989381194114685
2026-08-06,Indica el transportista que el producto ha llegado y dejado en buzon. NO HAY NADA EN EL BUZON.,electronics,negative,0.903253734111786
2026-08-15,Manejo sencillo y útil,home,positive,0.8978091478347778
2026-06-26,"Pagué más para tenerla antes, pero la recibí más tarde. Dos o tres dias más tarde de lo prometido.",home,neutral,0.5681917667388916
2026-06-16,"solo a durado 3 meses, espero que tenga garantia y el vendedor se ponga en contacto conmigo pronto, hace un poquito de ruido pero es de esperar, pero es una basura!!!",lawn_and_garden,negative,0.9894571900367736
2026-07-21,"Son comodas, pero para trabajar en una cocina o en hosteleria en general no estan bien, no son antideslizantes.",shoes,negative,0.6236692667007446
2026-09-09,No viene para enganchar la cámara al aro,camera,negative,0.862617552280426
2026-08-25,Es tal y como lo imaginaba,watch,positive,0.7487809658050537
2026-07-27,Estoy muy contenta con el resultado. Psrece pequeño pero tiene una gran cantidad de potencia y muy facil de usar. No pesa nada por lo que ponerlo en un tripode barato o encima de la cámara hace que funcione genial.,camera,positive,0.9920925498008728
2026-06-29,son muy buenas y alumbran muy bien.,home,positive,0.8954297304153442
2026-08-17,"Es muy poco el buen olé que permanece en el ambiente de casa, y pico me refiero a 1 hora máximo, luego el olor es molesto...lo siento pero no volvería a coger este olor por lo menos...",home,negative,0.895108699798584
2026-08-31,Aun no he recibido nada,pc,negative,0.9951552152633668
2026-08-08,Mochila de estampado muy bonito y tamaño para una niña/niño de primaria. Lo único que hay que tener mucho cuidado al abrir y cerrar la cremallera pues es muy fácil que se enganche la tela y cuesta horrores sacarla.,luggage,positive,0.6029897928237915
2026-07-17,Es un libro que da un enfoque diferente a los temas que trata. Plantea otra forma de tratar los retos y creo que es interesante,digital_ebook_purchase,neutral,0.5386790037155151
2026-09-02,Una semana de uso y todos los forros interiores se rompieron por las costuras. Pongo la mano por una cremallera y me sale por la otra.,pc,negative,0.972722828388214
2026-09-18,La calidad del rodillo es menor que la original pero el precio lo compensa,kitchen,neutral,0.6681948900222778
2026-08-01,A mi hija le ha encantado para su escritorio. Le da mucha luz y colorido a la habitación. Es un amarillo chulísimo.,furniture,positive,0.9316612482070924
2026-08-08,"Al principio parece un arnés de calidad, es cómodo y bonito pero no lo recomiendo pues tras pocos días de uso la argolla central se ha soltado rompiendo la costura con un pequeño tirón de mi perra, y es un Setter de 7 meses, no es que tenga una fuerza excesiva. Se ha escapado a la carretera llena de coches, de milagro no ha pasado nada. Es un arnés para perros medianos y grandes, está claro que las costuras no están reforzadas acorde con el tamaño de los perros a que está destinado.",home,negative,0.9282324314117432
2026-08-15,"Producto mediocre. Plásticucho barato, batería que no dura nada. No funciona en windows y se desconectan cuan quieren.",electronics,negative,0.967638909816742
2026-06-16,"Cumple con las expectativas, tiene varias posiciones, es fácil de manejar, y sobre todo tiene balancín que otras no tienen. Se puede dejar fija cuando el bebé esté tranquilo y poner en modo balancín cuando esté inquieto, el solo al moverse hace que se balancee. Desenfundable y con muñecos colgantes para la distracción del bebé. Es perfecta esta tumbona y relación calidad precio, muy buena.",baby_product,positive,0.9797526597976683
2026-08-29,El producto es el correcto pero teniendo una cuenta prime ha tardado demasiado en llegar.,toy,neutral,0.5332765579223633
2026-08-29,Están fenomenal. Botones troquelados con formas de objetos de costura que vienen en color madera sin tratar. Se pueden decorar,home,positive,0.9766182899475098
2026-07-18,"Confundí correa..., y para devolver tengo que pagar mi valoración es por esto",sports,negative,0.9731810092926024
2026-08-24,No me sirvieron pero me devolvieron el dinero,office_product,negative,0.7554419040679932
2026-07-09,"Duraron muy poco enseguida se secaron, alguno ni se llegó casi a utilizar, los niños se han decepcionado, esperábamos más.",office_product,negative,0.9358845949172974
2026-09-08,"Cumple con su función. Tiene una fuerza muy buena para cierre automática de la puerta. PERO LA PIEZA PEQUEÑA QUE SE INSTALA EN LA PUERTA ES DE PLÁSTICO BARATO (MUY BARATO, PARECE MUY FRÁGIL). Conforme pero la próxima vez miraré que toda la pieza sea metálica antes de hacer la compra.",home_improvement,neutral,0.6894446015357971
2026-07-03,"No es lo que esperaba, pensaba que la piel me la dejaría más tersa,la verdad es que a mi personalmente no me funciona, no quiere decir que a otras personas les funcione",beauty,negative,0.7332349419593811
2026-09-02,El carro en general está chulo pero que las ruedas delanteras no tengan ningún tipo de tapón es un poco cutre. Es levantar el carro y caerse las ruedas,toy,neutral,0.8180922865867615
2026-09-09,"Como se está convirtiendo en la norma con Amazon, el transporte de pena. Se presentan el casa a la hora que les da la gana sin avisar y ponen mil pegas para pasarse en otro momento. Esta vez la caja venía con un golpe que la ha llegado a penetrar, como podéis ver en la foto. Por lo menos no la han tirado por encima de la vaya, como han hecho con otras cosas, incluido un NAS. Del piano, no sé que contaros, no entiendo de pianos. Lo he comprado para mis hijos que acaban de empezar clases de piano. Parece bueno, suena bien y les vale para practicar.",musical_instruments,negative,0.5637347102165222
2026-06-23,"Cerdas suaves, muy contenta con el primero que he comenzado a usar.",toy,positive,0.9364491105079652
2026-06-10,Líquido base para vapear. Yo lo estoy usando para hacer mis propios sabores y va estupendamente. Como cualquier líquido base no sabe ni huele a nada y no se me ocurre más que decir excepto que tiene tapón de rosca así que se puede almacenar en cualquier posición.,drugstore,positive,0.843937873840332
2026-08-08,"Muy bonito el packaging y todo, pero tengo que decir que he tirado el dinero a la basura literalmente. Vienen dos protectores: el primero lo he puesto y he tenido que quitarlo porque me era imposible escribir con el móvil: sensibilidad de la pantalla cero y encima se despegaba. He seguido las instrucciones al pie de la letra (y no era la primera vez que ponía un protector de pantalla a un móvil...) y ni siquiera se ha pegado bien a la pantalla. Entonces he puesto el segundo porque he pensado que a lo mejor el primero había salido defectuoso. Mismo resultado: cada vez que toco la pantalla se nota que no ha adherido bien y hay que presionarlo para que se quede pegado unos segundos. Después, otra vez despegado y sensibilidad cero. No lo devuelvo porque no tengo ganas de ir a correos a hacer cola, pero desaconsejo comprarlo. Es un trozo de plástico gordo absolutamente inútil.",electronics,negative,0.9991596937179564
2026-09-08,El pulso no lo mide muy bien que digamos,sports,negative,0.6333698034286499
2026-07-04,Es una pasada estoy super contenta es un móvil muy bueno y para el precio que tiene esta genial,wireless,positive,0.9921368360519408
2026-07-22,No me hice con él y lo devolví.,pc,negative,0.6894196271896362
2026-09-03,"no equivale a un 37/38 europeo aunque lo diga. por lo de mas bien, llegaron rápido y son de buena calidad. MUY pequeñas.",shoes,negative,0.6670632362365723
2026-06-10,"Por el tamaño, Para mi galería es perfecta pero tiene muy poca capacidad para la arena. Si fuera un poco más honda sería perfecta",pet_products,neutral,0.6948638558387756
2026-06-19,"Un producto bueno, para el precio que tiene. El maletin es muy bonito. Y su interior muy completo. Fue un regalo para mi marido y esta encantado.",lawn_and_garden,positive,0.7861458659172058
2026-07-28,"Todo correcto, se coloca bien y hace su trabajo.",wireless,positive,0.8974487781524658
2026-09-04,Me encanta Tengo la piel bastante sensible y se me resaca o me da grasa muchos productos así que tengo que tener cuidado con lo que me echo Me ha encantado Repito,beauty,positive,0.9666538834571838
2026-06-01,Se empañan muchísimo,industrial_supplies,negative,0.7425675988197327
2026-08-08,"De momento todo OK, pero el problema es que no cubre toda la pantalla y es algo justo de medidas. Fácil instalación y relación calidad/precio perfecto!",wireless,positive,0.5565412640571594
2026-09-17,No vale los casi ocho euros que pagué por esto. El gato lo rompió a los dos días.,pet_products,negative,0.9777588844299316
2026-06-04,"Deja el pelo muy suelto y con volumen, lo que no me acaba de convencer es que no hidrata suficiente, aún así lo compraré combinándolo con otros productos que sí hidratan más.",beauty,neutral,0.8224644064903259
2026-06-16,"Así me llegó la escalera que encargué. En una de las imagenes se observa que viene con una pieza rota en una esquina. Pero como la necesitaba para ya, he optado por no devolverla. Llevo varias años comprando en amazon y siempre el embalaje ha venido perfecto, en sus cajas de cartón, pero esta vez ......, espero que sea una excepción. Y la pieza rota, es un tapón negro protector de plástico.",home_improvement,negative,0.8321481943130493
2026-06-24,"La película no esta nada mal, la verdad es que es la mejor de DC, sobre todo si las comparamos con el resto. Si tienes una tele 4K y te gusta DC, no dudes.",other,positive,0.8723058104515076
2026-08-19,No pasa de 126 mb/s a pesar de estar conectado al USB 3.1 y con un SSD que llega a 300 mb/s.,pc,negative,0.5632330775260925
2026-06-02,Se mueve mucho cuando lo pones en la boca,camera,negative,0.7943280935287476
2026-08-31,"Demasiado grosor, no muy cómoda.",home,negative,0.6598799824714661
2026-07-02,"ATENCIÓN! PENOSO LO DE PIONEER! 2 minicadenas pedidas en Amazon y 1 más en MediaMarkt. Aunque no os lo creais, TODAS han venido en color marrón aún y que las he pedido en negro. Pero lo mejor es que en la caja pone negro... Bravo! Dudo que se pueda ser más desastre. Espero que Amazon tome cartas en el asunto.",electronics,negative,0.9666664600372314
2026-08-30,"El sabor no es todo lo intenso que me esperaba en cuanto a notar el sabor de vainilla, pero es aceptable",home_improvement,neutral,0.7311903834342957
2026-08-23,"qué se puede describir? se pega bien, y pasa los cables... un poco cari a mi juicio",office_product,neutral,0.495108425617218
2026-06-24,"El paquete viene con todo lo necesario para una buena colocación, quizás instrucciones en español no estaría de más, pero bien. Lo único es que no tapa la totalidad del p8 lite lo cual considero primordial. Un pelín más grande se hubiera agradecido. Por lo demás, bien.",wireless,positive,0.5063403844833374
2026-06-12,Pierde color al lavar en lavavajilla. Y por dentro de los enganches me da sensación que se ha oxidado un poco.,sports,negative,0.7058619856834412
2026-07-20,"Buen material, resistente y bien terminado (cremallera, botones, bolsillos). Pero es Enorme, para alguien de 100 kg por lo menos y con mochila, no creo que llegue a ponérmelo porque podría salir volando,pero ahí está. Tambien es un poco pesado, sin duda debido a la calidad, pero eso se nota en una mochila.",sports,neutral,0.7310863137245178
2026-07-05,"Buena relación calidad-precio, muy recomendable",home_improvement,positive,0.9610052108764648
2026-07-03,"Buena calidad, un poco pequeña.",luggage,neutral,0.5558578372001648
2026-07-03,Realmente muy bueno me ha encantado,baby_product,positive,0.9891682863235474
2026-07-31,"Muy inestable, mala calidad, se mueve cuando escribes",furniture,negative,0.9796586036682128
2026-07-21,"Estan muy bien de calidad, aunque tienen el inconveniente de que se giran y quedan fuera del lobulo. Presentacion muy buena en cajita de madera",jewelry,positive,0.56951504945755
2026-07-13,Hace bastantes ruidos cuando esta conectado en el canal de la radio,wireless,negative,0.7341929078102112
2026-09-09,Va lenta pero es normla por ese precio,pc,neutral,0.6476203799247742
2026-06-12,Súper acierto. Le ha encantado a sus 5 años. No para de leerlo una y otra vez. Es divertido. No mucho texto,book,positive,0.9520027041435242
2026-08-06,"Pronto han bajado las prestaciones, no tiene 4 meses de uso y dura media hora.",pc,negative,0.8131623268127441
2026-08-04,"Compré esta impresora para usar específicamente con mi Chromebook. Tengo que revisarlo en este sentido. Básicamente no hay nada malo con la impresora. ¿Por qué intentan combinar las instrucciones para Apple, Windows, Android y Chromebook? Cada uno solo requiere 1 hoja de instrucciones claras. El mejor consejo que puedo dar a un usuario de Chromebook es ir en línea y ver las instrucciones genéricas de Google. Las pantallas no son idénticas, pero es fácil trabajar con un poco de prueba y error. Tardé varias horas en hacerlo. Faltan pasos en las instrucciones incluidas y deben darse cuenta de que todo el mundo no es un asistente técnico. Ahora que está funcionando parece haber sido una buena compra. Si hubiera podido configurarlo fácilmente, le habría dado al menos una calificación de 4 estrellas.",pc,neutral,0.4899769425392151
2026-07-03,"No estoy satisfecho. Creo que habrá productos de mejor calidad. Considero que no limpian del todo bien, no los he devuelto por el lío del trámite y bueno valen para salir del paso...",wireless,negative,0.7974134087562561
2026-07-10,Lo devolví nada más recibirlo pues no es lo que esperaba. No puedo opinar si puede ser útil.,home,negative,0.9306804537773132
2026-08-13,Nevera muy bien terminada cumple a la perfección con su función,home,positive,0.859112024307251
2026-07-13,Me equivoqué en su tamaño.Es demasiado pequeño.,kitchen,negative,0.6486068367958069
2026-07-14,esta bien trabajada y es muy elegante.,wireless,positive,0.7098281383514404
2026-06-29,"El cristal no corresponde con la foto. Tiene agujeros para la cámara y demás, no el corte que viene en la foto. Cómo bien dicen no cubre el cristal, pero ojo!, Es bastante lo que dejan sin cubrir",wireless,negative,0.9363979697227478
2026-06-13,Perfectas para guitarra clásica,musical_instruments,positive,0.693831205368042
2026-06-12,Muy bien todo menos el montaje. Faltaban los agujeros de todos los tornillos pequeños y la madera es muy dura. Tuve que utilizar el taladro para agujerear todas las patas y poder atornillar los herrajes. No entiendo por qué no vienen hechos de fábrica.,furniture,neutral,0.6873694062232971
2026-09-03,"En si esta bien pero lo que le fallan son los botones me esperaba algo mejor, si lo uviera visto en persona no lo ubiera comprado.",video_games,neutral,0.7476184964179993
2026-07-16,Se hizo esperar y llego cuando dijeron.,electronics,positive,0.5799846649169922
2026-06-02,No aconsejable para cabellos oscuros. He tenido que estar un buen rato para que pudiera tener un mínimo efecto. Al final sí que se ha conseguido aunque no recomendable para cabellos morenos o castaños oscuro,office_product,neutral,0.5679516196250916
2026-07-05,Tiene fugas por la rosca. Mala calidad plástico interior,home,negative,0.9440315961837769
2026-08-26,La esponja se estropea muy rápido. No aguanta muchos lavador. He comprado otra de dr. brown que parece de mejor calidad,baby_product,negative,0.8040185570716858
2026-08-20,"Para el precio que tiene no están nada mal, para planchar pocas cosas t hace muy bien el apaño, suelta algo de agua cuando el vapor, pero personalmente no molesta.",kitchen,neutral,0.4787174463272095
2026-08-29,dan mucho reflejo..excesivo creo yo..espero q el consumo sea el q dice el fabricante..pq es una barbaridad auque si buscas eso es lo ideal,home,negative,0.6662238836288452
2026-06-08,"En general me ha gustado todo, en simple y lo compre para mi sobrino que es su cumpleaños y en vez de repartir caramelos a los compañeros de clase, nos pareció mejor idea algo así mas sano y divertido",toy,positive,0.9310885667800904
2026-09-01,Cumple más espectativas,wireless,positive,0.8238866329193115
2026-06-26,No me a servido para lo que quería,wireless,negative,0.9210376143455504
2026-08-13,Muy facil de usar para los peques.,toy,positive,0.8078374862670898
2026-08-29,"No me ha llegado el producto, y pone como que lo recibí, no estoy contenta",home,negative,0.9945295453071594
2026-07-04,Llegó perfectamente.,wireless,positive,0.8157588243484497
2026-09-13,Falla la salida del spray.falla el continente.el contenido es bueno y llega un momento q es dificil usarlo,beauty,negative,0.7714213728904724
2026-06-07,"La impresora funciona bastante bien. cumple lo que se le pide que es imprimir de forma clara y rápida en b/n. Los peros que le puedo poner: Debido a la alta temperatura el papel sale ligeramente curvado. Es bastante escandalosa. El sistema wi-fi es harto complicado de conectar. Y me parece absurdo que no incluya un miserable cable USB. Yo lo tenía de la impresora anterior (una HP), pero siendo necesario para instalar la máquina es absurdo que no venga incluido con el equipo. Veremos a largo plazo si rinde como se espera.",pc,neutral,0.889772891998291
2026-08-07,"Es un. buen libro que ayuda mucho para prepararte el CAE pero no tiene nada más, lo veo un poco caro para lo que es realmente pero reconozco que es más barato que en las librerías locales, destacar la facilidad para encontrar el material de audio y de calidad, sin problemas para escuchar los listenings, por la diferencia de precio vale la pena comprarlo sin CD's",book,positive,0.4983064234256744
2026-07-28,No era para mi. No puedo opinar,book,negative,0.4709021747112274
2026-09-17,Me van muy bien. Y se ve q son de buena calidad,shoes,positive,0.9701603651046752
2026-08-14,"No hagáis como yo y seais agarrados, gastaros un poquillo más. No es muy preciso y es cutre. Después me he pasado a un digital, mucho mejor.",lawn_and_garden,negative,0.9387962222099304
2026-06-29,"Como han comentado ya varias personas, las tijeras no son inoxidables. En el primer uso, las lavé y les puse la fundita de plástico. Al día siguiente tenían las hojas con varios puntitos de óxido. Desde entonces no les he vuelto a poner la funda, las cuelgo al aire y no les ha vuelto a salir. De todas formas se ve que la calidad no es una maravilla. De corte de momento funcionan bien, tampoco hago virguerías con ellas. Lo típico, cortar una pizza o un envoltorio. No las compraría otra vez pero de momento me apaño con ellas.",office_product,negative,0.4959130883216858
2026-07-06,Cumple con lo que es.,home,positive,0.6846675872802734
2026-08-28,Me ha gustado la funda y estaba muy bien. El problema que he tenido es que a los 20 días aproximadamente se le ha empezado a saltar la pintura de la carcasa de silicona.,wireless,negative,0.6451016664505005
2026-06-21,"El cristal se despega a los pocos días y la funda se raya con facilidad, pero para el precio que tiene, cumple",wireless,neutral,0.7615286111831665
2026-07-06,"No está mal pero me la esperaba mejor. Es bastante endeble, muy plasticosa y el suelo tiene que estar completamente liso....",kitchen,neutral,0.6616863012313843
2026-06-10,Buen precio pero ponerla en la posición alta es un desafío,pc,neutral,0.4918902516365051
2026-09-09,"Me convenció el precio por lote y aparentaba ser otra cosa. Extremadamente pequeños, finos y de mala calidad. Por poco más hay mucho mejores. No lo recomiendo.",apparel,negative,0.9763273000717164
2026-08-12,Hace un año que las llevó y todo perfecto,automotive,positive,0.9734843373298644
2026-06-24,Pues se infla muy rapido y facil y tras usarlo se ve muy comodo me gusto bastante,sports,positive,0.9102658033370972
2026-08-03,Todo correcto. Fragancia suave... de las que me gustan mucho. Bien empaquetado y lo mejor... el precio... aunque creo que ahora lo han subido.,beauty,positive,0.8163533806800842
2026-09-07,muy bien el producto pero no trae fecha de caducidad pero es normal,home_improvement,positive,0.6940155625343323
2026-07-19,"Auriculares de acabados muy buenos, almohadillas para la parte superior de la cabeza y las almohadillas de las orejas de buena calidad. El sonido deja algo que desear,sonido un poco a lata. Deberian mejorar el sonido de los auriculares los acabados son de auriculares de precio superior. Cierto es que me costaron menos de 15€ en promoción pero aparentan ser mejor de lo que son. El bluetooth a veces falla como lo tengas vinculado a varios dispositivos y debes borrarlos y volver a configurar,un poco engorroso.",electronics,neutral,0.8092361092567444
2026-09-07,El acabado y la versatilidad vale para llevar lo que realmente necesitas bien colocado y es la sensación de la fiesta,luggage,positive,0.8475252985954285
2026-07-06,"A simple vista y tacto, aprecié una cafetera de paredes finas y poco robustas, aunque si funcionara, eso sería lo de menos. El problema fue cuando al primer uso, al rellenar el deposito de agua, empezó a filtrarse por la válvula de seguridad. En ese momento, solicitud de devolución sobre la marcha. No me he atrevido a pedir otra. Me base en la cantidad de compras y buenas opiniones para comprarla, pero no he tenido suerte.",home,negative,0.9979052543640136
2026-08-21,Esta muy bien y a buen precio,beauty,positive,0.9534580707550048
2026-09-11,No lo he recibido todavia,lawn_and_garden,negative,0.9907005429267884
2026-09-04,"Mi modelo es Renault Megane II Cabrio, encaja a la perfección. Cuesta encajarlo pero es lo que se necesita para que no se salga. He puesto una radio 2DIN con el marco que viene con ella y luego este.",automotive,positive,0.7691680192947388
2026-06-24,"El sabor muy bueno, el precio también es muy bueno. No tiene nada malo.",grocery,positive,0.9154598116874696
2026-06-23,"ES UN CLUEDO NORMAL, PERO ESPERABA QUE FUERA DISTINTO Y HUBIERA LLEVADO LAS FICHAS CON LA FIGURA DE LOS PROTAGONISTAS DE LA SAGA... NO ME HA GUSTADO MUCHO",toy,negative,0.8891660571098328
2026-08-01,"Nunca me llegó el producto, pero conseguí que me devolvieran el dinero.",automotive,negative,0.9467800855636596
2026-09-04,Va bien. Estaría bien que tuviese algo de color. Al ser transparente no se aprecia bien a la hora de retirar el producto.,beauty,neutral,0.5000742673873901
2026-07-07,Muy buen producto y muy buena calidad,sports,positive,0.9872174859046936
2026-06-12,No agarra bien las ventosas,home,negative,0.7515760064125061
2026-07-25,"Esta bien para tener todos los garbanzos juntitos en la red, pero para mi gusto es un poco pequeña, comparé otra para poderlo usar en cocidos grandes",home,neutral,0.7909014821052551
2026-06-13,No me sirvió a mi Ford Focus 1.6 2004,automotive,negative,0.8235632181167603
2026-06-23,"Tampoco noto mucha diferencia porque no tengo tanta humedad en casa, pero parece que cumple su función.",home,neutral,0.7547029852867126
2026-08-28,Falla un poco las escuadras por lo demas bien,home_improvement,neutral,0.5575277209281921
2026-09-07,No limpia bien la plata,jewelry,negative,0.8600196242332458
2026-09-13,"Esta muy bien, precio calidad",automotive,positive,0.9149799942970276
2026-06-30,"Uno de los recipientes ha llegado roto y no te dan la opción de sustituirlo, solo te reembolsan el dinero",home,negative,0.9145388007164
2026-06-17,"Soporta 15 kg de peso de caja acústica, no 50 , como especifica el libro de instrucciones . Estilo es uno de sus puntos fuertes Estabilidad correcta siempre que no se toquen o esten en sitio de paso Relación prestaciones / precio , sobresaliente",home,positive,0.6488347053527832
2026-08-01,"Se conecta a la Wifi de manera sencilla, el escáner funciona perfectamente, la impresión no tanto... Pasado un tiempo, se manchó alguna pieza y las páginas salen con algún borrón. Además consume bastante tinta.",pc,neutral,0.8000093102455139
2026-08-23,"No puedo opinar, puesto que todavía no me ha llegado!",home_improvement,negative,0.964939296245575
2026-08-28,"elegi esta valoración porque lo vale!. Me gusta todo del producto, lo único que fallo que no lleva ventosa. Pero es perfecto. Y lo recomendaría a todas la mujeres.",drugstore,positive,0.941056191921234
2026-08-25,A mi me parece que las espinas no son muy rígidas.,home_improvement,neutral,0.7070742845535278
2026-06-13,Es muy delgada y se coloca fácilmente. Buena sensación al tacto aunque es un poco sucia. El envío perfecto. Compra recomendable,wireless,positive,0.8015567660331726
2026-07-29,Me encantó el Pop. Llegó en perfecto estado. Está hecho cuidando hasta el más mínimo detalle. Espero que sigan cuidándolos como hasta ahora.,toy,positive,0.9819082617759703
2026-06-19,De sobra conocido es esta marca para darnos confianza. Hasta la fecha no me dio problemas,pc,positive,0.8974855542182922
2026-07-19,"Muy bueno y el pack tiene muy buen precio,la pega es que la segunda vez que he querido comprarlo ya no estaba disponible :( En cuanto al producto, no he probado otro así que no puedo comparar. Hace lo que dice proporcionarte un día más de pelo con aspecto de limpio, porque limpio realmente no está y luego el pelo a mí me pica porque creo que tapa los poros del cuero cabelludo y eso que yo me echó poco porque sino un bote no dura ni un suspiro.",wireless,positive,0.5532965660095215
2026-09-08,"Las anillas muy bien , pq son de madera pero lo más importante que son las cuerdas y el freno ... El freno NO aguanta nada :( una DECEPCIÓN TOTAL",sports,negative,0.8944934606552124
2026-06-12,La alfombra es muy bonita. Tal como se ve en la imagen.,furniture,positive,0.8728157877922058
2026-07-31,Que es muy práctico.,sports,positive,0.9242159128189088
2026-09-13,Cómo bien dicen el único problema es que la tira roja está un poco desviada y cae .. pero es algo con fácil solución por lo demás calidad precio genial.,apparel,neutral,0.5273505449295044
2026-06-19,Hace ruido y la velocidad 1 no funciona directamente,kitchen,negative,0.974906325340271
2026-08-15,Tal y como se especifica.,beauty,positive,0.8131510615348816
2026-06-09,Fácil de imprimir. Excelente acabado. El paquete llego rápido y en buen estado. Viene al vacío con gel anti humedad.,pc,positive,0.9692823886871338
2026-08-10,"Todo perfecto como en la descripción buena calidad a precio reducido, fáciles y rápidas de instalar, para audi a4 avant b7.",automotive,positive,0.9881150722503662
2026-06-28,No la pude usar porque es extremadamente dura y pesa muchísimo. Hice la devolución.,sports,negative,0.934861421585083
2026-08-17,Le doy 3 estrellas porque los protectores de esquinas para los muebles se caen a la mas minima... es mover la mesita del comedor por ejemplo y ya hay 2 cantos con el protector en el suelo... no sirven para nada a no ser que se le ponga cinta de doble cara. El de enchufes genial.,baby_product,neutral,0.9590942859649658
2026-09-03,"El pedido a llegado perfecto , pero por donde se mete el relleno nórdico está la cremallera para que no se salga el relleno, pero no tiene la hebilla con la que cerrar la cremallera y no sé si eso es así o es un defecto y hay que devolverlo",home,negative,0.6143277287483215
2026-07-22,"Muy bueno, tengo a mi hija entretenida en el coche y también lo usamos en casa.",wireless,positive,0.9785044193267822
2026-08-22,Le medimos la glucosa a nuestro gato dos veces al día y es muy cómodo.,personal_care_appliances,positive,0.8687625527381897
2026-06-16,Me gusta por su acabado y su comodidad para evitar caídas innecesarias del movil,wireless,positive,0.7404626607894897
2026-08-08,"estos guantes estan bien para verano, son chulos y tiene buen material, pero la XL es muy pequeña, más de lo normal.",automotive,neutral,0.6851049065589905
2026-09-07,Muy bonito solo que el color es muy apgado,home_improvement,neutral,0.543998122215271
2026-06-12,Es bonita pero tienes que estar todos los días cargándola y eso es un rollo. Me esperaba más.,home,negative,0.5928415060043335
2026-06-25,es bonito pero las cremallera se han roto rapidamente,shoes,neutral,0.483630359172821
2026-07-22,Lo único que me sirve es la bola. Tire las cuerdas a la basura. Demasiado rígidas y huelen muy fuerte a caucho sintético.,sports,negative,0.9110133051872252
2026-08-24,Bastante blando lo que mejora la comodidad del patín y la facilidad de montaje.,sports,neutral,0.5134843587875366
2026-09-08,Tiene poca presion de chorro. Las luces funcionan correctamente . Hace ruido pero no exagerado. Devuelto,home,negative,0.7544199824333191
2026-07-23,"Lo compré para utilizar unos auriculares bluetooth y la verdad es que de momento funciona sin problema, ninguna queja.",pc,positive,0.935876965522766
2026-06-23,Los libros anteriores estaban mejor. La historia de este libro no me acaba de encajar. Es una opinión totalmente personal y no quiere decir que a otra persona le guste. La encuentro demasiado fantástica para mi gusto.,book,negative,0.8401455283164978
2026-06-16,"Al colocar la pantalla no te deja utilizar el móvil porque el táctil no va. Hemos utilizado una de las dos, que podemos hacer?",wireless,negative,0.8391589522361755
2026-07-27,Muy endeble. No se sujeta bien. No da sensación de seguridad al niño cuando está sentado,home,negative,0.9250354170799256
2026-07-09,Lo he visto más barato en una tienda,office_product,negative,0.7457390427589417
2026-09-17,"Los colores son tal cual se muestra en las fotos y encajan perfectamente con el móvil. La única pega que les pongo es que con el uso (2-3 semanas), las fundas se ponen negras por los laterales.",wireless,neutral,0.7867587208747864
2026-07-23,"Lo he comprado para regalo y al llegar tenía pegado en la portada una pegatina con el precio en grande, imposible de quitar. Vamos, que si lo queréis para regalo olvidados de comprarlo. No sé cómo es el libro porque no lo he leído, pero no tiene mala pinta, aunque no lo compraría para menos 9 años (según lea de bien el niño, puede que algo antes pero no mucho más).",book,neutral,0.5490700006484985
2026-07-12,"Funcionó duante 1 semana, luego empiezo a ir fatalmente.... el precio lo dejo claro...supongo que con un precio asi es lo que toca.",watch,negative,0.9683094620704652
2026-07-28,"De 4 artículos ,1 estaba estropeado. Tras reclamarlo han enviado un foco LED. Nada que ver con lo esperado.",home_improvement,negative,0.9070191979408264
2026-07-09,funciona perfectamente y envio rapido,home_improvement,positive,0.9801915884017944
2026-06-14,Espero que funcione. Dicen que sí.,lawn_and_garden,neutral,0.516972541809082
2026-09-03,Lo he cogido más que nada por el simple diseño y es precio y por ahora está dando buen resultado. Creo que si necesito más volvería a coger.,home,positive,0.7912792563438416
2026-06-05,Me toco coser a maquina uno de los extremos para que se amoldara bien a la bañera Increíble pero siempre hay q sacarla de la bañera despues del baño para q no se llene de moho,baby_product,positive,0.5073562264442444
2026-07-05,"FALLA BASTANTE, AL PRINCIPIO ME COSTO HACERLO FUNCIONAR , ESTUVE A PUNTO DE DEVOLVERLO PORQUE PARECIA QUE NO IBA A FUNCIONAR",industrial_supplies,negative,0.9863508343696594
2026-08-26,Está bien para jugar pero como tablet deja mucho q desear. Es lenta y se le acaba rápido la bateria,pc,neutral,0.4984028935432434
2026-09-01,"Bonitas pero pequeñas,minúsculas",beauty,neutral,0.5771819949150085
2026-09-15,Imanes a secas no me gusta demasiado para el uso que yo le doy. Imagino que para otro tipo de trabajos rendirá mejor.,home_improvement,neutral,0.6913044452667236
2026-08-14,Juegazo. Perfecto para jugar en consola portátil. El único problema que le veo es que debemos tener una micro SD debido a que ocupa 32Gb. Aún así lo recomiendo.,video_games,positive,0.8919910192489624
2026-06-18,lo compre para utilizarla con el compresor y me mandan uno que prácticamente es de juguete es enano no sirve para nada,automotive,negative,0.9899997115135192
2026-08-15,Demasiado tiempo de entrega. Tardaron 20 días más de lo prometido,sports,negative,0.6257087588310242
2026-06-09,"Lo tuvimos que devolver,era muy chulo y parecía de buena calidad,pero el tallaje era enorme...una pena,porque se veía muy bien",sports,negative,0.47397181391716
2026-08-13,"La verdad es que cuando compre estas correas no me daba mucha seguridad. Son muy fáciles de poner y quitar. Pero por eso mismo no me fiaba mucho. Compre 3. La azul Clarita, al mes se soltó. Las otras dos de momento funcionan bien, pero no volveré a comprar las correas con ese mecanismo, prefiero las de los tornillos.",sports,neutral,0.5501105785369873
2026-07-28,Se agotan muy rápido.,beauty,negative,0.6890791654586792
2026-09-16,Ha durado dos meses k casualidad el tiempo de garantía ahora ni lo arreglan y nos lo puedes devolverlo total lo de siempre lo barato al final dos veces caro,wireless,negative,0.9849485754966736
2026-06-17,En dos ocasiones me mandan un espejo usado y dañado un verguenza.,baby_product,negative,0.9852650761604308
2026-09-10,Muy buenas calidad de acabado como todos los productos SONY. Fue un plug and play perfecto para comenzar a jugar,video_games,positive,0.990617334842682
2026-06-07,"En general trabaja muy bien, pero creo que le faltan algunos accesorios, pero bien en calidad-precio, aunque si hubiera accesorios opcionales, como plato de garras y portabrocas para contra punto sería más aprovechable. Nota: con un simple ventilador de fuente de alimentación de ordenador 220-240 V el motor no llega a la temperatura para que actúe el protector térmico.",home_improvement,positive,0.7429171204566956
2026-07-16,"Seguro que posteriores versiones harán de este complemento una alternativa realmente atractiva para sustituir a los auriculares en el ámbito privado. Sin embargo, hoy por hoy adolece de una clara falta de calidad, sobre todo con los bajos, que no se corrige ni ecualizando con las aplicaciones correspondientes. Seguiré alternando entre mis altavoces y mis mis auriculares de siempre... ojalá que con el tiempo lo terminen consiguiendo!!!",electronics,negative,0.8811575770378113
2026-06-13,Me ha gustado la distribución de la tabla y los colores,toy,positive,0.8169276118278503
2026-07-10,"Son como en las fotos. Lo único que veo es que la parte imantada es muy floja, apenas aguanta más que una foto",office_product,neutral,0.6063022017478943
2026-07-12,Lo compre para salir a correr con mi perrita y genial precio y calidad. ahora ya solo es disfrutar de nuestras carreras,home,positive,0.9792400598526
2026-06-09,"Llegó con la tapa estropeada, un poco arañada",jewelry,negative,0.5992971062660217
2026-07-20,Es súper enano el spray limpiador vinilos.y el precio caro. No es el tamaño de la foto.u todo en miniatura.,wireless,negative,0.9278199076652528
2026-06-27,Es buena y llega al día siguiente pero es un plástico duro y hay veces q cuesta mucho operar con el móvil,wireless,neutral,0.6555670499801636
2026-08-05,Correa de pie muy suave. Bonito color al natural y bien rematada en las costuras. Quizás la hebilla sea muy ancha ya que mide 22mm por todo el largo. Pero para relojes tipo military/pilot queda muy bien.,home,positive,0.577673077583313
2026-06-05,"El fallo que tiene es que alumbra demasiado incluso al minimo. Si os gusta la oscuridad plena para dormir, no es una buena compra.",home,negative,0.9280232191085817
2026-06-29,Aún no me ha llegado el correo con el libro electrónico,sports,negative,0.9109529852867126
2026-07-07,Al mes de estrenarlo dejó de funcionar. Afortunadamente pude devolverlo. Compré un reproductor de otra marca.,wireless,negative,0.977436661720276
2026-07-08,"Pues eso, duran muy poco",drugstore,negative,0.721329927444458
2026-08-22,Aunque parece que el mecanismo es demasiado suave deja los dientes muy limpios y no daña las encías. Me ha gustado mucho. Lo recomiendo.,personal_care_appliances,positive,0.9567866921424866
2026-06-08,No me gustó nada se hace como una capa de plástico muy fina en los pies y la sensación de sequedad .,beauty,negative,0.9818679094314576
2026-09-17,"El cesto está muy bien, la tela interior se extrae para poder lavarlo, aunque las tablillas son bastante endebles, creo que si se trata bien no habrá problema. Es muy bonito, igual que la foto, lo recomiendo, espero que os haya resultado útil.",home,positive,0.6971055865287781
2026-08-04,"Es potente y limpia bien, gracias a la cerámica",pet_products,positive,0.8713303804397583
2026-08-25,Es pequeño pero para el niño perfecto. Lo malo que las pilas duran muy poco,toy,neutral,0.5896472930908203
2026-06-17,el casco es bonito y cómodo...pero llegó con un defecto en la pintura,automotive,negative,0.5203877687454224
2026-08-10,Máquina muy funcional y de buena calidad...,personal_care_appliances,positive,0.947628378868103
2026-08-28,"No consigo que se cargue el móvil, la funda si carga pero para transferir de la funda al iPhone nada",pc,negative,0.8659915328025818
2026-07-15,"Demasiado pequeño, es casi de bolsillo.",toy,negative,0.6253551840782166
2026-06-04,Duro aprox. 1 mes. Mes i medio a lo mucho... No se si vale la pena,electronics,negative,0.4873287379741668
2026-07-06,No dura la batería las 3 horas de tiempo estimado por fabricantes. Dura una media hora o 45 minutos,electronics,negative,0.8093424439430237
2026-08-09,"Llevo ya unos meses con él desde la compra y estoy bastante contento. Es una de las opciones más económicas y con mejor calidad/precio que se pueden encontrar, no es muy ruidoso y cero problemas de refrigeración. El montaje es un poco más complicado que con otros disipadores y la base es de plástico pero como digo, por el precio que tiene es una buena opción si no puedes permitirte gastar mucho más.",pc,positive,0.9025295972824096
2026-07-01,"El artículo nunca llegó. Tuve q ponerme en contacto con el vendedor, que emitió un reembolso inmediatamente...Pero yo, sin lápices.",office_product,negative,0.9857926964759828
2026-06-19,"tenia un conector de la mangera de la piscina en una ducha y no lo pegaba, seguia saliendo agua por todos las y en más sitios cada vez",home_improvement,negative,0.8709579706192017
2026-07-31,Es divertido para pasar el rato,video_games,positive,0.5675208568572998
2026-09-16,"Quizá tuve mala suerte pero me llegó sin caja de amazon, con la propia caja de gofres, abierta, golpeada y con la pegatina en medio... la he devuelto y he encontrado la misma por 10€ mas barata en otro sitio...",kitchen,negative,0.9670742750167848
2026-07-24,El producto es tal como dice la descripción pero el embalado y no sé si el transportista es el mejor para este producto. Llego bastante dañado.,home,neutral,0.5808712244033813
2026-07-09,Calidad precio buena,sports,positive,0.807208240032196
2026-08-30,"Tras instalar la pantalla, la imagen no dejaba de temblar. He tenido que volver a poner el LCD roto original y esta no tiembla. Muy decepcionado. La he devuelto.",wireless,negative,0.9900543689727784
2026-08-13,UEN tejido y color muy vivo cómodos,apparel,positive,0.7744061350822449
2026-08-29,"bonito,calido y queda bien puesto",apparel,positive,0.8250099420547485
2026-06-19,Después de poco uso ha perdido la elasticidad y se bajan solos. Cubren bien el frío pero ha perdido sus propiedades muy pronto. Y las lavo como dice el fabricante,sports,negative,0.91456401348114
2026-07-09,Tallaje demasiado pequeño,apparel,negative,0.7871446013450623
2026-08-06,"Regalo para mi sobrina de 5 años, le va perfecto por tamaño. Alucinó con las luces. Un acierto de regalo.",toy,positive,0.9270302057266236
2026-07-15,cumple con lo pedido y su uso es bastante sencillo,drugstore,positive,0.7367578148841858
2026-06-13,"Perfecto! Fácil de usar y limpiar. Cuesta un poquito pillar el truco para doblarlo, pero hecho una vez hecha todas.",lawn_and_garden,positive,0.995834469795227
2026-08-31,Calidad suficiente para el precio,apparel,neutral,0.5005245804786682
2026-07-28,"Venia suelto sin caja, para un niño es poco cómodo y sin pensar en ellos, pues donde lo guardan o juegan con ello.",toy,negative,0.5202853083610535
2026-06-20,"Muy bonitas las cartas, como siempre.",toy,positive,0.9347301721572876
2026-08-31,El mueble llegó antes de la fecha. En lo referente al montaje no lo veo complicado pero es verdad que se tarda un ratillo en montarlo. El mueble tiene picotazos que hay que lijar y la madera viene sin tratar por lo que es imprescindible barnizarlo.,furniture,neutral,0.7879321575164795
2026-08-11,No la he usado lo suficiente para tener una opinión.,wireless,negative,0.4337305426597595
2026-07-31,"La hoja del cúter no corta nada. Fatal. O la llevo a afilar o me es inservible. Lo único bueno que tiene seguro ,por si lo coge algún peque,q no se corte",kitchen,negative,0.9855418801307678
2026-09-13,"Funciona correctamente, las aplicaciones van bien las fotografías decentes. La única pega es que la batería dura poco hay que estar siempre pendiente de la carga, por lo demás bien. Se echa de menos que la pantalla sea un poco más grande, aunque está curvada la imagen no llega a la curva, eso decepciona un poco. Va a ser difícil encontrar un protector de pantalla que se adapte bien por la curvatura.",wireless,positive,0.8681012392044067
2026-07-09,"Ideal para que los niños aprendan a coger el lápiz,",office_product,positive,0.708084225654602
2026-06-01,Apenas habiendolo usado poco más de 5 veces. Ha dejado de funcionar,electronics,negative,0.9753159880638124
2026-06-03,Llevan una goma muy fina por dentro y con mucha presión de agua revientan,home,neutral,0.4890279769897461
2026-08-16,"NUNCA ME LLEGO AUNQUE DICE QUE ESTA ENTREGADO Y NO ME HAN DEVUELTO EL DINERO AUNQUE DIJERON QUE LO HARIAN, DE ESTO HARA UN MES O DOS",beauty,negative,0.9944128394126892
2026-08-31,está bien el producto aunque daros cuenta de que no es D4 son más pequeñas. llegó en el tiempo determinado,office_product,neutral,0.6137310862541199
2026-08-01,Es un buen producto calidad precio,kitchen,positive,0.7408419251441956
2026-08-02,Justa justa...muy justa . Si sólo es para el portátil...ratón y poco más genial. Me hubiera encantado si fuera más amplia,pc,negative,0.5534194111824036
2026-06-25,Una pena que no sean imantadas. Por lo demás buen material y duradero si se utilizan correctamente.,home_improvement,neutral,0.6340650320053101
2026-07-26,no ha durado ni un año el verano pasado la utilicé y muy bien y en cuanto la he sacado este año he ido a utilizarla y rota. He intentado hablar con Amazon y resulta que no saben quién me la ha vendido,sports,negative,0.9848857522010804
2026-07-03,"funciona bien para lo habitual, marcos de puertas para tarima flotante...., la unica pega es que la bateria no dura mucho tiempo, recomiendo compara una de repuesto si vas a trabajar a lo largo de una tarde si no quieres tener que interrumpir la tarea esperando a que se recargue",home_improvement,neutral,0.7331886887550354
2026-07-08,"Funda de calidad y tacto agradable con acabado mate, encaja perfectamente en el oneplus 6t, y es bastante plana pero a su vez robusta. De momento muy contento con la compra.",wireless,positive,0.9930365681648254
2026-06-06,"Funda que se acopla perfectamente al teléfono, con una ranura para guardar alguna tarjeta, o el DNI, lo que la hace bastante practica. No le pongo las 4 estrellas ya que el presunto magnetismo que tiene para mantenerla cerrada, apenas se nota, lo que puede hacer que metida en un bolso se abra y se pueda rallar la pantalla. Acabados correctos, y habrá que esperar para ver la longevidad de los materiales.",wireless,positive,0.5867748260498047
2026-07-28,Me lo enviaron y después de esperar unos 40 días no me llegó. Aun asi me dieron la opcion de reenviarmelo o devolucion de dinero.,pet_products,negative,0.960567831993103
2026-07-14,"Muy brillantes, volveré a comprar. Contenta, pero ya podrían incluir más cantidad de las pequeñas",home,positive,0.849419355392456
2026-07-15,Se dice que es acero inoxidable y en un breve plazo de tiempo ha empezado a oxidarse las bandejas. Muy mal.,home,negative,0.9758020043373108
2026-07-02,"Lo acabo de recibir y no lo he leído todavía con mi hija, pero echado un ojo por encima... Cómo no se habla de los Magos de Oriente ni de la última cena???? Creo que aunque sea una Biblia infantil, son pasajes importantes. Los dibujos muy bonitos.",book,positive,0.5044431090354919
2026-07-15,Una camiseta interior simple a un precio muy alto,apparel,negative,0.8469659090042114
2026-07-31,Sirve como cama para un niño .. o un adulto no muy grande .. funcional .. sin mas .. caro por lo que es ..,furniture,negative,0.517798662185669
2026-07-17,Perfecto en apariencia pero algo endeble. A las hora ya estaba doblado. Estaría bien que vienese troquelado porque se hace difícil cortarlo. A mí hijo le encantó,home,neutral,0.5065218806266785
2026-06-21,"A mi hijo le ha encantado, que es el que lo usa",toy,positive,0.9678238034248352
2026-08-19,"La lupa esta bien 2 aumentos, pero es inestable para ciertas posiciones ya que no se le puede poner lastre en la base que a mi me pareció una bandeja y es solo un marco. No la devuelvo porque la caja me llego en malas condiciones y darán problemas.",camera,negative,0.5163387656211853
2026-08-24,"Perfecto, color verde botella igual que las fotos, relieve igual tbn,",home,positive,0.9839444756507874
2026-08-14,Llevo una semana con él y la verdad es que se nota mejor ambiente en casa sobre todo el tema de la alergia por la polución,kitchen,positive,0.8677036166191101
2026-09-09,Apenas pega a la pantalla. Muy malo el profucto,wireless,negative,0.9969035983085632
2026-07-06,Verdaderamente es un libro interesante con un montón de tips para desarrollar las relaciones tanto personales como profesionales. Ahora a poner en práctica lo aprendido!,digital_ebook_purchase,positive,0.9582713842391968
2026-09-07,Esta bien pero es pequeña,sports,neutral,0.5562769770622253
2026-06-19,"Yo queria poner salida de auriculares en un televisor que no la lleva, pensaba que que con este conector lo conseguiria pero no, sin embargo en un portatil si funciona, desconozco por que no me funciono en el televisor",wireless,neutral,0.6659910082817078
2026-06-20,"Al abrirlas me parecieron más pequeñas de lo que esperaba, pero luego estiran y cabe todo. Las uso para compras más pesadas por su resistencia. Único fallo que vengan embaladas en plástico... espero que cambien esto pronto para poder recomendarlas.",kitchen,neutral,0.6933098435401917
2026-07-27,Trae muy pocas proyecciones navideñas,home,negative,0.5466756820678711
2026-06-18,"La idea es muy buena y queda muy bien una vez que has conseguido cerrar las cremayeras. Pero es eso lo que más cuesta, cerrar las cremayeras de los dos lados, cuesta muchísimo, por lo que pierdes mucho tiempo en cerrarlas",luggage,negative,0.5045683979988098
2026-07-17,Me dejo de funcionar así sin más,wireless,negative,0.9575515389442444
2026-09-13,"Lo había comprado para cubrir unas cenefas demasiado infantiles en el cuarto de mi hija, las hemos sustituido por este espejo al que hemos pegado mariposas de colores encima, queda bastante aparente. Buscaba algo brillante y adhesivo sobre el que pegar las mariposas, como espejo, desde luego, no vale. Se me olvidaba decir que pega perfectamente, y es fácil de recortar recto porque lleva la parte de atrás con un cuadriculado para facilitar el corte.",home,neutral,0.7024093270301819
2026-07-19,La conexión HDMI me da problemas. He probado con un par de cables y con todos provoca interferencias en el monitor.,wireless,negative,0.7990953326225281
2026-06-14,"Siento decirlo, pero es una decepcion de producto. Las puas que lleva para poner las herramientas no quedan bien encajadas y caen con facilidad, no os lo compreis. Al final los tire a la basura y me hice uno con unas alcayatas i unos clavos.",home_improvement,negative,0.9702550768852234
2026-06-15,Precio excelente y producto muy bueno,home,positive,0.9742140173912048
2026-07-01,"Se lo vi a mi hermana en casa y me encantó. Así que le pedí el link del producto. Cuando llegó a casa no pude resistirme y lo puse en funcionamiento enseguida. El diseño es fantástico, es un producto que apenas ocupa lugar y pega casi con cualquier decoración de la casa. Además el rollo de las luces mola bastante para darle un ambiente distinto según la estancia donde lo quieras poner. Es muy fácil de usar. Destapas la parte de arriba, llenas de agua hasta la marca y echas unas gotas del aroma que quieras (no incluído en el producto), cierras la tapa y le das al primer botón de la derecha. Dispone de 3 botones para encender el difusor para cambiar de color y para conectar el teléfono móvil con el bluetooth.",home,positive,0.998506247997284
2026-06-01,"En tan sólo 9 meses la batería ha muerto, no aguanta ni un corte de pelo entero, posiblemente haya creado memoria o algo parecido . La he estado usando este tiempo una vez cada 15 días aproximadamente, con lo que posiblemente la batería sea defectuosa. Por lo demás funciona muy bien.",personal_care_appliances,negative,0.7960932850837708
2026-07-24,Es muy pequeño y no lleva extensiones. Para un telescopio grande queda justo.,camera,negative,0.7837541103363037
2026-06-03,"Buena calidad,quizas algo caro para lo que es",luggage,neutral,0.5532152652740479
2026-06-16,"Son bonitos y buenos ideales para niñas, me gustan",jewelry,positive,0.8512107729911804
2026-08-26,Fatal! No ha funcionado bien ni un invierno. A menudo perdía la conexión con la app desde el primer momento y había que esperar a volver a casa para reiniciar. no puedes hacer uso desde fuera de casa al fallar y después de unos meses solo funciona manualmente. Fatal,home_improvement,negative,0.9984564781188964
2026-07-27,Es como se describe. Me sirve perfectamente,baby_product,positive,0.901369035243988
2026-08-14,"Referente al articulo todo corresponde a la descripción que se hace del mismo. Unicamente quiero prestar mi queja en el modo de envío, se hace a través de Correos, que en mi pueblo tiene un horario muy restringido y me representa un problema el tener que recogerlo. Solo trabajan por la mañana y no tengo posibilidad de recogerlo por la tarde como en otras empresas de paqueteria. En Amazon se tendria que tener la posibilidad de escoger la empresa de paqueteria a la hora de realizar un pedido.",electronics,neutral,0.5936962366104126
2026-06-12,Me ha gustado lo bien que pintan y con las dos puntas puedes hacer trazos anchos y finos.,kitchen,positive,0.8984647989273071
2026-08-13,Lo pedí el día 3 de Octubre y me llegó 20 día después...... para mí mucho tiempo...,home,negative,0.7476170659065247
2026-09-04,"Son perfectas me han encantado muy buena calidad, contacto con la piel excelente las recomiendo sin ninguna duda",beauty,positive,0.9936767220497132
2026-06-16,"Le faltaban las perchitas, pero me las mandaron. El producto bien, pero venía muy mal embalado y no en su envoltorio original que era como tenía que venir, como si ya estuviese abiero",furniture,neutral,0.5068665742874146
2026-08-11,"La carcasa en sí está muy bien, la terminación del producto y el color están muy bien... Pero, es super deslizante, siempre tienes la sensación de que el Móvil saldrá volando... Por esto no llega a 5 ✨",wireless,neutral,0.6915358901023865
2026-09-10,Bueno decir de antemano que el cable NO ESTA APANTALLADO (blindado) por lo demás bien buena calidad precio y me solucionaron el problema rápido por el tema de no estar apantallado,pc,neutral,0.4808167517185211
2026-08-15,tal cual la descripcion.buen regalo . Las lazos para unir las tres piezas algo sencillas pero para niños entre 1 año y 2 años va perfecto,toy,positive,0.93306964635849
2026-06-24,"La bolsa se salen los tirantes, los he tenido que pegar con celo",toy,negative,0.8804271817207336
2026-06-28,"La compré porque me gusta leer por las noches y mi Kindle no tiene luz, de esta forma no molesto a mi marido. Llegó el día que me dijeron y aunque todavía no la he utilizado, tiene buena pinta. Por eso le pongo solo 3 estrellas. Es muy ligero y tiene un buen agarre al libro",home,neutral,0.985221803188324
2026-06-08,es como pone en la prescripción. de aluminio bastante resistente. mi yi accion encaja muy bien. le pongo tres estrellas por culpa de correos. no del producto.,camera,neutral,0.9861506819725036
2026-08-31,Cómo se ve en la foto,wireless,positive,0.696169912815094
2026-07-06,Perfecto para lo que necesito,pc,positive,0.9566587805747986
2026-08-29,"Son de mala calidad, soy mecánico y nada más ponerlo se rajo uno, y otros dos se salieron por un camino y se perdieron.",automotive,negative,0.9968041181564332
2026-06-08,Son cómodos y parecen efectivos.,beauty,positive,0.8533801436424255
2026-07-28,"Con muy poco uso ya se han roto lenguetas de contacto del vaso. Son piezas débiles, mal diseñadas. Servicio posventa complicado",kitchen,negative,0.9512542486190796
2026-07-30,"De 4d nada de nada, es un rímel de lo más normal",home,negative,0.4328671097755432
2026-07-20,"Aunque al principio, cuando las recibí le di 5 estrellas , aunque eran bastante más pequeñas de lo q esperaba. Tengo q decir q no duran nada, las probé un par de veces y bien , pero el día q quería tenerlas encendidas un buen rato no funcionaba ninguna. Un desastre",home,negative,0.98337721824646
2026-06-28,Está muy chulo aunque todavía no lo he probado en la piscina.,watch,positive,0.745699405670166
2026-08-31,Muy buenos y cómodos pero no son Aptx,electronics,positive,0.7092483639717102
2026-09-09,Buenos materiales y encaja perfectamente. Muy bonita y se le ve resistente.,wireless,positive,0.9683396220207214
2026-07-11,Se rompió enseguida y aunque la sigo usando se ha roto por varias partes. Creo que puede ser por no ser específica para un solo modelo de iPad,wireless,negative,0.7548682689666748
2026-09-08,El producto está muy bien.,luggage,positive,0.8780148029327393
2026-08-03,"Una cartera suave, buena calidad, con muchos compartimentos, las monedas están seguras con su cremallera, sitio para poner las fotos de tus peques y la documentación, grandes espacios de almacenaje. La uso ya para diario, ya que la puedes y debes llevarla contigo. Muy contento con esta cartera",luggage,positive,0.9801631569862366
2026-06-27,"Calidad/precio,está muy bien,es fina y bonita,tiene una iluminación bastante buena",lawn_and_garden,positive,0.97869473695755
2026-08-02,"Funcionaba normalmente, de pronto dio una pequeña explosión y dejo sin funcionamiento a mi portátil. Lo he tenido que llevar a reparar y su reparación ha sido cara. Es una pena que un producto que vende Amazon ocasiones estos destrozos. Ahora espero que la empresa del cargador se haga cargo de los daños ocasionados.",pc,negative,0.9205833673477172
2026-06-17,"si quieren mi opinión de este producto,De este producto , solo que es una pésima compra ya que el palo de la fregona no me a durado mucho el palo que hace girar la mopas no gira hacin que a la basura",home,negative,0.9462024569511414
2026-08-12,"Me ha gustado bastante, son decorativas y sirven muy bien para la infusiones",home,positive,0.9170071482658386
2026-07-03,Bien pero no ocupa toda la pantalla ni las esquinas...,wireless,neutral,0.6115120053291321
2026-08-23,Succión débil pero va bien para esos rincones en donde no se puede acceder.,kitchen,neutral,0.6370974779129028
2026-08-16,",Literariamente hablando el libro es más bien sencillo pero la historia que cuenta es tan impactante que merece la pena leerlo. No es muy voluminoso y se lee muy rápido, la historia que cuenta te atrapa desde el principio",digital_ebook_purchase,positive,0.923245131969452
2026-08-31,"La figura perfecta, la única pega, que creo que tiene la tara de que no se sostiene de pie, ya que tiene una pierna torcida, pero como yo lo tengo en caja, no me importa.",toy,neutral,0.5389984250068665
2026-06-29,"La bandera en si está bien pero el tejido con el cual esta cosida no se ve muy bueno, se ve demasiado frágil para lo que cuesta.",home,negative,0.6590316295623779
2026-06-13,Simplemente excelente....suelta la tinta al 100%. me encantó...,office_product,positive,0.9905616641044616
2026-07-16,"No hay más que decir, perfecto, pero muy frágil a los cambios de temperatura, con un poco de humedad en el ambiente, ya se empaña",watch,neutral,0.5651750564575195
2026-07-05,"La calidad de la tela un poco baja por su durabilidad, por lo demás muy bien balanceado con",apparel,neutral,0.7436227202415466
2026-06-06,Solo me ha durado 3 años usándolo diariamente. Lo recomiendo para una segunda vivienda pero no para un uso diario.,furniture,negative,0.8070585131645203
2026-08-21,Llego bien y buen funcionamiento,baby_product,positive,0.8684176802635193
2026-08-08,"Ya habia comprado anteriormente el izquierdo y fue perfecto, pero en este( derecho) distorsiona la imagen en el angulo superior izquierdo, el mas pegado al coche, resultando un poco incomodo. Es como si tubiera un fallo el espejo. El resto bien. Cumple su funcion, es calefactable y muy barato por eso le doy las 3 estrellas.",automotive,neutral,0.9877053499221802
2026-07-17,"Tenia dos cajas enormes de cosillas de ofina y demás. He metido aqui lo justo y necesario y me he quitado dos cajas de encima. Tiene pinta de muy resistente, la unica pega que para que entren doce por cara tienen que ser finos.",office_product,neutral,0.5855144262313843
2026-06-25,"Varias bolas incluidas, la cinta es lo más endeble pero se ajusta bien. Divertimento que mejora la coordinación y los reflejos. Es un rollo cambiar para otra persona de distinta altura y diámetro de cabeza.",sports,positive,0.7043563723564148
2026-08-05,"El producto es lo que explica, medidas para las ruedas que vale, resistente y de buena calidad. Merece la pena la compra de esta camara",automotive,positive,0.971461534500122
2026-06-10,Todos los botones tenían algunas perlas sueltas,home,negative,0.7473084926605225
2026-07-26,Deja el pelo amarillo. Muy feo.,beauty,negative,0.9781104922294616
2026-06-30,"Me lo llevo con casi problemas comunicarse con el fax,no les admiten. Y las tintas de su fabricante EPSON me lo han engañado que me dicen que no es original.",pc,negative,0.9616137742996216
2026-09-17,"No se recibe en fecha. Yo a los dos dias de retraso llamé y me dijeron que estaba retenido, tube que solicitar el reembolso del dinero y nunca he visto el bikini.Una pena pq parece bonito.",apparel,negative,0.9853036403656006
2026-06-05,El repuesto de mi cafetera era tal y como aparecia,kitchen,positive,0.702039361000061
2026-07-03,"PLASTICO MUY FRAGIL, NO RESISTE CAIDAS NI GOLPES Y LA BATERIA DURA MUY POCO. NO ES APTA PARA TRABAJAR. ESTA BIEN PARA LLEVAR EN EL COCHE PARA UNA EMERGENCIA O PARA LA CASA. EL IMAN TIENE POCA FUERZA. LA BATERIA ES EXTRAIBLE Y SE PUEDE CAMBIAR CON FACILIDAD.",wireless,negative,0.8290174603462219
2026-08-04,"Son las autenticas cool de toda la vida,lo malo que ay que pedir un numero mas porque suelen venir pequeñas,yo mi caso tengo el 43/44 y me toco cambiarlas por 45/46",shoes,positive,0.7783710360527039
2026-06-18,"Llegaron bien de tiempo, vinieron bien y bien hechos. son muy bonitos y vienen varios colores para combinar. Además viene con un expositor como los de las tiendas así que puedes tenerlo como decoración también.",jewelry,positive,0.917128562927246
2026-09-04,"Muy buena tinta, volveré a pedir",drugstore,positive,0.933699667453766
2026-07-19,"He recibido el libro sucio y deteriorado, mi primera experiencia negativa desde que utilizo Amazon.",book,negative,0.983485460281372
2026-06-11,No se ajusta bien. Enseguida las costuras se han descosido.,home,negative,0.9147891998291016
2026-08-24,"Al abrir el libro la goma debería estar en el otro lado, en la otra tapa, para sujetarlo abierto.",wireless,neutral,0.6330721378326416
2026-06-26,"Después de 2 meses de uso, sigo muy contenta con el pc, no me arrepiento de haberlo comprado.",pc,positive,0.988468587398529
2026-08-02,Es bonito y está bien como complemento,watch,positive,0.4870296120643616
2026-08-28,Deseo que me hagan la devolucion de mi dinero por la cual se me cobró por dos libros en la cual solo pedi uno y llego conforme y a los dos dias llego otro libro cosa q no lo acepte a los señores de DHL porque no lo pedi sin embargo me cobraron y ahora deseo la devolucion de mi dinero de un libro que no pedi,book,negative,0.9425208568572998
2026-08-25,El material es algo endeble y las puertecitas quedan medio abiertas pero cumple su función y ha quedado muy bonito detras de la escalera,furniture,neutral,0.8055999875068665
2026-07-29,"El ratón me ha gustado mucho es muy cómodo y se adapta perfecto a la mano, los materiales son de buena calidad y las luces RGB quedan muy bien, ideal para gamers llevo una semana con él y encandado",wireless,positive,0.9939768314361572
2026-06-27,"no es muy interesante, eso si te permite seguir utilizando el cafe que te gusta de siempre y tendria que tener mas pegatinas y asi poder volver a utilizar.",kitchen,neutral,0.6525282859802246
2026-07-19,"Estimado proveedor, he tenido un problema con la flauta y es que la llave que debe cerrar para que suene la nota re no cierra bien y por lo tanto no suena el sonido re. He hablado con mi profesora y me ha indicado que la flauta necesitaría un ajuste de esta llave. Como se encuentra en garantía, espero sus instrucciones para poder hacer este ajuste, gracias",musical_instruments,neutral,0.6499845385551453
2026-08-16,"Correcto, buena calidad precio, cumple con lo esperado.",toy,positive,0.8382415771484375
2026-07-03,Me gustaron mas las que pedí la otra vez. Tenían más agarre y tenían más resistencia al desgaste. Pensé que al pedir el mismo producto me iban a enviar las mismas. De todas formas ninguna de las dos veces me enviaron unas conteras que tendría el dibujo que se ve en la imagen.,drugstore,neutral,0.4790659248828888
2026-09-06,"Se acaba rompiendo, llevo 3. Vale la pena el original",electronics,negative,0.5384089946746826
2026-09-13,"Iba la talla un poco grande y es menos elegante que lo que parece en la foto, finalmente lo cambie. Entrega y devolucion muy rapida",apparel,neutral,0.616273820400238
2026-09-07,"Calidad regular. Plástico demasiado endeble que a pesar de ajustar bien no pasa desapercibido. Ha durado 1 semana puesto, con un mínimo enganche en la ropa se rompen las patillas",pc,negative,0.9459705948829652
2026-06-01,Tal y como aparece en las fotos,baby_product,positive,0.9093050956726074
2026-06-21,"Me encanta el olor que puedo decir, espero que un día pueda llegar a mejor precio a España. Muy caro para un suavizante.",drugstore,neutral,0.5711588263511658
2026-07-25,"El producto cumple con su objetivo, que para mi era quitar de la vista lo que hay detrás de la puerta del lavadero.",home,positive,0.5165988206863403
2026-06-06,"casi todas las lijas son finas, del resto de medidas prometidas... de medida intermedia solo cilindros grandes y de medida gruesa solo cilindros pequeños. todavia no los probe, pero no se ven muy buenos. encima, el sabado me quede en casa esperando toda la mañana, hasta que casi a las tres de la tarde me llega un mensaje de que no pudieron ponerse en contacto para la entrega, (se les estropearia su telefono, ya que al mio ni intentaron llamar) asi que al final a recogerlo a correos...",home_improvement,negative,0.8203673362731934
2026-08-31,La máquina hizo su función pero solo una vez y ya tuvimos que añadirle unas arandelas a la manilla porque perdió rosca es para cantidades pequeñas es pequeña,home,negative,0.5797223448753357
2026-08-20,"Me gusta el tamaño de los platos, pero no sé ven tan bonitos como en la foto, son menos blancos. La vajilla no es de muy buena calidad, pero por el precio tampoco esperaba gran cosa. Llegó un plato llano roto. No lo descambie porque ir cargando con la vajilla a correos me pareció un engorro, la estafeta de correos no me queda muy a mano.",home,negative,0.8945709466934204
2026-08-08,"Para lo que me costó, esta genial",beauty,positive,0.7599811553955078
2026-09-03,"Compre este pack de acrilico para pintar piezas impresas en 3D. Estoy empezando en el mundo de las miniaturas pero los pinceles parecen de una calidad aceptable. Es cierto que la pintura no cubren igual de bien que otras de mejores marcas, aunque cumple con su cometido por el precio que tiene. Lo recomiendo para los que esten empezando como yo.",home,positive,0.6515334844589233
2026-06-05,"No ha sido entregado, al menos, al destinatario correspondiente. Pone que ha sido entregado el lunes y aquí no llegó nada.",wireless,negative,0.9923458099365234
2026-09-10,El sonido deja mucho que desear aparato bueno,other,neutral,0.5946710109710693
2026-06-03,"Tras la buena experiencia con mi band 2 que aún la tengo pero no me he podido resistir a tener la mi band 3 ya que viene aún más completa: La pantalla es más grande y táctil Más capacidad de batería Mejor sistema de notificaciones Ritmo cardiaco mejorado. A parte de las funciones anteriores como (alarma, actividad física, sueño etc) me ha gustado las mejoras como son: El cronómetro. El iniciar una actividad pulsando solo la mi band en vez de ir a la aplicación mi fit. Poner el móvil en silencio, algo muy cómodo cuando estás reunido y te das cuenta que el móvil te puede sonar y simplemente con la pulsera poner el móvil en silencio. Notificaciones del tiempo de 3 días. Realmente muy contento ya que por poco dinero tienes todo en una pequeña pulsera.",sports,positive,0.9963171482086182
2026-07-23,"El afilado es normalillo, pero el problema que tiene es que cuando utilizas la pestaña trasera para levantar la corteza se te pliega la hoja, Un bloqueo le iría bien.",home_improvement,neutral,0.5457876324653625
2026-06-23,"Lo compré para una niña de 8 años y la verdad es que es imposible que sepa las preguntas, son difícil de saber hasta para un adulto, lo recomendaría para niños y niñas de 12/13 años y aun así hay preguntas que no sabrían.",book,neutral,0.4850794076919555
2026-09-09,"El cristal es mucho más pequeño que la pantalla del móvil. Por lo que deja todos los bordes al descubierto, así que proteger no protege nada. Si lo quieres devolver tienes que hacerte cargo del importe de la devolución, el cual es la mitad del producto. Por lo que te queda sin producto y habiendo pagada la mitad.",wireless,negative,0.9900817275047302
2026-07-23,"Si estás buscando una funda acorde al tamaño de un Tom Tom, olvídate. Demasiado grande. Me recordó a las fundas para guardar los CD's. Cabe perfectamente, el Tom Tom, su cargador, accesorios y todo aquello que quieras guardar.",wireless,negative,0.5248804092407227
2026-07-07,No es para nada como parece,wireless,negative,0.8951849341392517
2026-08-13,"Son agradables al tacto, tal y conforme se indican, y son cómodas, el problema es la cintura, llega casi por debajo del pecho, es muy muy incómoda, se nota que sobra tela. mi hija es muy alta y le pasa lo mismo, tiene demasiado tiro.",apparel,negative,0.5844550728797913
2026-08-13,Funda muy buena calidad-precio el único problema es que la parte de las cámaras y sensores frontales se ensucia y hay que desmontarla para poder limpiar (si no no funciona el Face ID correctamente).,wireless,neutral,0.5475456714630127
2026-08-22,"Compré dos y las dos se rompieron después de dos meses de uso. Muy mala calidad de los materiales, por lo demás parecía cumplir su función de filtro...",sports,negative,0.9912350177764891
2026-06-17,"Es una chaqueta de invierno, y no de otoño o primavera, es de un material muy rígido, no como parece en la foto de algodon flexible y maleable.",apparel,negative,0.7838130593299866
2026-08-24,"La calidad no está mal del todo, pero las medidas no están bien acogida a lo ancho no se ajusta bien y es muy difícil colocar. Se ve bien una vez puesta y quitadas le burbujas",wireless,negative,0.495758056640625
2026-08-17,No lo compraré no es lo que me esperaba difícil de usar no es práctico,home,negative,0.9344798922538756
2026-08-12,"Quedan un poco flojas, pero bastante bien para el precio",home,neutral,0.6417774558067322
2026-09-18,"He tenido que devolver el producto porque no funcionaban los valores de humedad, aunque es cierto que la temperatura la detectó en el momento, siendo bastante fiable.",furniture,negative,0.6362167596817017
2026-06-01,"Me dicen que ha llegado a casa el paquete, pero a mi no me han avisado la compañía de que venía mi casquete y ustedes me dicen que el paquete se ha dejado en un buzón de correos. Es coña? Ahora me tengo que buscar la vida para saber en qué buzón de correos está. Me parece ridículo y vergonzoso",home_improvement,negative,0.975981831550598
2026-07-21,"Transporte de 10 Correa tal como de anuncia, buena calidad. La volvería a comprar.",sports,positive,0.9296839237213136
2026-07-15,perfecta para trabajar de pie i apoyado... eso si solo apto para traseros pequeños.,home,positive,0.8435409069061279
2026-08-16,"Mi hijo está enganchado a él. Cuando se despierta directo a jugar. Además, una cosa que me guata mucho es que se activa cuando el niño llora.",toy,positive,0.9035423994064332
2026-06-04,"Es muy Bonita, pero al mes ya se me rompió en una caída. Al menos, protegió el teléfono",wireless,negative,0.5210162401199341
2026-08-01,"No lo recomiendo por qué una vez colocado en la pantalla, a contra luz con la pantalla apagada se ve la pantalla con puntitos haciendo cuadrados.",home,negative,0.9883216023445128
2026-08-04,"Está bien, pero no es adecuado para mi televisor. Lo he tenido que devolver por este motivo. No puedo decir nada malo, porque es algo que no ha funcionado por falta de compatibilidad.",pc,neutral,0.5689015984535217
2026-09-12,Hace muy poco que tengo las batería y no se realmente el resultado de momento funciona bien y llegó en el día señalado incluido un detalle ya contaré más,electronics,positive,0.8670347332954407
2026-07-02,"Llegó en tiempo y bien, un libro recomendado para que vayan comprendiendo los cambios que van a tener en la pubertad.",book,positive,0.5553401708602905
2026-07-04,"Todo correcto, pero no sé instalarlo, necesito pata un pequeño motor de 12v",home_improvement,positive,0.6085787415504456
2026-08-31,En la descripción indica todo tipo de cocinas y en cocina de induccion a mi no me ha ido.,home,negative,0.7727572321891785
2026-09-03,Se adaptan perfectamente los diferentes soldadores y quedan muy estables.,industrial_supplies,positive,0.9718905687332152
2026-08-11,"No merecen la pena, tardan muchísimo en cargar y nunca terminan de cargarse por completa. Se supone que cuando finaliza la carga las luces del cargador se apagan y no lo hacen. Ademas se calienta demasiado, lo cual obliga a estar pendiente en todo momento de las pilas por precaución. No las recomiendo, es mejor pagar algo mas y comprar un cargador rápido.",electronics,negative,0.973274827003479
2026-07-09,Buena calidad precio,luggage,positive,0.7010223269462585
2026-06-26,Me vino como sucio no hubo manera de limpiarlo. La tira larga una chufla horrible de fea.,shoes,negative,0.9727282524108888
2026-07-04,"Muy suave y encaja perfectamente, protege muy bien al reloj",sports,positive,0.96918386220932
2026-07-24,"Muy cómodas, muy ligeras, pero si les das mucho tute.... mmmm no duran tanto como otras, pero bueno. Están bien para trabajo en almacén, para la calle según el uso.",industrial_supplies,neutral,0.7790763974189758
2026-06-03,"A ver, parto de la base de que el precio era muy competitivo. Sin embargo la boca del vaso ajusta tanto la cabeza de la escobilla, que siempre acabas mojando el borde cuando la guardas. Además, la ""guarda"" del mango es muy sucia. No está mal del todo pero seguro que hay opciones más utilizables.",home,neutral,0.743093729019165
2026-07-20,"La luz trasera es de menos a mas intensidad, pero no tiene la función de intermitencia.",sports,neutral,0.5901402235031128
2026-06-12,Tipico articulo que ves videos y parece facil usar y luego no hay forma de que a ti te quede igual de bien colocado,home,negative,0.5348408818244934
2026-08-04,"Llevo tiempo queriendome comprar el sofà y ahora que lo tengo no me arrepiento.. Me gusta muchisimo, para llevarlo a la playa es perfecto, es fàcil de usar y es muy ligero a la hora de transportar! Recomendado 100%",furniture,positive,0.9937210083007812
2026-07-24,"Junto con un Logitech G403 desconozco realmente si debería permitir que se deslizara un poco el cable o únicamente lo debe dejar fijado. Lo que no es entendible es su elevado precio, totalmente exagerado.",video_games,neutral,0.5854530334472656
2026-09-16,"Sonido bien pero la paletilla detrás de la oreja aunque se le puede dar la forma de la oreja no se mantiene ese ajuste , no se si con el tiempo dándole es ajuste deseado todos los días termine por romperse,",electronics,negative,0.6489772796630859
2026-06-05,"El pedido llegado rápido pero faltaba tornillos y la silla no es muy estable q esperaba yo,el asiento es poco duro.",home,negative,0.5182328820228577
2026-09-02,"No es como la personalización,tiene algún fallo,me vale,aunque por ese precio tampoco se puede pedir que sea perfecto,es lo que tiene comprar en internet.",home_improvement,neutral,0.4995293915271759
2026-09-02,Buena construcción y buena sensación en la mano,video_games,positive,0.9567596912384032
2026-07-27,"Bueno, pero se ha roto en 30 dias.",wireless,negative,0.7337383031845093
2026-06-17,Llegaron bien. La única pega es que el diámetro de la pinza tiene una medida que no coincide con mi multímetro y he tenido que ajustarla (con unos alicates) aunque no quedan todo lo ajustadas que deberían. Pero hacen su cometido.,industrial_supplies,neutral,0.7486260533332825
2026-07-17,"Los accesorios son muy útiles para alfombras y para alcanzar a los rincones, no obstante, desprender del aspirador las piezas mayores cuesta bastante esfuerzo.",kitchen,neutral,0.8240902423858643
2026-06-23,"La imagen está bien pero el sonido es pésimo ,se oye como si estuviera metido en una lata",other,negative,0.8761604428291321
2026-08-18,"No es impermeable, porque la humedad propia de la noche traspasa la funda de la carpa.",lawn_and_garden,negative,0.5807965397834778
2026-09-09,Bonito detalle y con una aceptable calidad,toy,positive,0.7517414689064026
2026-08-24,"La calidad es la de nuk, muy buena, pero me arrepiento. Los cereales no pueden darse con esta tetina porque se atasca. Además después de informarme he visto que no es bueno alimentar en biberón salvo la leche. Lo usaré para la leche cuando el bebé sea mayor, aunque es mejor cambiar a vaso lo antes posible.",baby_product,neutral,0.4840146601200104
2026-06-14,Me ha gustado su tamaño y y no me ha gustado su endeblez,sports,negative,0.4697789549827575
2026-08-05,"No son garantia de por vida, se acaban rompiendo en unos años, el conector acaba sin encajar bien en el movil",wireless,negative,0.923979640007019
2026-08-14,Me llego muy rápido el cristal... pero de templado no tiene nada... se lo coloqué y en menos de 1/2 día sin caídas se agrietó en la parte de arriba... lo tenia en el bolsillo. Es mejor pagar un poco más por uno de mejor calidad,wireless,negative,0.7961800694465637
2026-07-21,Es como los que venden en cualquier superficie comercial pero muchísimo más caro sin que haya una calidad diferencial. no se justifica.,home_improvement,negative,0.7677007913589478
2026-09-11,Las teclas no se corresponden. Escriben simbología diferente a la que viene marcada.,wireless,negative,0.9655877351760864
2026-07-08,"En princio bien, a los pocos dias se empaño aunque el funcionamiento es correcto",pet_products,negative,0.6075505018234253
2026-08-03,"Buena silicona al tacto, la vibración deja mucho que desear, pero en general esta bien. El producto en si es recomendable .",drugstore,neutral,0.7147384881973267
2026-09-06,"POR EL PRECIO TAMPOCO SE PUEDE PEDIR MUCHO, PERO SON UN ZARRIO, ME HAN SERVIDO PARA LO QUE QUERIA PERO HAY QUE SER CONSCIENTES DE LO QUE SE ESTA COMPRANDO",home_improvement,neutral,0.7287787795066833
2026-07-08,"Está bien por 20€ que la pillé en oferta flash. No vale más. El cristal está demasiado difuminado para mi gusto pero están bien acabadas y para conducir están bien, pero dudo que me sirvan para el verano.",sports,neutral,0.6568363308906555
2026-07-20,"Las escobillas y los rodillos bien. En ese sentido salen muy baratos y son buenos. El filtro no es ni parecido al original, apenas cumple su funcion por lo que enseguida da señal de error: aviso de deposito lleno siendo falso y con la consiguiente cancelacion del trabajo.",kitchen,negative,0.5346800684928894
2026-09-06,"Uso autobronceadores para la cara ya que no dejo que me da nada el sol y esta visiblemente mas blanca que el resto del cuerpo. Esto no es un autobronceador, como pensaba, deja color instantaneo en la cara, pero es un color muy artificial. No lo recomiendo, yo lo tengo casi entero porque cada vez que me lo pongo queda tan poco natural que se ve feo",beauty,negative,0.9887730479240416
2026-08-21,"Me ha funcionando muy bien para que no se vieran unos arañazos en unos zapatos, estaban para tirar y ahora se ven nuevos. Eso si he usado negro y eran negros para cambiar de color no se",shoes,positive,0.7492552399635315
2026-06-30,No es la calidad que esperaba. Para mi por este precio hay marcas y productos mejores,office_product,negative,0.6759232878684998
2026-08-18,"No ha sido entregado así como aparece en mi listado de pedidos, espero que se solucione pronto. Un saludo ,",home,negative,0.9405131340026855
2026-08-30,¡Las partes se sienten un poco ruidosas cuando se instalan en la computadora! Todavia un poco lento juego para juego,pc,neutral,0.4966894388198852
2026-07-21,Calidad buena aunque en ocasiones hay alguna interferencia Pero el sonido de la voz es de buena calidad,musical_instruments,positive,0.7356036901473999
2026-08-02,Aparte de que no es como en la foto. Hace bolsa delante. Muy fino,home_improvement,negative,0.8171802759170532
2026-09-06,"Libro muy bonito, ilustraciones preciosas e información interesante",book,positive,0.9540383219718932
2026-07-22,No llego el día programado,beauty,negative,0.8105403780937195
2026-07-08,"Es exacto a la imagen, ahora hay que probarlo si funciona o no.",automotive,positive,0.6693293452262878
2026-09-05,ENVIEN MI PRODUCTO Y SABRE QUE OPINAR,home,positive,0.4333459734916687
2026-08-27,Es muy bonita y se adapta a mi edredón perfectamente. La única pega que le veo es que se queda abierta por la parte en la que metes el edredón. No lleva ningún sistema de cierre. Por lo demás bien.,home,neutral,0.7728619575500488
2026-08-18,Sencillas pero bien de precio,automotive,neutral,0.6421641111373901
2026-06-30,"El color no es como el de la foto, vienen los palos y la cuerda para colgarlo separados para que lo adaptes tú. Los compartimentos son un poco pequeños, en la foto parecen mayores. Pero bueno por el precio que tiene no podemos pedir más!",baby_product,neutral,0.821853518486023
2026-09-14,Buena relación calidad-precio. Llevo 1 mes durmiendo con el y de momento ningún problema.,home,positive,0.9485522508621216
2026-07-21,No tiene suficiente potencia como para conectar varios HD. Lo he tenido que devolver y comprar uno parecido con soporte directo de corriente.,electronics,negative,0.8135072588920593
2026-08-20,"Libro de texto, por lo que solo es opinable el correcto plazo de entrega",book,neutral,0.5711966156959534
2026-06-05,"Tallaje pequeño. Hay que comprar dos tallas más, si no te gusta que te apriete. Tejido muy suave al tacto. Mejor lavarlas a mano...una se me ha estropeado en el primer lavado de lavadora. Por eso no le pongo 5*",apparel,neutral,0.5416781306266785
2026-06-29,Muy bien y económico,baby_product,positive,0.976925015449524
2026-06-04,"Las sombras son pequeñas, Pero están bien, fijan bien los colores, bastante repetitivos los colores parece, recibido enseguida, en buen estado",drugstore,neutral,0.6359641551971436
2026-06-10,En este ultimo pedido ha ocurrido un incidente y una de las latas del pack ha llegado rajada y vacía y todas las latas pringosas,other,negative,0.9424511790275574
2026-07-26,"Desgraciadamente, no me ha servido. He limpiado el césped artificial de mi terraza, en donde suele estar mi perra, donde ella, aveces hace pipí. El césped sigue estando sucio, y la combinación de olores, es horrible. No digo q el producto no sirva. A mí, no me sirvió",lawn_and_garden,negative,0.9204216599464417
2026-06-17,"No estaba segura de que se sujetaría bien, pero ha quedado perfecto. Primero pasé unos algodones con alcohol por el azulejo donde iba a ir el estante, lo presioné, y queda genial Es absurdo taladrar una pared cuando lo que vas a colgar pesa poco. Mi única pega, por decir algo, es que quedaría más bonito en blanco que en gris, me refiero a la plaquita, pero bueno ¡lo recomiendo totalmente, es un buen producto! :)",home,positive,0.973389208316803
2026-08-13,Tardó 4 meses en llegarme,sports,neutral,0.478874534368515
2026-06-17,"Una mesa como se describe, útil , de fácil instalación , durabilidad está por ver",furniture,positive,0.724687933921814
2026-08-23,"El hecho de que tiene 3 modos de uso lo hace perfecto para aprender. Utilizándolo en el modo suelo, manejas rápidamente el movimiento. En cuanto al modo agua, es lo mismo que en el modo tierra, pero en el agua. El modo de aire es tan fácil de usar como cualquier mini dron. Juguete muy interesante, recomendado.",toy,positive,0.9848455190658568
2026-08-27,"Ya sabía lo que compraba así que el producto genial y el vendedor un 10, envío rápido y trato perfecto.",sports,positive,0.9887112379074096
2026-08-08,"Solicite la devolución debido a que no funciona bien la temperatura, ha pasado más de una semana y no he tenido respuesta para la devolución ni reembolso del dinero. No recomiendo el vendedor.",kitchen,negative,0.9979490637779236
2026-07-04,Si no fuera porqué llegó roto le pondría más estrellas. Es sencillo pero bonito y entran bastantes revistas,home,negative,0.7147585153579712
2026-06-06,BUENO BONITO Y BARATO YA QUE MIRO TODAS LAS PAGINAS ANTES DE EFECTUAR UNA COMPRA Y SIEMPRE SEGURA AT JAVIER DESDE TARIFA,wireless,positive,0.8286901116371155
2026-07-23,Me ha gustado mucho. He utilizado otros de espumilla y este de silicona que gusta mucho más. Ahora a ver lo que dura.,baby_product,positive,0.969903290271759
2026-08-05,"Son bonitas, pero en una semana se hunde la suela y parece que andas por el suelo. No estoy muy contenta.",shoes,negative,0.8495022654533386
2026-08-16,Especial para roedores pequeño,lawn_and_garden,positive,0.8051903247833252
2026-09-15,"Todo bien, recibido en plazo.",drugstore,positive,0.8753664493560791
2026-07-13,"Me gusta que es un collarin comodo, que realiza su funcion, y eso ya es complicado, cuando se trata de una protesis digamos correctora. Tiene un belcro, que ajustas a tu cuello.Buen material, rapidez en la entrega.",drugstore,positive,0.842483639717102
2026-08-14,"Tengo un portátil de 17 pulgadas y me sobran 3 dedos por los lados con lo que es muy grande. En lo relacionado al material, está muy bien, lo único es el tamaño.",pc,negative,0.5577570796012878
2026-06-23,"Las instrucciones vienen en inglés, imposible la configuración sin ningún tipo de ayuda. No avisa de que sea así. K",sports,negative,0.9795459508895874
2026-07-25,Estaría bien que se pudiera meter en la lavadora,baby_product,neutral,0.4113351106643677
2026-08-19,"De momento funciona perfectamente, no es original de Samsung pero no le veo diferencias. La compré por los buenos comentarios que tiene y me sumo a ellos.",wireless,positive,0.9210293292999268
2026-09-03,La caja y el producto están defectuosos,sports,negative,0.9592341184616088
2026-08-14,"Lo compré para completar un mini pc Beelink. Me gustaba la estética rollo Mac y que no tuviera cables. Al recibirlo y manejarlo, claro...cumple bien, el conjunto se conecta con un USB -incluido- sin problema al Win10 y el look mola, pero salvo que estés buscando esa precisa estética tal vez otros productos sean más interesantes en cuanto a calidad de acabados. Hubiera deseado una terminación verdaderamente metálica en el teclado -y no simulada en plástico- o una mayor finura y tacto de calidad en el ratón. Funciona todo ok e incluye las pilas, pero la sensación al utilizarlo es ""barato"". Honestamente, debería costar algo menos.",pc,neutral,0.8422412276268005
2026-06-16,"Un cubo pequeñito para mi baño pequeñito. Justo lo que buscaba. Tampoco es que un cubo deba tener muchas cosas más, pero estaría bien que llevara algo para que se aguantaran bien la bolsa de plástico.",home,positive,0.76517653465271
2026-06-08,"Muy bueno y carga muy rápido. Lo utilice en cuanto lo recibí, mi sorpresa fue positiva porque me cargo muy rápido el tablet y móvil. Gracias",pc,positive,0.9834498763084412
2026-06-04,El jueves pasado recibí el colchón y lo dejé reposar más de 30h. En principio todo bien hasta cuando fui a vestirlo y m encontré con un agujero y una mancha amarilla en los laterales. Adjunto fotos. De momento sólo pongo dos estrellas hasta q reciba la respuesta del vendedor ya q lo necesito en unos días y ni m da tiempo a devolverlo y esperar a recibir otro,furniture,negative,0.98308002948761
2026-09-12,Muy contento por la calidad de la grifería y a un precio muy ajustado. lo recomiendo sin ningúna duda.El envío fué rápido,wireless,positive,0.985316812992096
2026-06-04,El material es bastante malo y no es lo que esperaba la verdad... Le falta el doble recubrimiento interior... Pero por ese precio creo que fue fallo mío,apparel,negative,0.8304963111877441
2026-07-26,Son tan bajas que mis hijos tocan al arena al sentarse en la silla. Creo que sirve para niños muy pequeños pero no para niños de 12 como los míos,lawn_and_garden,negative,0.8561281561851501
2026-06-25,"Buen funcionamiento,aunque la imagen dista bastante del aspecto real,la visión de los dígitos no es la mejor",furniture,neutral,0.7128655314445496
2026-08-06,Servicio rápido y excelente calidad del producto.,sports,positive,0.9638476371765136
2026-09-04,"No tiene Instrucciones legibles. No salir aprendido o no tener tiempo para averiguar por la red COMO FUNCIONAN las cosas. Es un problema moderno. No sé Chino, ni lo entiendo. Aprendí, destrozando 3 protectores. Lo siento NO ME VALE.",wireless,negative,0.9756630063056946
2026-08-06,"Es un buen complemento de decoración para Halloween. Lo que no me ha gustado es que con el tiempo las calabazas se destiñen, pierden su color original.",toy,neutral,0.7285283803939819
2026-06-27,"Me compré el conjunto de 3 recipientes en abril de 2018. A la hora de hacer el vacío había que tener mucho cuidado en que encajara bien la tapa en el recipiente y en poner la cánula. Cuando había que abrir los botes, una vez extraído el aire, había que hacer bastante fuerza. No obstante, estaba contento con el producto ya que la comida se conservaba muy bien. Sin embargo, al cabo de 7 meses (noviembre de 2018) dos de las tapas dejaron de funcionar. A la media hora los recipientes perdían el vacío. Llamé a Amazon, devolví el conjunto y me lo repusieron. Los nuevos han durado 1 mes y medio. De nuevo, dos de ellos ya pierden el vacío casi instantáneamente. Mi sensación es que el control de calidad de FoodSaver es nulo. La envasadora que tengo (de FoodSaver) me ha funcionado desde hace dos años perfectamente. Pero antes, tuve que devolver dos de ellas.",kitchen,negative,0.9347099661827089
2026-09-01,"Todo bien, pero las gafas que son muy lindas, duraron media hora. Se les salió la patilla. Sin remedio. Y en nuestro caso era el elemento estrella.",toy,neutral,0.3686875700950622
2026-07-02,"Me vino genial para una terraza que tengo, cuando atravieso la puerta siempre me doy de narices hasta que encuentro el interruptor de la luz, pero como esta tiene sensor de movimiento ya enciende cuando accedo y es muy util. No tiene tanta potencia como otras pero está genial para conseguir ver la zona.",home,positive,0.8177343606948853
2026-07-20,"Ha llegado pronto y todo en perfecto estado. Las indicaciones de montaje geniales. El montaje es un poco entretenido, pero no tiene pega. Muy bien.",furniture,positive,0.9646698832511902
2026-07-31,"Muy bueno su uso pero se me rompio un trozo de la silicona, asi sin mas. No es de mucha calidad y la medida me parecia mas grande. Es pequeño",beauty,neutral,0.7236551642417908
2026-07-21,"Es precioso y las cartas tiene unas imágenes muy bonitas,,",book,positive,0.8946613669395447
2026-06-19,"Me llegó en el tiempo estimado. La presentación buena. Pero una vez puesto el cristal en el móvil, tal como pone en las instrucciones y además para más seguridad haber visto unos cuantos vídeos en internet de como instalarlo correctamente, quedan bastantes burbujas imposibles de quitar y los bordes como comentaron otros compradores no se pegan. Un desastre. No lo compraría de nuevo. En serio no lo compréis.",wireless,negative,0.95584899187088
2026-06-21,Funciona bien. Estoy satisfecho. Pero los manguitos reventaron con la presión y tuve que buscar unos decentes. Por lo demás muy bien.,home_improvement,neutral,0.5979167222976685
2026-06-05,"Navaja suiza muy completa y de bastante calidad, para el precio que tiene es buena opción para llevar al campo.",sports,positive,0.6485766768455505
2026-08-21,"el papel es suave, pero es demasiado fino para ser dos capas. Por lo demás bien el embalaje y envío",industrial_supplies,neutral,0.6307390332221985
2026-08-31,Es bastante bueno respecto a que lleva accesorios que son muy útiles. Los bastidores bien relación calidad precio. Aunque me llegó uno roto.,home,neutral,0.5874875783920288
2026-07-12,"Los compré para regalar a una amiga junto con un libro de colorear, así que no puedo dar una opinión bien formada de ellos, pero según lo que dice están bastante bien.",office_product,positive,0.6188125610351562
2026-07-31,Una punta ligeramente torcida pero bien,pc,neutral,0.519632875919342
2026-06-22,Hay otros mas apropiados para los niños. Este requiere bastante de la ayuda del profesor. Tienen que conocer bien el pentagrama y las notas.,book,negative,0.601507842540741
2026-06-21,El producto es tal y como lo describe el vendedor. Su aspecto es bueno y de calidad. Hecho en falta una funda protectora. La tuve que devolver porque me resultaba incómoda.,personal_care_appliances,neutral,0.6868234872817993
2026-08-09,Se calienta picando hielo y huele a plástico.,kitchen,negative,0.8532830476760864
2026-06-01,La calidad del sonido es buena aunque hay que ponerlos siempre por encima del 80 % del volumen. Algunas veces se corta un poco la conexión... Entiendo que es normal en auriculares inhalambricos...,electronics,neutral,0.6949502229690552
2026-06-05,"Muy aceptables y con buen precio. Como yo las tomo en batidos de soja, no me importa que sean pequeñas. Volveré a comprar, aunque desconozco la procedencia y su salubridad.",grocery,neutral,0.556657075881958
2026-09-13,El proyector no está mal por el precio que tiene pero cuando intentas situarlo a 4 metros o más es imposible lograr nitidez en los bordes,other,neutral,0.7419916391372681
2026-06-12,"Duró tres días,muy flojo.",lawn_and_garden,negative,0.931055188179016
2026-08-29,"Una luz muy potente, cegadora en un momento dado si la usas al máximo. La luz blanca y la amarilla se alternan genial. Buen producto.",wireless,positive,0.9787639379501344
2026-07-16,"Es lo que buscaba , pesa poco fácil de montar y calidad precio buena",sports,positive,0.8533379435539246
2026-07-04,Ya se que el precio es el que es. Pero es que he tenido webcams y móviles (baratos) que grababan mejor que esto. Si vais a grabar en condiciones de luz perfectas tal vez... puede ser... milagrosamente... que os sirva. Pero no esperéis una calidad de grabación nítida como alguien esperaría de algo así. Si no mas bien con muchos artefactos y muy granulado. Decidí devolverla.,camera,negative,0.9134831428527832
2026-07-19,"No se ajusta bien al inodoro, queda inestable y al subirse en los escalones el niño se puede caer. Al final lo usamos como orinal sólo.",baby_product,negative,0.913822591304779
2026-08-17,"Es como 4 mm más pequeño que la pantalla. Es incluso más pequeño que la zona iluminada de la pantalla, aparte los marcos negros.",wireless,negative,0.9600391387939452
2026-08-29,La medida para no ajusta bien y eso que ponía que era para el Huawei mate 9. Es más pequeño que la pantalla tanto de ancho como de largo por lo que se acumula suciedad en los lados.,electronics,negative,0.9691078066825868
2026-07-15,"El limpiador es genial, lo único es el precio, cómpralo si no tienes mas opciones. 3 estrellas por el precio. 5 como producto.",toy,neutral,0.6600893139839172
2026-06-27,"La grabadora es bastante pequeña. El tamaño es perfecto para llevarla fácilmente y hace que grabar clases o conferencias sea bastante discreto. La encuentro muy intuitiva de usar ya que tiene además de la pantalla y cara principal, la cara trasera en la que vienen los detalles de cada botón y los diferentes programas. Para el uso que le doy, grabación de entrevistas, clases y conferencias, la memoria que tiene de 8GB es más que suficiente. Y con los diferentes programas de grabado, hace más precisa y tienen más calidad calidad cada tipo de grabaciones.",pc,positive,0.9802963733673096
2026-08-12,"Justo lo que buscaba, iluminan mejor de lo esperado y tienen un buen diseño y acabados, son muy faciles de instalar, lo único que cambiaría son los bordes blancos por otros de color aluminio.",home,positive,0.9937269687652588
2026-06-26,"Esta siendo útil , pero no se adapta a mi movil, en el sentido de que no es el modelo que esperaba, puesto que mi iphone es el SE y me mandaron una del iPhone 5 Y no me termina de convencer por la falta de tacto a la pantalla , lo que hace que me cueste mas acceder al movil",wireless,negative,0.579684317111969
2026-07-17,Gris no es gris es beig,automotive,negative,0.3670078814029693
2026-08-25,"Tras leer bastantes críticas cogí la caja archivadora aprovechando que tenían una unidad en oferta en la Amazon Warehouse. Llegó a tiempo y perfectamente embalada como si fuera nueva. Ningún desperfecto visible y con todos los contenidos y documentación que se esperaría. El único pero que le pongo es el funcionamiento de la cerradura que ya han comentado otros usuarios. en mi caso parecía funcionar bien, pero tras probar un par de veces se quedó cerrada y por poco no soy capaz de volver a abrirla. Por eso le pongo 3 estrellas puesto que considero un fallo grave en un producto que no funcione mínimamente todo lo que debería funcionar. Ya sin entrar en que sea una mejor o peor cerradura. En mi caso es algo que no me importa mucho, puesto que la necesito solo a efectos de organización y no de seguridad.",office_product,neutral,0.9888833165168762
2026-07-26,SE CORRESPONDE CON LO OFERTADO,wireless,positive,0.6448385119438171
2026-09-02,"El filamento puede ser peor o mejor, pero que venga así enrollado, es un desastre.",pc,negative,0.7857421636581421
2026-09-15,Me encanta la funda pero le doy cuatro estrellas porque al ponerl en la mesa el movil baila un poco,wireless,positive,0.8912286758422852
2026-08-02,"No entiendo, me inscribí para recibir 3 euros con una compra mínima de 5 euros escuchando una canción con amazon music y no los he recibido. Dónde están?",other,negative,0.9658669829368592
2026-07-18,"Tengo un mastín de unos 55 kg y le va perfecto, y aún tiene mucho margen para cuando termine de crecer, muy buena calidad.",pet_products,positive,0.9623785018920898
2026-07-31,"Buen tamaño, no pesa nada, muy buena",sports,positive,0.9405734539031982
2026-08-20,"No es que sea la opción más elegante a la hora de recoger cables pero si la más cómoda, a mi por ejemplo que he estado a punto de encontrarme un rumano detrás del mueble de la tele llevándose los cables para vender el cobre, me ha resuelto el problemas y ahora no se ven y los tengo muy recogidos Además puedes recortarlo y usarlo en varios sitios porque no es más que un trozo de tele con un velcro",electronics,positive,0.7912377119064331
2026-06-26,"Libro con buenas ilustraciones, con una pequeña referencia a los distintos periodos históricos de españa.",book,positive,0.7701548337936401
2026-07-06,No son pequeñas y muy difícil de poner,beauty,negative,0.6642475724220276
2026-06-01,La colección completa de Piratas del Caribe en un mismo pack!!! 5 películas en un estuche chulísimo. Y a un precio muy bueno.,other,positive,0.985305905342102
2026-06-08,Funciona pero me ha llegado sucio y parece usado...,toy,negative,0.6659073233604431
2026-09-07,"Está muy bien de precio. Sin embargo, la parte donde se tiene que sentar el bebé es demasiado fino y aunque lo infles al máximo, queda muy flojo. No soporta bien el peso. Mi bebé pesa 9 kilos.",toy,neutral,0.6806263327598572
2026-07-22,"Se trata de un cierre metálico, que sustituye al original (de un material plástico). A mí se me rompió el original, por eso compré dos repuestos, uno plástico y este metálico. Pues bien, cierra con mayor presión el plástico que el metálico, por lo que lo tengo claro: si voy a darle un uso a la cámara en el que no necesite sumergirla, la llevaré con el metálico, pero si voy a sumergirla, lo cambiaré por el plástico.",camera,neutral,0.7692870497703552
2026-08-18,Bonito pero no se queda bien pegado a la bañera,home,negative,0.5003670454025269
2026-07-17,Buena idea pero no para copas mayores de C,home,negative,0.6845989227294922
2026-07-26,"Ha funcionado. Había probado con los típicos desatascadores que venden en los supermercados y nada. Lo recomiendo. Lo he utilizado en la ducha. Seguí las instrucciones y al final tuve que utilizar un desatascador de goma tradicional, pero bastaron dos bombeos para despejar el atasco.",home_improvement,positive,0.9462741613388062
2026-08-25,"Son muy graciosos y originales. Pero, como se ve en la foto, en una pareja de calcetines cada uno tiene un tamaño diferente.",apparel,neutral,0.6491386890411377
2026-06-14,es una camara ligera para alguien que quiere 4 fotos funciona para lo demás es una cagada no recomiendo su compra satura muchísimo los colores y no los asemeja con la realidad,camera,negative,0.8420140743255615
2026-08-29,Defectuoso a veces va mal,electronics,negative,0.8492950797080994
2026-06-28,"De momento el cable funciona bien. Muy buena calidad, los acabados incluso mejor que los de Apple.",wireless,positive,0.9780130982398988
2026-08-26,"Marca reconocida con su consiguiente calidad, además por el precio...las tres BBB, bueno, bonito y barato. Cuatro palabras ma s",office_product,positive,0.902452290058136
2026-08-17,El aro es demasiado pequeño al igual que el tablero que además es inestable. El soporte de sueldo está bien.,sports,negative,0.7141575217247009
2026-08-27,"Son conectores muy cómodos, la parte metálica esta bien, la de plástico quizás podía ser un poco mas fuerte, lleva ademas el tornillo con la tuerca para poder conectar los cables que necesites. Recomendable",automotive,positive,0.8680636882781982
2026-06-02,"Al principio funcionaba bien, pero la pila duraba muy poco y la potencia de succión era muy baja si el aparato no estaba enchufado a la corriente. Después de 2 meses de uso el monitor empezó a fallar, primero parpadeaba y después se apagó por completo. Cómo la pantalla estaba apagada la succión de leche tampoco de realizaba. Así que muy descontenta y no recomiendo este producto. .",baby_product,negative,0.9910950660705566
2026-09-17,Le encantó a mis hijas y ami. Todo muy bien encalado y con las instrucciones de montaje super claras,home,positive,0.9886658191680908
2026-06-26,"Después de ver varios modelos, algunos de ellos más económicos, decidí comprar este foco y de momento funciona perfectamente, al principio cuesta un poquito ajustarlo, pero luego casi te olvidas de que tienes un foco en el jardin, es muy práctico y creo que vale la pena pagar la diferencia de precio, la calidad y el buen funcionamiento lo valen. Esperemos amortizarlo con el tiempo.",home,positive,0.9878842234611512
2026-06-14,Me esperaba algo mejor,wireless,negative,0.7528702616691589
2026-07-29,He comprado en teoría un set de 6 sartenes San Ignacio....y cuando me han llegado hay 3 San Ignacio y 3 bergner.... No estoy nada contenta. Puede que sean de la misma fábrica pero en la descripción del producto no viene indicado que sean de 2 marcas distintas.,home,negative,0.9713410139083862
2026-07-26,La devolví porque la fragancia en mi piel me recordaba la colonia barata que me ponían cuando me mareaba en el coche. Supongo que soy yo el problema :-),beauty,negative,0.8031258583068848
2026-06-07,"El sistema es buenísimo, la dificultad la hemos encontrado en los cajones del aparador del Salón, al ser 4 cajones seguidos la colocación no es tan fácil, al final se bloquean 3 cajones juntos, pero imposible abrirlos por la niña. La adherencia... Regular",baby_product,neutral,0.8745410442352295
2026-06-03,"El producto es bueno, solo que hay 6 funciones, y utilizas 3, masaje acupuntura y masaje de pies. No se si alguien se lo pone en la cabeza, oídos, Q me lo expliquen? Y el último sale como dos pulmones Q supongo es para el estomago o adelgazar. los parches malos.",personal_care_appliances,neutral,0.6487337946891785
2026-06-23,"llego en perfectas condiciones, todo correcto, lo único es, que no deja claro cuál de los dos modelos va ha llegar y puede generar confusión",personal_care_appliances,positive,0.5785427093505859
2026-09-18,"Queda estupenda, el grafismo es una maravilla aunque me parece un poco cara para no tener cierre magnético",other,positive,0.8385962247848511
2026-09-15,"Evolución de la olla clásica pero más práctica, la junta de goma está en el interior y el cierre es efectivo desde el primer momento, no hay pérdida de tiempo es ligeramente más rápida que las tradicionales. Este es el tamaño para una o dos personas, por ahora no necesito la grande",home,positive,0.864310085773468
2026-09-17,"sencillo pero útil, nos sirve estupendamente para nuestras necesidades",furniture,positive,0.7542768120765686
2026-06-18,"En el paquete solo iba un producto, no los dos como se describe!!!",electronics,negative,0.9542924761772156
2026-07-08,"Ratón con muchas posibilidades de programar, lo uso para CAD y ofimática de momento funciona bien, tengo dos iguales para dos equipos distintos. Lo que no me gusta es que hace interferencias (ruido) al mover le.",pc,neutral,0.6893762350082397
2026-09-07,"Son malísimos. No los recomiendo. Se despegan y se limpian fatal en el lavavajillas. Al final, la silicona es mejor limpiarla a mano con agua caliente solo.",kitchen,negative,0.996125876903534
2026-06-15,Esperaba hojas un poco más grandes! Por lo demás bien un poco fina la enredadera y son de tela de,home,neutral,0.7428968548774719
2026-08-03,"El juguete está correcto y da vueltas con facilidad pero el contador de vueltas no funciona, pero no impide que se divierta con el.",toy,negative,0.5537899732589722
2026-08-28,"Lo compre de sabor a vainilla, pero el sabor no me termina de convencer. Se podían currar el sabor algo más El precio esta bien.",drugstore,neutral,0.6115885376930237
2026-09-09,"Lo compre después de haber comprado uno más barato que salio defectuoso y a los 3 días no funcionaba. Este tiene un diseño muy bonito y funciona bien, aunque cuando se queda sin agua a veces no se apaga correctamente. Además por el precio que tiene el deposito de agua me parece demasiado pequeño. Por lo demás está bien la verdad.",home,neutral,0.725419282913208
2026-06-28,Yo lo compré para quitarle pelo a mi conejo y no me parece útil. Se llena enseguida de pelos y no arrastra bien,lawn_and_garden,negative,0.8818151354789734
2026-08-13,parece de buena calidad,home,positive,0.8980785012245178
2026-07-09,"Para mi niña De 21 meses no sirvieron mucho porque se le Salía el pie por delante, bonitas pero poco prácticas.",shoes,negative,0.5320095419883728
2026-07-27,"La descripción indica que son 3 toallas para la boquilla manual y 2 más grandes para el suelo cuando en realidad son 5 para la boquilla manual y ninguna para el suelo. La calidad es justa para durar un año sin mucho ajetreo. A más de 2 euros por balleta, relación calidad precio correcta sin más.",kitchen,negative,0.8285481929779053
2026-06-17,"Pegan bien, pero son muy delicados. Al ser tan finos, cuando se caen, se parten. Un poco caros calidad/precio",industrial_supplies,neutral,0.7653638124465942
2026-09-11,"esta bien,lo malo es que pone que hay luz en blanco y no hay es azul",home,neutral,0.674750566482544
2026-08-25,se ve muy mal imitación perfecta en cuanto a plastico,wireless,negative,0.895684003829956
2026-08-29,Me ha llegado el champú en caja de amazon embalado. La botella venia sin precintar y la falta producto es notable. Se nota que ha sido usado. Lo devolveré sin duda. No quiero ni probarlo por si acaso.,beauty,negative,0.9834538698196412
2026-07-14,"Buen cable pero no transmite 4k, para la ps4 pro no es recomendable. Preferiría otro cable que tenga mejor tecnología",wireless,neutral,0.613952100276947
2026-06-25,Se aflojan los soportes a menudo.,home,negative,0.6319519281387329
2026-06-17,"He cargado un portatil solo hasta el momento, lo ha cargado igual de rapido que si estuviera enchufado a la red, bastante contento y no se ha calentado nada, eso si es invierno y duro, lo aconsejo",wireless,positive,0.9186192750930786
2026-06-13,No me coincidían los tornillos,pc,negative,0.6349220871925354
2026-08-23,"El aroma que tiene es raro, no me gusta. Hay que lavar dos veces porque en la primera aplicación no hace apenas espuma... Entiendo que es por la ausencia de sulfatos que no se comen el color.. Lo que hace que gastes más producto, así que se encarece mucho. Lo único bueno creo que es que usándolo, el color dura más que con otros champús comunes de marcas de supermercado. Lo que no he notado es que el pelo quede más cobre o naranja... Eso creo que es un camelo.",beauty,negative,0.8364809155464172
2026-06-25,Siento no poder comentar TODAVIA NO A LLEGADO espero que llegue PRONTO,wireless,negative,0.959812343120575
2026-08-07,El armario es fuerte pero vino roto. Varias piezas de la trasera y las puertas estaban rotas. Pudo ser del trasporte no lo se. No lo devolvi porque me suponía más trabajo desmontarlo y volverlo a embalar. Y le he hecho unos apaños y creo que podra cumplir con su función ya que voy a colocarlo en un garaje.,industrial_supplies,negative,0.872808039188385
2026-06-10,"El producto es correcto, de algodón como yo lo quería. La única pega es que no me ha llegado del mismo color que la foto, es estampado es de estrellas pero no de colorines como en la foto.",baby_product,neutral,0.664333701133728
2026-08-06,"Buenos dias, no tengo este producto, no sé donde lo entregaron, si en la c/vic 17 o 18 (a la vecina), aun asi me lo hubiera dicho...",apparel,negative,0.798264741897583
2026-09-13,A mi hijo le encanta,video_games,positive,0.9785395860671996
2026-09-17,"todo correcto, según lo esperado",pc,positive,0.9523938894271852
2026-06-18,Pensé que eran más esponjosos en algodón,sports,neutral,0.7986900210380554
2026-09-08,Ideal para el verano reforzar la lecto-escritura y la comprensión lectora. 5-6 años,book,positive,0.6040114164352417
2026-08-25,Muy practico. Varios compartimentos. Tal cual viene en la foto.,automotive,positive,0.9436403512954712
2026-07-04,"Aunque la gracia de la mochila es el reflectante y apenas si se aprecia. Una pena, ese fue uno de los motivos de la compra porque van andando al cole, pero no es eficaz",pc,negative,0.8114201426506042
2026-06-08,"Calidad ""china"". Si tienes paciencia es preferible pedirlo a Aliexpress. Con un simple tirón se abre pongas la contraseña que pongas.",luggage,negative,0.7783975005149841
2026-07-10,"Tras un mes de uso, funciona bien. Las pegas que tienen son el acabado que no es robusto, no es el esperado de la marca AEG y q tarda mucho en calentar la habitación comparandolo con otro radiador de aceite de uns marca blanca y del mismo tamaño",kitchen,neutral,0.6748182773590088
2026-09-16,"Se lo regale a mi pareja y va súper bien, ningún problema en el envío, rápido y bien embalado. No ha dado ningún problema en estos meses, el diseño es original con los toques gris metálico",pc,positive,0.9801586866378784
2026-08-22,"Primera caída con esta funda y pantalla rota!!! Puesta queda muy bonita, pero desde luego no protege nada",wireless,negative,0.9397806525230408
2026-07-12,Muy bonito y original fácil de instalar y bien de luz....falta por saber lo que dura por ahora todo Muy bien,home,positive,0.9699521660804749
2026-07-11,Se adapta muy bien al sofá y el estampado es bonito. Lo recomiendo.,home,positive,0.9594294428825378
2026-09-09,"Tenemos el parque- gimnásio de playgro que tenía un juguete así, que encantaba a los bebe. Al final he comprado más de estos ya que les mola jugar con este sonajero. Es un peluche que hace función de sonajero colgante. En sus patas tiene bolas que hacen ruido al pegarlo que a los bebés les gusta mucho",toy,positive,0.896120011806488
2026-06-06,Los niños y los no tan niños lo han disfrutado mucho,sports,positive,0.8596259355545044
2026-07-22,"Tiene un buen diseño. Sirve para organizar todos esos enchufes que tienes por ahi en ladrones y regletas. Los USB resultan practicos y da seguridad a equipos sensibles y caros contra las subidas de tension, que donde vivo son frecuentes. La unica pega es que es un poco voluminoso.",pc,neutral,0.5100463032722473
2026-06-26,"Si buscas calidad buena, no lo compres, está bien para empezar.",camera,positive,0.5125978589057922
2026-08-03,Se coloca fácil. Y tiene buena calidad,wireless,positive,0.8918555974960327
2026-09-06,"El diseño está bien , las recetas no están en español",home,negative,0.511789083480835
2026-07-29,Producto viene con defecto esta muy flaco,home,negative,0.9555557370185852
2026-07-26,"Esperaba q no dejarán pelitos al limpiar las uñas, deja un poco. Las utilizo para otras cosas en el salón.",home,neutral,0.6428256034851074
2026-07-29,Es idéntica a la fotografía. Tiene una colchoneta roja que está suelta. No es desenfundable,pet_products,neutral,0.4925133883953094
2026-09-17,Primero perfecto y muy contenta pero a los 2 días ya no pintaba,beauty,negative,0.8229290843009949
2026-08-09,"Para ver la instantanea bien y luego hace media y maxima, cumple!!!",sports,neutral,0.6070996522903442
2026-09-09,"Trae los todos los lazos, algunos repetidos muy bonitos. La goma parece dura ,por el precio merece la pena comprarlos.",pet_products,neutral,0.4780632257461548
2026-07-03,La tuve que devolver que el tamaño no era el.que necesitaba. Demasiado pequeña. He de decir que es súper bonita y tiene unos acabados fantásticos por el precio.,luggage,neutral,0.480442613363266
2026-07-23,La calidad del material no es demasiado buena pero el producto en sí es bastante entretenido para un niño de 3 años.,toy,neutral,0.7209171652793884
2026-06-22,"Si el motivo de la compra es por el termo aislamiento entonces hay opciones más recomendables. Por lo demás es un buen bidón, la válvula funciona correctamente (demasiado caudal para mi gusto) y la capacidad es muy buena.",sports,positive,0.5516312718391418
2026-06-21,Son un poco cutres y no tienen mucho pelo. Para un apuro o alguien q no se maquille mucho,beauty,negative,0.9188348054885864
2026-08-09,"Muy bueno super recomendable, completo, fácil de leer y muy buen precio.",book,positive,0.9820177555084229
2026-08-09,No he recibido el producto,other,negative,0.9960311055183412
2026-06-04,"Todavía no me ha llegado y lo esperaba para antes de Navidad. De hecho lo pedí para ofrecer cafè variado a mis familiares al final de la comida de fiestas en mi casa y no pude,",grocery,negative,0.989618480205536
2026-09-02,La funda no termina de ser muy rígida lo cual hace que sea un poco frágil en caidas altas. Se rajo la pantalla con una caída desde la mesa al suelo.,wireless,neutral,0.5179328918457031
2026-08-14,"Pone que es edición en español, pero viene en italiano.",video_games,negative,0.7900012731552124
2026-08-01,"Es precioso super fácil de poner más que otros vinilos, queda tal y como en la foto el tamaño es muy bueno yo lo tengo en el salón y me encanta el resultado",home_improvement,positive,0.9713732004165648
2026-08-01,Al principio me encantó y ahora después de un tiempo Le cambio el filtro y funciona unos minutos no me gusta nada perdida de dinero,drugstore,negative,0.987379252910614
2026-09-02,"Cumple con lo esperado, pero no logra proteger los bordes redondeados de la pantalla. Se engancha fácil con cualquier cosa y se levanta y despega.",wireless,neutral,0.6359575390815735
2026-09-03,"no cubre las espectativas que esperaba, uno de los binoculares es fijo y no se puede regular para su visión.",camera,negative,0.8082281351089478
2026-06-24,"Se me perdió uno a la hora de ponerlos, son bastante flojito, tuve que asegurarlo con bridas y comprar otro juego de 4",automotive,negative,0.6001536250114441
2026-07-25,"Había visto los recambios en tiendas de electrodomésticos a más del triple de precio y con menos unidades y accesorios, que tenías que ir comprando por separado. Al principio temí que, dada la diferencia, la calidad fuese mucho peor, pero no. Mi Roomba funciona perfectamente y veo que los recambios están teniendo la misma duración. Estoy encantada con el ahorro.",home_improvement,positive,0.8807392716407776
2026-06-09,"Tiene muy buena reputación pero después de usarlo y compararlo con otros productos similares no he quedado contento con este lubricante. No es muy duradero, pero no es el gran problema, es que se le pega todo, las roldanas y los platos se quedan llenos de suciedad y cuesta quitarla. Además es de las mas caras del mercado, he encontrado otras ceras mucho más limpias y resistentes siendo más baratas.",automotive,negative,0.6938551068305969
2026-06-03,"Se ve bien, se escucha bien, fácil de instalar, pero no detecta los ruidos como te indican... ni lloros, ni entrada de personas en recintos.",home_improvement,negative,0.4693155586719513
2026-07-01,"La cámara funciona bien, la calidad de la imagen y vídeo es perfecta, al principio cuando la instalas en un poco complicado enlazarla con la aplicación pero en cuanto la pones funciona perfectamente y tiene un amplio campo de visión, pulsando el botón de la aplicación puedes hablar desde el móvil y se escucha a través de la cámara, también puedes escuchar todos los sonidos que hay en la habitación, y por la noche la visibilidad es perfecta.",wireless,positive,0.9885787963867188
2026-07-10,Es un poco lioso si no sabes ingles y en el libro de instrucciones tampoco te lo pone muy claro pero una vez que lo configuras va muy bien.,sports,neutral,0.752194344997406
2026-09-09,"Tras dos semanas esperando el pedido nunca llegó. Bravo Amazon en confiar en Celeritas como transportista, pierden todos los paquetes.",book,negative,0.9892925024032592
2026-07-06,"Mi terminal sufrio un fallo catastrofico que no me permitia ni conexion via wifi, ni reconocia la sim. Por lo demas buena calidad precio.",wireless,negative,0.8829805254936218
2026-06-24,"Me ha gusta mucho, se coloca de varias posiciones, pesa poco, cerrado ocupa poco y es comoda",furniture,positive,0.948106586933136
2026-09-03,"Es un poco mas grande de lo esperado, no es piel, pero en general, la relacion calidad precio es buena.",luggage,neutral,0.5950592756271362
2026-06-06,Me gustan mucho los moldes...pero no hay todos los números y las letras... así que no le pongo más estrellas,home,neutral,0.7218552827835083
2026-08-05,Está muy bien de precio,other,positive,0.8774325847625732
2026-08-23,"El libro como todos los de esta gran escritora es maravilloso, pero la entrega ha sido pésimo, me ha llegado con las tapas estropeadas y hojas dobladas y está claro que ha sido enviado así con conciencia ya que la caja en la que venía estaba en perfectas condiciones.",book,neutral,0.4547083973884582
2026-08-31,"Llegó con una mancha amarilla en la pantalla, en los blancos se nota bastante. No se mencionaba el estado del teléfono y al ser un producto reacondicionado de Apple no me lo esperaba. Viene sin cascos. Falta información, la verdad.",wireless,negative,0.9452527761459352
2026-08-14,"El producto en sí es como en las imágenes, es muy práctico ya que llega a las esquinas sin problemas y lo quita todo perfectamente. Lo único que lo hemos usado varias veces y las cerdas ya estan bastante desgastadas, no creo que dure mucho más. Para su precio no esta mal, pero por la espera y lo que es en sí no creo que vuelva a repetir.",home,neutral,0.8030403852462769
2026-06-04,"La funda está bien y protege el teléfono, el cristal me llegó completamente roto",wireless,negative,0.4857328236103058
2026-08-18,Me gusta el diseño. Pero el formato no se ajusta bien a los botones de mando del modelo del teléfono para el que está diseñado. Hay botones que quedan ocultos.,wireless,neutral,0.5281673669815063
2026-06-06,Porque era barato con mucha capacidad y NFC,wireless,neutral,0.4408230185508728
2026-09-02,La funda en sí está bien pero la anilla de sujeción de dedos y apoyo ha tardado 4 días en flojear y solo valer para aguantar el móvil ya vale para sujeción en la mesa,wireless,neutral,0.623540461063385
2026-09-10,"Para que se entretengan un día pintando y pegando pegatinas está bien, porque solo tiene una hoja de actividades. Aunque para 3 años no se corresponde, para que se haya entretenido mi hija una tarde está bien por ese precio.",book,neutral,0.7618575692176819
2026-07-21,"Funciona perfectamente en mi TV Phillips 42"". Sin ajustar nada,sólo colocar las pilas y usar.",wireless,positive,0.8923457860946655
2026-08-01,"A mi tambien me llego roto, pero voy a pedirlo otra vez, total por lo que vale",toy,negative,0.6933858394622803
2026-07-27,Muy poca amplificación,electronics,negative,0.9460782408714294
2026-08-05,"No es que esté mal, pero para mi gusto es un café demasiado suave, hay otras cápsulas compatibles que me gustan más. Al fin y al cabo es cuestión de gustos.",grocery,neutral,0.5323219299316406
2026-08-18,"Sin potencia, no sirve para nada No lo compréis, se calienta poco y en nada se parte, muy muy endeble",automotive,negative,0.9970308542251588
2026-08-14,"A mí no me ha gustado, creo que son demasiado endebles. Son baratos, si, pero de baja calidad.",jewelry,negative,0.8657045960426331
2026-06-08,Un encanto. Buen material a buen precio.,book,positive,0.9560866951942444
2026-06-26,Pues no amasa los 3kg no no??,kitchen,neutral,0.5272135138511658
2026-07-21,"Pues ni me han tocado esos colores ni son todas igual...resulta que unas valían para casi todos los móviles como ponía excepto iPhone,pero otras tenían la clavija más grande y no vale para ningún móvil que conozca...así que inútiles totalmente esas...y solo me llegaron rojas,blancas,negras y azules.",toy,negative,0.9197867512702942
2026-07-15,"Hay cuatro o cinco estampados ofertados, al menos eso parece en la foto y nos llega otro. La calidad es media pero la necesidad hace qur no pueda devolverla",home,negative,0.8344513177871704
2026-07-14,"Son bonitas pero me las imaginaba un poco mas resistentes ,el montaje fácil pero se sueltan . Depende como las quieras poner te faltarán piezas.Hay que comprarlas aparte.",furniture,neutral,0.7071769833564758
2026-06-05,"Un poco grande,pero me he ahorrado de comrar otra silla",home,neutral,0.5922398567199707
2026-08-09,no es el producto que pedi es parecido pero no el mismo el detalle del arco de la parte de abajo no lo tiene para mi era muy importante para meter el destornillador por lo tanto insastifecho,home_improvement,negative,0.8995693922042847
2026-06-26,"Parece resistente aunque no tengo claro que proteja el colchón suficientemente, espero q sea así!!",home,neutral,0.5428810119628906
2026-08-07,Aunque no me ha dado tiempo a exprimirla del todo....en principio la primera impresión es muy buena. Espero no tener que cambiar la opinión !!!,electronics,positive,0.5147804617881775
2026-06-19,"Han llegado antes de tiempo y el producto se ajusta bien al móvil, me parece práctico para proteger la pantalla y a buen precio",wireless,positive,0.911748230457306
2026-08-23,LIQUIDO MUY BIEN CONSEGIDO Y CALIDAD PRECIO!! MUY FRESH,drugstore,positive,0.9660142660140992
2026-09-05,"El gran negocio de los consumibles en las impresoras y los precios elevados de los cartuchos originales y la incompatibilidad con marcas blancas. Está vez me ha durado muy poco el cartucho negro. En tres meses me lo ha pedido cambiar, imprimiendo mucho menos que en el anterior pack",office_product,negative,0.8435226082801819
2026-06-20,No era lo que me esperaba,furniture,negative,0.8215199708938599
2026-06-12,"A decir verdad, todavía lo estoy leyendo, me está gustando tanto como el primero , por ponerle un pero, dedica demasiadas líneas a hacer un resumen del primero, en mi opinión sobra.",book,positive,0.897150456905365
2026-07-17,"Las medidas que anuncia no son con las del producto recibido, anuncio engañoso.",home,negative,0.984762966632843
2026-06-01,es comodo de usar utiles y practicas para hacer tu propio manicure asi que es bueno para aquellas personas que les gusta divertirse cambiando las formas,home,positive,0.6020840406417847
2026-08-29,Llegó en perfecto estado,book,positive,0.7923498749732971
2026-06-14,MUY MAL. Tuve que devolver el producto por falta de piezas para el montaje del armario. Amazón cumplió en el envío. El Proveedor No. Proveedor No Aconsejable.,lawn_and_garden,negative,0.9967915415763856
2026-08-03,Aunque el producto se ve que es de buena calidad NO puedes conectar cualquier aparato en el: tiene esa punta metalica (la toma de tierra) que te lo impide.,home_improvement,negative,0.6010055541992188
2026-07-08,"Es un iman muy fuerte, pero de poca calidad pues al ser fuerte agarra con mucha fuerza pero al quitarlo el iman se deshace en trocitos, he perdido casi la mitad de trozos en un solo dia",home_improvement,negative,0.5579143166542053
2026-07-07,Ha llegado rápido y cubre bien la pantalla sin dejar los bordes blancos. Por lo menos hasta ahora que acabo de ponerlo.,wireless,positive,0.8446900248527527
2026-06-11,"El libro promete mucho pero no es gran cosa, es un cuento muy muy básico. Para niños que pudieran entender el mensaje del cuento se queda muy corto, muy poco texto y las ilustraciones muy esquemáticas. No lo recomiendo para nada",book,negative,0.9611251354217528
2026-09-08,"Buen material, muy útil y práctico para conservar la leche materna en la nevera o en el congelador. Lo recomiendo.",baby_product,positive,0.9582581520080566
2026-08-16,"Mi opinión a la semana de uso: Muy práctico para llevar desde casa el café al trabajo. Mantiene 4 ó 5 horas la temperatura sin problema. Muy fácil de tomar directamente o de vaciar en la taza. Mi opinión un mes después: Mantengo lo dicho pero la parte exterior e inferior del termo se está despegando. Una semana antes compré el mismo producto y paso lo mismo, pensé que venía así de fábrica y simplemente lo cambié por este que me está pasando lo mismo. Parece que con la temperatura se despega el embellecedor exterior.",home,neutral,0.5733498930931091
2026-09-15,"No está tan bien como en la foto y el montaje es complicado porque prácticamente carece de instrucciones, no recomiendo su compra.",home,negative,0.7659562826156616
2026-06-03,"No noto la diferencia con las de origen, pone que dan un 60% más de luz pero no lo creo. Solo cambia el color de la luz.",automotive,negative,0.4993912279605865
2026-07-03,"Excelente replica, facil de calibrar, algunos balines de acero no se deforman por lo que puedes volver a usarlos.",sports,positive,0.9808771014213562
2026-06-06,"Sirve perfectamente para lo qué, quiero hacer",electronics,positive,0.8346071243286133
2026-07-20,"No lo metas en lavavajillas, te quedas sin él",home,negative,0.7131208181381226
2026-06-10,"Muy bien , para hacer fotos en casa simulando un estudio genial",electronics,positive,0.9416004419326782
2026-06-05,"Es una taza con una pegatina cutre. No sé cuánto hay que calentarla para que se ponga roja pero desde luego, no he llegado. El único punto positivo es que nos hemos reido un rato y la he podido devolver sin problemas.",home,negative,0.9851320385932922
2026-06-23,Me devolvieron el importe del producto tras la reclamación pero tuve que luchar porque me devolvieran los gastos de envío.,apparel,negative,0.7531318068504333
2026-06-10,"El analógico está bien, pero la banda digital tiene la pantalla rayada.",watch,negative,0.4951351881027221
2026-07-14,Limpia muy bien el tv. La toallita es perfecta para limpiar i secar el tv. Con poco esprai se limpia todo el tv,office_product,positive,0.9546475410461426
2026-06-02,"Falta de profesionalidad, he recibido el producto defectuoso, cuando un material o producto se envía, debéis revisar el estado del mismo, ha llegado descosido por un lateral lo que me ha obligado a realizar la devolución y pérdida de tiempo y tiempo adicional sin tener el producto.",luggage,negative,0.9943451881408693
2026-06-13,Esta bien para su precio pero es un poco inestable y no se sujetan bien las piezas de limar y pulir,wireless,neutral,0.7298303246498108
2026-07-10,No están mal para el precio que tienen.,automotive,neutral,0.6995717883110046
2026-06-02,"Kit muy muy sencillo de calidad media/baja. Los automáticos para enganchar en el grifo y manguera son muy endebles, a poca presión qie metas saltan. No compatible con otros sistemas. Kit muy muy básico pero con gran cantidad de accesorio y tubo.",lawn_and_garden,negative,0.6209914088249207
2026-08-23,"No me gusta, que los mosquitos la ignoran completamente, y resultado nulo.",lawn_and_garden,negative,0.9261023998260498
2026-08-04,"Compré el de 160cm porque cubriera más zona de la cama, pagando casi 30€ más que el de 150cm, y resulta que tiene como 10cm por cada lado sin calentador. Además, llegó con uno de los mandos sin funcionar y tuve que cambiarlo. Y el mando no tiene temporizador .",personal_care_appliances,negative,0.8764370679855347
2026-08-02,"Ni me parece que duren 2 meses cada filtro en absoluto. Como mucho 1 mes o incluso menos, al igual que los originales. Por lo tanto, la compra de esta marca no-oficial, no me parece demasiado justificada.",home,negative,0.8527427911758423
2026-09-09,"Entregado el paquete abierto, ningún problema con el producto , , , , , , , , , , ,",wireless,positive,0.8621070981025696
2026-08-12,"Es un reloj muy resistente para los niños, mi hijo lo usa a diario.",watch,positive,0.9269027709960938
2026-06-17,"Una porqueria. Me lo han entregado roto. El embalaje malisimo, la caja rota, y logicamente la comoda esta rota",furniture,negative,0.9980837106704712
2026-06-09,"El producto está bien, pero demasiado caro para lo que es. Se generan muchos residuos para imprimir mil páginas (más otros consumibles).",office_product,negative,0.6674888730049133
2026-08-14,"Buenos acabados, poca potencia. Idóneo para fiestas pequeñas",musical_instruments,neutral,0.5843180418014526
2026-06-15,No era para nada lo que esperábamos. Tenemos una caja de la misma marca y las piezas son más grandes y fáciles de manipular.,toy,negative,0.8304033875465393
2026-06-24,Me molestan a la altura de los dedos vi mal la foto no son calcetines,sports,negative,0.8444129824638367
2026-07-08,Muy chulos. La pinza de plástico agarra muy bien,baby_product,positive,0.8976944088935852
2026-07-05,"Pues lo compré por las opiniones que vi aquí. Pero no me ha convencido del todo. El frigorifico huele menos, pero aún huele.",kitchen,negative,0.5670572519302368
2026-09-02,Las bolsas en sí geniales! El tejido que trae se deformó entero pero bueno le haces otro a tu gusto y ya está!,drugstore,neutral,0.5662473440170288
2026-09-03,Deja de funcionar al de 1 mes... el ordenador deja de reconocer la antena cuando conectas el USB se conecta y desconecta varias veces y finalmente no lo reconoce.. se acabó la garantía hace 5 días. VERGÜENZA.,pc,negative,0.9957379102706908
2026-07-19,"Es demasiado espesa, como si fuera cera no se deshace en las manos como si tuviera cera, el olor no es malo.",drugstore,negative,0.6371164917945862
2026-08-08,"Resuena muy poco. Tal vez valga para un árbitro que actua a la vista, pero como silbato de auxilio para senderismo o montaña, se queda muy corto. Muy caro para lo que da. Al menos en este sentido no es mejor que los que venden para niños a un euro.",sports,negative,0.9699190855026244
2026-08-01,"No me sirvieron de nada me confundió la foto, perder para ganar",wireless,negative,0.9098617434501648
2026-07-30,Buen producto. El material es bueno y está bien trabajado. Falta ver cómo soporta el paso del tiempo...,wireless,positive,0.8358844518661499
2026-09-16,No pudimos ni montarlo: vino con esquinas rotas y le faltaban piezas para montarlo. Le doy dos estrellas porque creo que hubiera estado bien si todo fuera correcto.,pc,negative,0.9998898506164552
2026-07-20,Buena calidad a muy buen precio,sports,positive,0.9573377370834352
2026-08-17,El artículo era de segunda mano pero estaba escrito con bolígrafo negro y lápiz.,book,neutral,0.5519716739654541
2026-08-14,Impresionante novela policíaca relacionada con el mundo del rock. La narración te hace estar todo el tiempo pendiente de dicha lectura. Muy amena. Txus Iglesias.,digital_ebook_purchase,positive,0.966500997543335
2026-06-09,"Es un buen producto para el hogar, colgar cosas en el baño, cocina... que pesen poco. Pero si lo buscas para el coche y aguantar un parasol, es demasiado pequeño. Por lo de mas bien, buen producto.",furniture,neutral,0.6232441067695618
2026-07-04,No me podía creer que por este precio me llegara esta calidad. Están geniales,home,positive,0.9650669693946838
2026-08-15,"El collar es muy chulo PERO es muy grande. Pone que es para razas grandes pero yo que tengo un perro grande, me atrevo a decir que es para razas muy grandes.",automotive,neutral,0.600898265838623
2026-09-07,"el forro le queda perfecto a la tablet, y los materiales son muy buenos lo unico reprochable es que al pararla con mucha facilidad se cae al estar usandola",wireless,neutral,0.5088831782341003
2026-07-05,"A mí particularmente, hay 3 que me han gustado mucho!!! finas, elegantes, originales y muy bien acabado....pero las otras 2 son bastante justitas, sosa sin mucho detalle...para el precio final que tienen las 5. Lo dicho, esas 3 las regalare convencida... las otras, solo de complemento de algo más...",wireless,neutral,0.8008923530578613
2026-06-01,No es impermeable !!!!! cuidado con la compra. Lo que pone es falso. El coche se moja con ella puesta.,lawn_and_garden,negative,0.8991326093673706
2026-07-10,"Pegatinas de calidad, era lo que me esperaba, quedan muy bien, las.puse en una.lampara infantil y quedaron geniales muy originales",home,positive,0.9598955512046814
2026-08-03,Es mejor de lo que esperaba porque es gordita de algodón y sirve para la ducha,toy,positive,0.7724695801734924
2026-06-22,El producto ya lo conocía y es excelente y la relación calidad precio muy buena pero el envío se retrasó.,beauty,positive,0.5337624549865723
2026-07-30,"Me encanta, es bonita y practica, ademas de buena calidad",luggage,positive,0.990951657295227
2026-08-03,"No sé si este producto está triunfando o no, pero lo pedimos con ilusión para las niñas y aunque el tacto es agradable, es como una especie de masa que no se deja moldear para crear figuras. Solo vale para hacer moldes, y para que salten cachitos por doquier. Además, lo de que no mancha es muy relativo, deja las manos con una especie de grasa y cachitos pegados. Decepción.",toy,negative,0.8850137591362
2026-09-01,"La calidad del material del interior de la mochila es muy malo, los bolsillos en pocos dias dejaron de ser utiles",luggage,negative,0.8460373878479004
2026-08-11,Las varillas de batir se han soltado en pocos usos..ahora no puedo utilizarlas,kitchen,negative,0.8896832466125488
2026-06-11,"De momento cumple con lo que ofrece, el cable parece de calidad y robusto pero flexible a la vez (ademas de disponer de las dos conexiones standard de smartphones), la carga rápida 3.0 que promete funciona genial, al menos con un Xiaomi Mi note 3, carga realmente rapido, incluso con un iphone conectado en el otro conector al disponer de dos tomas. El tamaño es bastante ajustado lo cual entrará sin problemas en cualquier vehículo. Veremos la duración a largo plazo, pero de momento le pongo 5 estrellas.",wireless,positive,0.999056875705719
2026-09-13,"Que horror de producto, te echas el gel y despues las fibras y se te meten en los ojos y mancha la cara, aparte de que esto no se nota ninguna diferencia de pestañas mas largas, es todo lo contrario, producto malo.",beauty,negative,0.9949308037757874
2026-09-09,"La pulsera cumple con lo anunciado, el servicio ha sido rápido. El problema es que tengo una muñeca muy pequeña y no me resulta comida.",sports,neutral,0.7424477338790894
2026-06-14,"Compré un par, uno para la cocina y otro para el baño, el de la cocina duró un mes, y el del baño no llegó a los dos meses, hace el ruido del motor pero no dispensa jabón, hemos cambiado las pilas, cambiado la marca de jabón y nada, los dos para tirar. Una decepción.",home,negative,0.9687033891677856
2026-07-30,"Solo he usado un protector de los 3 que venian en el paquete. No podria decir si passa lo mismo con otros protectores, però no se ve bién la pantalla, pierde sensibilidad. El protector se quiebra con facilidad. Al quitarlo te das cuenta que solo se pega al móvil por las partes negras del protector. Regalo los 2 que me han sobrado!",wireless,negative,0.8663146495819092
2026-06-30,"Agujeros un poco pequeños, pero bien.",home,neutral,0.5949464440345764
2026-07-05,"Hola buenos dias, les agradezco su interes, desearia k me enviaran otra, sin pagarla. Sino devuelvanme el dinero. Gracias por su atención.",shoes,negative,0.6836719512939453
2026-08-24,llego dentro de los plazos.,home,positive,0.8708240389823914
2026-07-07,"no es un articulo nada operativo, es muy lento y no termina de calentar la cera. Yo he optado por calentarla en otro recipiente y verterlo dentro porque por lo menos lo conserva pero es muy lento calentando y no llega a alta temperatura. La cera que incluye si es buena.",drugstore,negative,0.8880171775817871
2026-06-05,Calidad precio baja . El fallo más grande que le veo es que en la parte central la pegatina de carbono negro no se le ve el patrón del carbono solo unos reflejos .ahora haber cuanto tiempo aguanta la laca que trae sin ponerse amarilla,automotive,negative,0.6050393581390381
2026-08-22,Una camiseta sin más. No es ninguna locura. El diseño es bonito y la calidad buena. Supongo que no se puede pedir mucho más. Perfectamente recomendable.,sports,positive,0.861996591091156
2026-08-17,"Todo genial, pero le falta la radio fm.",electronics,positive,0.8051874041557312
2026-06-26,No estan mal para el precio pero no vienen las punteras gratis que pone. Calidad adecuada al precio del producto,sports,neutral,0.7999895215034485
2026-08-01,Curioso y entretenido,book,neutral,0.5002211928367615
2026-06-04,"Ya había teñido unos ollas de Tefal Ingenio, me duraron muchos años así que aposté para comprar otro set. Me parece un combo muy completo y parecen de buena cualidad. Tefal nunca me falló, esperemos que sigas así. Para cocina para mi familia está genial, y no ocupa espacio en el armario. Las tapas de plástico no me convencen del todo y el mango es un pelícano difícil de limpiar si hacemos salsas o cremas. Pero estoy muy contenta del producto.",home,positive,0.9613265991210938
2026-08-28,"De muy buena calidad, totalmente articulado y con mucho detalle, pero es apto para niños, sino para adultos coleccionistas",toy,positive,0.6706992983818054
2026-09-17,Producto de mala calidad para su precio se le esta llendo el color y se me a roto una de las pieza donde se encastran las partes no lo volvere a comprar .,apparel,negative,0.9689286351203918
2026-07-12,"Pensé que con las patas quedaría fija ,haciendo ventosa, al suelo",drugstore,neutral,0.6855120062828064
2026-08-28,Es muy impermeable. Por ello es imposible usarlo en verano ya que te mueres de calor con él!,pet_products,neutral,0.4750602841377258
2026-06-18,"muy bien, calidad, precio. camara muy mejorable, yo acoplé una Goo Pro.",toy,positive,0.8977273106575012
2026-07-10,"De las mejores de su categoría...!! Funciona perfectamente como escoba eléctrica, tamaño idóneo y fácil montaje y uso ... por poner una pega el cable de carga podría ser un poco más largo .",kitchen,positive,0.9897165894508362
2026-08-11,"Este pack está muy bien pensado. La olla grande y la cacerola pequeña tienen un tamaño muy bueno, es fácilmente transportable y evita tener que llevar ninguna vajilla adicional para excursiones de una sola persona. El vaso no creo que lo use, pero tiene buena pinta. Los cubiertos están muy bien. Son muy pequeños y ligeros, pero perfectamente funcionales. El cuchillo es muy justito, pero como siempre llevo una navaja adicional, eso no es un problema. Las patitas para dar equilibrio a la bombona de gas están también muy bien. El hornillo es bastante malillo. No me ha funcionado nunca el encendido piezo eléctrico y una de las patitas queda un poco más baja que las demás, quedando la olla un poco coja. No he reclamado porque el precio del conjunto es imbatible y no quiero mandarlo todo de vuelta solo por el hornillo. Si necesito otro, ya me lo compraré aparte.",sports,neutral,0.7600399255752563
2026-07-09,Ajuste normal y calidad normal. La única pega es que tarde 20 días en llegar. Por el vendedor sin ningún problema solucionando las dudas y solventado el problema enviando otro producto ya que el primero nunca llegó.,wireless,neutral,0.6832976937294006
2026-09-12,"Me gustó su diseño, potencia y su inicio lento, por lo cual no da tirones inesperados. Es muy manejable, el material de fabricación no es malo con respecto al precio. Sinceramente, esperaba que fuese de mala calidad, pero me he quedado asombrado al verla, me encantó a decir verdad. La aconsejo para todos aquellos que hagan bricolaje.",home_improvement,positive,0.9317430853843688
2026-06-14,"Al tener unas pestañas en el interior reducen el diámetro del tubo, por lo que no han sido válidos para mi volkswagen CC. Además no eran nuevos.",automotive,negative,0.9398696422576904
2026-07-02,Para el uso que le doy me van bien,wireless,positive,0.5330203771591187
2026-07-21,"Me llegó antes de la fecha, de momento me va bien , estoy contento x la compra ,calidad /precio buena",pc,positive,0.8044238090515137
2026-07-08,El armario es muy bonito pero lamentablemente viene poco protegido lo tuve que devolver porque llegó roto,lawn_and_garden,negative,0.6255246996879578
2026-09-05,"No me llegó el pedido, pero al menos me devolvieron el dinero.",pet_products,negative,0.9024887084960938
2026-06-23,"Es sencillo, bonito pero es justito, un poco pequeño para mi. Lo peor es no me ha durado nada. Se ha roto la tela interior y tambien la cremallera del bolsillo pequeño. Nunca me havia durado tan poco un bolso.",shoes,negative,0.7731906175613403
2026-08-02,"Sirve para lo que está hecho, pero es bastante endeble.",home,negative,0.5997817516326904
2026-06-15,"No sé que tal el efecto, puesto que no tomé muchas pastillas ya que son enormes y las tenia que partir hasta en 3 partes. Esto me produce bastante incomodidad por lo cual ya no las tomo",drugstore,negative,0.7544516921043396
2026-09-05,La única pega es que la base no es de silicona para que no resbale. Por el contrario trae un autoadhesivo que si lo pegas al despegarlo se arranca de la base,wireless,neutral,0.614142894744873
2026-06-25,Para nada una estafa total,furniture,negative,0.9988980293273926
2026-06-17,Precio muy correcto y ràpida entrega. Se ajustan perfectamente.,kitchen,positive,0.9496514201164246
2026-09-05,Me encantó... Colores super bonitos,kitchen,positive,0.9474350810050964
2026-08-05,"No permite el auto foco, El trípode no soporte el peso del dispositivo y se cae de un lado mas complicado cuando tiene los cables conectados. Terrible no se conecta via Bluetooth, con dispositivos de sonidos. NO ESTOY SATISFECHO. No lo he podido devolver porque me encuentro viajando, si pudiese seria recuperar bueno mi dinero.",wireless,negative,0.9934764504432678
2026-08-17,"Tiene estabilidad, está bien fabricado y es ideal para poder colocar el teléfono para las videollamadas o ver un vídeo.",wireless,positive,0.9041259288787842
2026-07-23,"Querían algo para que jugase mi perro y que mejor que encima de divertirse se le limpien los dientes, no lo suelta en todo el día, además parece que es duradero aún no le ha hecho ninguna muesca",pet_products,positive,0.4582385718822479
2026-09-12,"La bombilla ilumina muchísimo, y eso que las monte en una lampara de pared por lo que solo abarcan 180º de superficie de iluminación, tienen muy buen aspecto y pinta de calidad. Ahora solo hace falta saber la durabilidad del producto, pero en principio volvería a comprarlas.",home_improvement,positive,0.9726675748825072
2026-09-12,"Queda muy chula, aunque la talla S es algo grande, si tienes poca cadera",apparel,neutral,0.5425594449043274
2026-07-21,"todo correcto , lo necesitaba por que se rompió el que tenia . llego en la fecha que dijeron . lo recomiendo",home,positive,0.8758268356323242
2026-07-09,"Me parece lamentable y vergonzoso que MI PEDIDO sus repartidores, lo dejen en otro sitio que no correspondía cuando tienen mi dirección, llevo toda el día esperando el paquete, para que el repartido que haya echo el reparto tenga la poca vergüenza de entregárselo a otra persona y que firmen. Gracias a dios me he dado cuenta , espero que se tomen medidas por que me parece vergonzoso. Buenas tardes.",office_product,negative,0.9593783020973206
2026-07-21,Los acabados son muy pobres y el material es muy endeble. Durante el transporte nos llegaron los dos laterales rotos y tardamos en recibir los recambios.,furniture,negative,0.9671539664268494
2026-08-09,"Amortiguan perooo en una ocasion mi lavadora, que es casi nueva, empezo a moverse, cosa que no ocurria SIN las patas estas.",other,neutral,0.55474454164505
2026-06-06,Es un material muy endeble,home,negative,0.7519801259040833
2026-08-06,No llego todavía no puedo opinar y a ver cuando llega porque estoy harta de esperar por pedidos q nunca llegan,apparel,negative,0.985360324382782
2026-06-07,"lo devolví, demasiado frágil y complicado",toy,negative,0.7967031002044678
2026-07-21,Cumple su función lo que no me gusta es que los enganches que son metálicos no estén protegidos,pet_products,neutral,0.6709104180335999
2026-08-11,"Me han gustado las brochas aunque pesan mucho, pero son muy chulas. La bolsa que las contiene viene con un agujero en la parte delantera, de ahí mi evaluación. Las brochas no son de buena calidad, pero para regalo ess una buena opción a alguien que le guste el maquillaje y Harry Potter, como a mi amiga.",beauty,neutral,0.4967566430568695
2026-07-12,"Los he comprado para tener otros iguales a los originales que traía mi teléfono en casa pero aunque el aspecto es idéntico, se nota bastante la diferencia en la calidad del sonido con unos graves casi inexistentes. La única diferencia a simple vista con los originales es que el minijack es dorado mientras que en los que traía el teléfono es plateado. No los compréis si sois exigentes con la calidad del sonido.",electronics,negative,0.9370076656341552
2026-08-03,Muy bonita y buena calidad del tejido.,apparel,positive,0.9592605829238892
2026-06-15,Envío muy rápido y tal como se describe,wireless,positive,0.932192862033844
2026-06-29,Muy buen resultado en día de lluvia,home_improvement,positive,0.9670383334159852
2026-07-03,"Solo pongo una pega por qué aún no lo he utilizado, pero al llenarlo de agua chorrea un poco...me imagino que con masas y postres y poniéndole el papel no se saldrá, no(?)",home,neutral,0.7160178422927856
2026-09-02,La verdad es que cumple muy bien en cuanto a tener un ladrón compacto sobre un solo enchufe. Si tengo que poner un pero es en la carga USB que si pones dos dispositivos a la vez la carga se ralentiza un poco pero nada que suponga un handicap para comprar el producto. Muy contengo con él.,home_improvement,positive,0.9214228987693788
2026-09-11,"Llegó con un agujero descosido. Y me han vuelto a enviar otro, sustituyendo este.",apparel,negative,0.8426035642623901
2026-06-27,Me ha gustado era para un regalo no Puedo decir más,toy,positive,0.7157220244407654
2026-07-06,"El reloj es muy bonito, pero lo he devuelto porque en algunas horas no sonaba el cucu ni la melodía, y otras veces sonaba el cucu pero no la melodía. Lo he sentido mucho porque es precioso. 😦",home,neutral,0.5376157760620117
2026-06-29,"Sabiendo qué era pequeño, pero la verdad que aún lo parece más cuando lo tienes en las manos. Subir y bajar la rampa muy tosco, pero mucho! No dan ganas de jugar con el. Para ser la marca que es y tener el precio que tiene...la verdad que bastante decepcionados. Le doy dos estrellas porque los coches son metálicos. La plataforma endeble y de difícil uso No lo volvería a comprar ni lo recomendaría",toy,negative,0.9995174407958984
2026-07-08,"Es muy bonita tal cual la foto con tapa de imán que se queda cerrada muy bien, con sus compartimentos interiores, el único defecto es que por detrás es demasiada gruesa y muy pegada a las cámaras y flash pero por lo demás bien",wireless,neutral,0.6159961819648743
2026-07-27,Ha funcionado dos veces. Lo he devuelto,home_improvement,negative,0.9898061156272888
2026-09-05,"Recibido hoy, se para y/o atrasa mucho, es bonito y fino, pero ya empezamos mal, suerte que se pierde poco por el precio.Cambiada pila, todo perfecto, encaja bien la trasera, la pila mas cara que reloj, sencillo pero bonito.",watch,neutral,0.5677093267440796
2026-09-09,"El aparato en sí va bien, pero el touchpad es insufrible y en cuanto al teclado no coinciden las teclas con lo que marcan. Así que tuve que devolverlo. Un pena, porque si cuidaran un poco más los detalles, sería un buen portátil.",pc,negative,0.6351147294044495
2026-06-27,"Super funcional. Mi padre lo usa a diario y no ha vuelto a comer fuera ya que caliente todo el recipiente. Nos ha durado 1 mes, al mes ha dejado de funcionar...no compres",home,negative,0.933751344680786
2026-07-25,Es muy fácil de instalar. Lo malo don las pompas de aire que de quedan y por la noche se notan mucho. No sé cómo arreglarlo y queda muy mal,home,neutral,0.5711383819580078
2026-07-03,El producto es exactamente como se describe y funciona perfectamente.,sports,positive,0.9516668319702148
2026-08-07,"Tamaño perfecto. Me llegó algo doblado de una esquina pero me lo quedé. En general buena opinión; lo peor el rotulador rojo que no se borra demasiado bien con el propio borrador del rotulador, no obstante, queda perfecto tras utilizar una bayeta. Sin duda, volvería a comprarlo. Ahora toda la familia sabe si hay citas médicas, reuniones en el cole, excursiones...",office_product,positive,0.8211941123008728
2026-08-25,Ha llegado el camino pero no los saquitos,home,negative,0.4722270369529724
2026-08-05,Hace más de un mes que encargué y pagué dicho producto y aún no me llegó realmente una estafa no compraré más nada,home_improvement,negative,0.998556911945343
2026-06-10,"El reloj no cumple mis expectativas. Solo avisa de la llegada de las notificaciones (WhatsApp, correo, Twitter...) pero no permite ver la información. Para ello debes de consultar constantemente el móvil. Por lo demás, buenos acabados y buen material.",wireless,neutral,0.5986754894256592
2026-06-05,"Barato de calidad deficiente, cuesta más el porte que el artículo. Parece en foto de acero más sólido.",kitchen,negative,0.9678407907485962
2026-08-13,No puedo valorarlo porque NUNCA me llego,home,negative,0.996619701385498
2026-09-05,"Me ha gustado mucho su versatilidad,buen producto 👍🏼",musical_instruments,positive,0.9899817109107972
2026-07-08,He comprado este producto hace un mes y todavía no ha llegado. No encuentro la forma de reclamarlo,home,negative,0.9857309460639954
2026-06-13,"Recibi bien, es apto para un niño de 2/3 años.ya que lo compre para mi nieto de 2años y medio, Unicamente la carga dura poco tiempo.",pc,neutral,0.6928883790969849
2026-07-01,De masiado pequeña para una niña de 2 años yo se la regalé a mi hija que tiene 2 años y la verdad es que es muy pequeña yo la recomendaría porque mi hija se lo pasa bien pero si buscáis una grande que era lo que me pasó a mí esta no es para comprarla,toy,negative,0.7844776511192322
2026-07-17,"La funda de silicona no está mal del todo, aunque quizás demasiado gorda, de hecho casi no se nota el botón de encendido y hay que apretar mucho para que lo note. Lo que no me ha gustado es el cristal, que pone que es para el Xiaomi Redmi 4A, pero no tapa todo lo que debería, deja mucha pantalla al descubierto por los bordes.",wireless,neutral,0.7439416646957397
2026-09-08,Por mucho que los ponga a carga no duran más de 40 minutos.. no sé si tendrán fallo pero..,wireless,negative,0.7172799110412598
2026-09-17,"Queda muy bonito puesto, es vinilo tipo pegatina así que se coloca muy fácil. Es más pequeño de lo que pensaba, porque en las fotos se ve encima de un cabecero ocupando toda la pared, pero no queda tan grande.",home,positive,0.837516725063324
2026-08-27,"La peor compra que he hecho, me ha durado 4 meses",pc,negative,0.9977555871009828
2026-07-22,"Al ordenador de mi hermano (un portátil) empezaron a fallarle los puertos usb (ya tiene unos años) así que esta fue una compra imprescindible, no ocupa nada y es muy cómodo de utilizar.",pc,positive,0.9640070199966432
2026-07-26,"Ha sido para un regalo le ha gustado pero la verdad que no era como me la esperaba, es muy pequeña y además es mucho plástico.",video_games,neutral,0.6442663669586182
2026-06-15,"La media hace su función perfectamente pero la silicona aprieta demasiado. Cuando llevo un rato con ellas puesta empieza a molestar incluso a doler la parte de la silicona. Prefiero usar las de pantys,",personal_care_appliances,neutral,0.6609079837799072
2026-06-29,"Buena capacidad, diseño bonito, mantiene el frio bastante bien. Unico malo que los bolsitos exteriores son muy muy pequeños apenas puedes meter algo.",home,positive,0.6654403209686279
2026-06-08,"ya compre la misma maquina y me ha durado dos años y medio , bien pensando en lo que vale pero saber que a partir de los dos años va a Cascar!!",home_improvement,negative,0.961100697517395
2026-06-05,se corresponde con la venta,pet_products,positive,0.5035816431045532
2026-06-29,"Es una vergüenza que las vendan como Nike y lo que son , es una réplica, osea una falsificación. Lógicamente he solicitado devolución.",shoes,negative,0.999164342880249
2026-07-17,valido para su uso durante el día pues luce muy fuerte similar a productos mucho mas caros y la cargo me dura varias salidas.,sports,positive,0.477772444486618
2026-08-07,Producto como se describe. Bonito y buen precio,jewelry,positive,0.8247635960578918
2026-08-15,Por a día de HOY no he recibido aún me pedido,toy,negative,0.9950842261314392
2026-07-15,"La funda es preciosa, cómoda, no resbala y los colores son tal y como aparecen en la foto. Sin embargo, como todas las fundas transparentes acaban quemándose y volviéndose amarillas. Y al cabo del tiempo las flores parecen perder el color y van desapareciendo. Igualmente, para lo que vale merece la pena.",pc,neutral,0.8437938094139099
2026-06-02,muy pequeños y fragiles. la llave se puede romper en cualquier momento y el candado se puede forzar con facilidad,home_improvement,negative,0.8850618004798889
2026-06-27,Súper pequeño. Compré para mi hija de 2 años ponía 90cm y no le vale. Es más para una niña de 1 año,lawn_and_garden,negative,0.7564374208450317
2026-09-03,Perfecto para repaso,book,positive,0.8739814162254333
2026-07-06,"Hay algunas figuras a las que la apertura viene cosida, por lo que no se le puede utilizar como marioneta de dedos.",toy,neutral,0.6966230869293213
2026-07-06,"Se me han roto en un minuto se rompe el plástico negro por dónde salen las escobilla ,la unión entre la madera y el plástico , pésimas no las recomiendo .",musical_instruments,negative,0.9962528944015504
2026-06-26,"Muy buenas, me salió todo bellísimo !!",home,positive,0.9622964859008788
2026-07-13,"Llegó todo antes de lo previsto, pero en 6 de las 30 mochilas, faltaban colores. Por lo demás todo bien.",luggage,neutral,0.6371402740478516
2026-06-27,Son cómodas y prácticas con la correa para que no se te suelten. El problema es que se empaña usando la máscara de polvo... y alguna vez también se me empaño de un lado sin la máscara... no se si no la uso bien.. no se si tuviera la oportunidad d comprar otras de otra marca. Lo haría.,industrial_supplies,neutral,0.771818995475769
2026-08-08,Solo me han durado un mes se descargan solas son malísimas las he cargado tres veces y a la semana se han descargado solas,home_improvement,negative,0.9979604482650756
2026-06-20,"es muy potente, luz super blanca, tiene 4 posiciones, max, media, intermitente y ultravioleta, viene con un adaptador para poner una bateria 18650 recargable , con la UV si nunca has mirado con esta luz vais a descubrir muchas cosas, cuidado cuando al entrar al baño con esta luz, se ven todas la salpicaduras y la cal del agua, el polvo etc. muy recomendable",home_improvement,positive,0.9925386309623718
2026-06-11,El pen falló al poco tiempo. Si no da problemas es una buena opción relación calidad precio. Si puedes permitirte otra amrca más fiable mejor.,pc,negative,0.7451083660125732
2026-08-13,"La entrega perfecta. La funda encaja muy bien y tiene buen agarre. El color es como en las fotos, me ha gustado",wireless,positive,0.9529187083244324
2026-09-12,"Un iluminador con un color muy bonito (dorado) y práctico al del de un formato como este,pero no es fácil trabajarlo",beauty,neutral,0.6597868204116821
2026-07-08,"El cristal templado que tenía ya pedía 'papas' así que me decanté por este. La única pega que pongo es que traen 2 en lugar de 1, incrementando el precio, pero bueno, si el que lo compra es torpe (como en mi caso), quizás hasta es una ventaja que vengan 2 =)",wireless,neutral,0.6581259965896606
2026-06-06,"Me ha sorprendido mucho pero para bien. por el precio pense que seria algun grifo normalito y de materiales reguleros pero para nada. es de acero inoxidable, se nota que es bueno porque pesa y por los remates que tiene. Estoy muy contenta con la compra, una ganga y ademas viene con los manguitos y las roscas incluidas. el mango del grifo tiene 1metro de extension.",home_improvement,positive,0.9725304245948792
2026-08-11,"Fue un regalo, lo usan dos niños de 4 y 5 años. Hace ya algunos meses y los rotuladores siguen vivos!!",office_product,positive,0.8818097710609436
2026-06-23,"Un juego muy divertido y educativo, nos lo recomendaron en el cole. Nos encanta!",toy,positive,0.9850428104400636
2026-07-17,"Cumple con lo detallado pero viene con poca parafina, ha sido necesario comprar algún paquete adicional.",personal_care_appliances,neutral,0.7451390624046326
2026-08-29,"La calidad del felpudo es muy buena, grosor adecuado.",home,positive,0.8110741972923279
2026-07-16,"Tengo el sueño muy delicado y me despierta cualquier ruido. Me los compré para dormir y no se adaptan bien, se caen.",musical_instruments,negative,0.9396256804466248
2026-09-15,"Funciona muy bien, lo único que no me gusta es el plástico que cubre el trapo de mopa para deslizarse, pero es de buena calidad",home_improvement,positive,0.8360499143600464
2026-06-12,"Lo he tenido que devolver porque no reconoce un lector dvd/cd externo también 3.0, me fie de las opiniones y esta vez me ha salido mal",pc,negative,0.9282591938972472
2026-08-29,Es muy original y aprovechas fácilmente el queso. Muy original,home,positive,0.8518141508102417
2026-06-13,Me ha gustado porque es lo que se ve en las fotos y lo que no me ha gusto que alguna pieza venía defectuosa.,kitchen,neutral,0.694955587387085
2026-09-12,"La funda bien,el protector venía roto y no se corresponde con el modelo teléfono.",wireless,negative,0.7501131296157837
2026-08-01,"Comprado para mis padres, tiene un teclado y un manejo francamente incómodos. Estéticamente es aparente y parece un producto de buena calidad pero no lo recomiendo para persona mayores. Existen modelos mucho más cómodos y sencillos",wireless,negative,0.6263683438301086
2026-08-21,"Lo que más me ha gustado es la calidad, las utilizo para salir en bici, no le doy 5 estrellas por el puente, es un poco estrecho, pero por lo demás ,muy buen producto y la funda para guardarlas increíble,robusta y con un clip para llevarlas colgando",sports,positive,0.9700294137001038
2026-08-28,Qué es un buen producto.,electronics,positive,0.9526513814926147
2026-09-05,Muy frágiles. Plastiquete.,home,negative,0.7142642140388489
2026-09-12,Las pulseras están bien. El rotulador tiene dos puntas y no pinta por ninguna de las 2,baby_product,neutral,0.704600989818573
2026-07-30,El diseño es bonito y tiene mucho sitio de diferentes tamaños para guardar cosas pero no se puede usar la cerradura porque no venía ninguna llave.,furniture,neutral,0.4816376566886902
2026-07-13,Fácil de montar y con gran capacidad,furniture,positive,0.9227981567382812
2026-08-15,"No soy muy de opinar negativamente pero en este caso creo que es necesario. El acabado es muy malo, con plástico en los bordes que sobresale, la medida no encaja para tubos de 115mm como indica el anuncio y en mi caso llegaron sucios como si hubieran sido utilizados ya con anterioridad o de haber estado almacenados sin protección. Lo siento, pero ya me gustaría decir lo contrario.",home_improvement,negative,0.9015514254570008
2026-09-16,"Es muy cómodo y no se sale nada, pero lo voy a devolver porque la calidad del sonido es pésima, se oye muy bajito!!",wireless,negative,0.9023221135139464
2026-09-08,En la descripcion pone que incluye las pilas AAA y no es asi. El soporte de la linterna es de excasa calidad y no sujeta bien.,sports,negative,0.9481312036514282
2026-08-07,No estoy segura d k sean autenticas pero son muy calentitas y el diseño es del mod basico buen acabado. Y buena calidad,shoes,positive,0.8890299797058105
2026-06-05,"Queda bien ajustada, y por el precio no está mal. PROS: Se aprovecha mejor la pantalla curva que con otras fundas, parece proteger bien y hay buena sensibilidad con los BOTONES CONTRAS: - Queda aire en la parte trasera del teléfono. En la parte delantera por ahora, parece quedarse solo en la parte baja central. - El protector de pantalla, al ser de plástico, se nota la perdida de sensibilidad, del cual te acostumbras y se nota también con otras fundas de silicona similares. - Con gafas de sol, se ven manchas negras en la pantalla por el reflejo del protector.",wireless,neutral,0.8487507104873657
2026-07-07,"No me ha gustado nada,es engañoso,pone pegatina y no lleva pegamento ni nada,en fin trozos de plástico para tirar a la basura,a no ser que te lo pongas con loctite que no se si será muy recomendable para uñas(creo que mejor tirarlo)",beauty,negative,0.9970550537109376
2026-08-11,Comprado en el black friday y dejan de funcionar los botones en abril. Espero que amazin me envie otros o me reembolsen el dinero.,musical_instruments,negative,0.940330684185028
2026-09-14,"Funciona perfectamente,facil de utilizar,no pesa nada,y muy comoda. Lo unico malo es que el deposito es pequeño si vas planchar mucho.",kitchen,positive,0.8919928669929504
2026-08-31,Por este precio está muy bien. Tallas algo pequeñas con respecto a las europeas.,apparel,positive,0.5162820816040039
2026-07-01,Tienes todo lo que puedes pedir en esta maquina. Fácil de usar y cambiar los cabezales. Tiene bastante fuerza para el corte y la bateria le dura bastante. Ademas. se carga muy rápido.,personal_care_appliances,positive,0.9793606400489808
2026-06-09,Algo pequeño pero está bien,home,neutral,0.5693874955177307
2026-07-21,Todavía no me ha llegado. Llevo esperando más de dos meses,book,negative,0.9925859570503236
2026-06-29,"Esta bien pero al lavarlo y perder el apresto , el tejido pierde la suavidad",apparel,neutral,0.7465781569480896
2026-08-17,"No pude poner ninguno de las dos protectores que venían, imposible y mira que he puesto. Una pena la verdad!",wireless,negative,0.9675827622413636
2026-07-10,todo bien pero el manual mo lo entiendo podrian ponerlo en castellano,home,positive,0.5639816522598267
2026-07-11,"Esta bien son de calidad pero como yo me lo esperaba el punzon y el cutter pse aflojan facilmente y la base de corte tiene pinta que no va ha durar mucho, porque tiene un iman dentro y esta tapada con otra capa y facilmente se abrira",home,neutral,0.8230782747268677
2026-08-25,Mal embalado la forma de envio no es segura para este producto y pues llega defectuoso como en mi caso,home,negative,0.96324223279953
2026-06-11,Me hubiera gustado un 1cm más grande para donde iba a ser puesto pero por lo demás tiene un acabado del bordado muy bueno,kitchen,positive,0.5518324971199036
2026-06-23,"Cumple su función aunque no es una gran máquina, pero para el precio que tiene que no se puede pedir mucho más.",drugstore,neutral,0.6501507759094238
2026-06-01,me ha gustado el material pero no el tamaño,pc,neutral,0.4562583863735199
2026-07-16,Sólo he recibido el pantalón. Es demasiado grande. Muy fino y solicite la devolución y todavía no lo han recogido,sports,negative,0.9821920990943908
2026-09-09,"Aunque el muñeco en general es de buena calidad (flexibilidad de extremidades, ropa, pelo, etc) es completamente alucinante que las muñecas estén de puntillas para llevar zapatos de tacón y TODOS los zapatos sean para pies planos! resultado: no se quedan de pie y cualquier zapato que le pongas se cae en 5 seg.",toy,negative,0.5710482001304626
2026-06-21,Facilidad de montaje.,home_improvement,positive,0.8071285486221313
2026-08-29,Me Ha llegado un producto diferente,sports,negative,0.9657886028289796
2026-09-18,No empapan y siento la humedad. Además son muy grandes. En mi pecho se arrugan y no se acoplan. Mala compra,baby_product,negative,0.9836812019348145
2026-07-06,Solo viene la lámina! Tienes que.comprar el.bastidor pero queda muy chulo,home,positive,0.4201344549655914
2026-07-24,Para lo que cuesta esta bien,beauty,neutral,0.5880006551742554
2026-08-26,Bien para trabajos de poca precisión,office_product,positive,0.4788051545619964
2026-07-27,Llegaron todos deformados. Hice la devolución el día siguiente. Dos semanas después sigo sin respuesta del vendedor.,home,negative,0.9950679540634156
2026-06-01,"No me ha gustado nada. Tenía puesto otro cristal templado por motivos de rotura lo cambie y compré este, nada que ver con el otro el táctil funcionaba como si no tuviera el cristal, pero con este no me obedece tengo que dar a las teclas varias veces y lo voy a quitar y tener que comprar otro. Le pongo una estrella porque no me deja no poner ninguna fatal no comprar.",wireless,negative,0.9997983574867249
2026-08-02,"Al tocarle la cabeza, se le mueve la cabeza por un muelle. Es muy gracioso.",toy,positive,0.5825343728065491
2026-07-24,Funciona correctamente. Lo cambié porque el anterior iba muy lento.,personal_care_appliances,positive,0.7312058210372925
2026-07-25,No es lo que yo he pedido el que habéis mandado no tiene mando. Y yo lo solicite con mando,wireless,negative,0.9446570873260498
2026-07-10,Ligero.pequeño y comodo,watch,positive,0.6648398637771606
2026-06-15,Este es un producto muy bueno. Tiene un gran uso. Me gusta y se lo recomiendo a mi amigo. Mi amigo dice que le gusta mucho.,home_improvement,positive,0.9250824451446532
2026-06-21,"se me hace pequeño para mis manazas, para un niño estaria bien",pc,negative,0.7527133822441101
2026-07-17,Muy bien todo bien gracias,electronics,positive,0.972599983215332
2026-08-12,"No puedo opinar sobre su eficacia por que aún no me ha dado tiempo, si sobre el contenido para nada 90 cápsulas solo 60, y eso me parece un timo por q tanto en el envase como en las preguntas pone claramente 90 capsulas, y por ello he pagado, solo espero que me lo podáis solucionar",drugstore,negative,0.8569245338439941
2026-07-23,"El tejido y su adaptación son inmejorables, cumplen muy bien su objetivo, para estar en pie toda la jornada laboral.",apparel,positive,0.989215075969696
2026-06-09,"Decepcionado en líneas generales. El sellado no es hermético, por lo que al final sale gran parte de lo que estás triturando por la base. El ensamblaje del vaso con la base no es para nada cómodo, a veces ejerce mucha resistencia. Si bates cosas enteras, como dátiles o tomates, hay trozos que quedan por debajo de las cuchillas y nunca se llegan a triturar, lo tienes que retirar con la mano, de lo contrario te lo encontrarás en lo que hayas batido. No la recomiendo.",kitchen,negative,0.9575897455215454
2026-08-13,"Por segunda vez, después de devolver el primero, viene con algún bote roto. Lo cierto es que parece que está bien embalado, no se si será problema de la empresa de transportes o de quién... Me voy a pensar si volver a pedirlo por ser motivo",home,negative,0.809283971786499
2026-07-22,"No viene con drivers de w10, los descargue de la web del fabricante. Tras varias pruebas el canal central no funcionaba, devuelta, calidad y soft adecuados",pc,negative,0.5741937756538391
2026-07-27,"Apenas suena, tiene muchísima potencia y me ha salido tirada de precio en comparación con otras páginas. Sin duda una elección con cabeza",pc,positive,0.6768236756324768
2026-06-26,es muy entretenido para pasar el tiempo con tu peque. y a la vez aprende.,toy,positive,0.8320109248161316
2026-07-11,Era lo que esperaba. Calidad precio estupendo.,home_improvement,positive,0.9075822234153748
2026-07-05,Lo tengo hace dos años y en general muy correcto. Lo único que el gps a veces tarda mucho en conectarse.,sports,positive,0.8929288983345032
2026-08-02,Muy bien para empezar colores bonitos y variados! Me gusto mucho.,toy,positive,0.9669205546379088
2026-06-25,"Para releer pero solo los 4 primeros capítulos, que son de diez. El resto del libro es un apéndice. Tiene sus cosas novedosas. Merece la pena.",book,positive,0.7941743731498718
2026-08-29,"Los compré de repuesto y han acabado siendo mis cascos principales porque se escuchan mejor, son más cómodos y más manejables. Muy buena impresión por el momento!",electronics,positive,0.9816511869430542
2026-08-14,No se pueden llenar al máximo ya que no dispone de cierre lateral y se abre la tapa fácilmente.,home,negative,0.605268120765686
2026-07-08,"El juego, por ahora funciona y está bien, si no, pondría una reclamación porque la caja me vino reventada como se puede ver en la foto",video_games,neutral,0.6393092274665833
2026-06-02,"Me llegó rota y tengo problemas para devolverla, no tengo donde me dirijo",wireless,negative,0.9868918061256408
2026-06-07,"Triste porque estaba muy contento y tuve q cambiarlo por un reembolso q no quería ya q no había mas existencias. El poco tiempo q lo tuve muy contento con todo menos con la cinta de pecho, no daba señal al aparato del pulso de hay mi cambio y de hay mi tristeza ya q me gustaba mucho como funcionaba el resto..",sports,negative,0.8358728885650635
2026-08-21,"Buen mordedor para bebés muy pequeños, fácil agarre y de materiales naturales. Me lo regalaron para mi bebé y ahora lo compro para regalar.",baby_product,positive,0.937727153301239
2026-08-30,Es un teléfono barato y cumple con los requisitos. Buena compra para quien quiere una alternativa más barata.,wireless,neutral,0.5060402154922485
2026-07-04,"Compre cinco pero todos vinieron del mismo color (negros) el tamaño bien para guardar pequeñas cosas. (Móvil, mando, lápices, cartas). Cosas de ese estilo. Calidad para el precio que tienen duradera. Satisfecho con la compra.",home,neutral,0.6351997256278992
2026-08-30,PRODUCTO SATISFACTORIO,other,positive,0.8901469707489014
2026-06-17,"He recibido ahora el paquete con la cazadora, había pedido una XXL, y aunque en las etiquetas dice que es XXL, corresponde con una talla M de las nuestras, no la devuelvo porque por el precio no vale la pena, la regalaré a quien le sirva Muy mal",apparel,negative,0.9588330388069152
2026-07-13,"Malisimo, se rompió nada mas abrirlo, no llegó ni a ponerse en el teléfono. No trae instrucciones ni papeles ni nada de nada... Muy malo",wireless,negative,0.9985849857330322
2026-07-29,"Muy difícil de quitar y poner, ya se me han roto varias, pero por el precio no está mal",wireless,neutral,0.552445650100708
2026-09-16,"Es muy grande. Depende cual vaya a ser su uso te vendrá bien o mal. A mí para correr, fatal...",sports,negative,0.5694520473480225
2026-07-21,Viene bien embalado y con todos los accesorios para su instalación,home_improvement,positive,0.8053371906280518
2026-07-24,Es un poco demasiado dura para mi gusto...,home,neutral,0.7172086238861084
2026-06-24,Se me estropeó no llegué a tenerlo un mes,home,negative,0.9025426506996156
2026-06-25,Mi sobrino no lo quiere usar nunca!! Pero el material es muy flexible y no pesa nada. Lo recomiendo,pc,positive,0.7379359602928162
2026-08-10,"La figura es brutal, está muy muy bien hecha, el embalaje ha llegado perfectamente. Peeeero, si esperabas recibir la Chase, olvídate. El apartado ""más información del producto"" donde específica Hagas Rojo Chase y la foto es de la edición Chase, no se corresponde con lo que te llega, que es la edición regular.",toy,neutral,0.4751034080982208
2026-07-22,En un mes estaban rotos,pc,negative,0.9866598844528198
2026-08-09,Muy bien pero sin grandes pretensiones,wireless,positive,0.5143194198608398
2026-08-27,"Se usan en un piso de alquiler, cumple su función",home,positive,0.4962267577648163
2026-07-03,"Me decidí por una cámara IP porque al final solo empleaba el vigilabebés en una habitación de todo el piso. Ahora podemos ver los dos al nene desde nuestro móvil. La calidad de los materiales es buena e la configuración inicial es muy fácil e intuitiva. La verdad es que me sorprendió, pensé que era todo más difícil, pero ya el qr para descargar la app y el otro qr para configurar la cámara me dejaron gratamente sorprendido. Puedes girar arriba y abajo, e izquierda y derecha la cámara, lo que le da mucha versatilidad. La calidad de imagen es buena con mucha luz y con poca luz, y el sonido también es bueno. Me gusta que pueda seleccionar solo un área de la imagen para que muestre alertas (solo marco la cuna), así que estoy muy contento con la compra.",camera,positive,0.995165467262268
2026-07-19,Le doy solo 3 estrellas porque es caro para lo que es. La firma nenuco parece ser que que no le interesa vender los muñecos completos y esto es para poder terminarlo de vestir. Es una mini Braga bonita para un nenuco pequeño. El pañal que trae es una tela chiquitina y no tiene olor a frutas como he leído en algún comentario.,toy,neutral,0.9072198271751404
2026-06-29,"El terminal ha funcionado bien 8 meses, después de este tiempo lo hemos tenido que devolver ya que a pesar de tener batería se apagaba. Supongo q debe ser un error de este terminal ya que tengo el modelo One y sigue funcionando correctamente. Un 10 para Amazon que lo ha gestionado todo súper rápido. La pulsera es bonita y con una correa de acero se puede llevar en cualquier ocasión.",sports,neutral,0.4683583378791809
2026-08-02,Pequeño y efectivo. Sólo tened cuidado de que la forma de los difusores de aire del coche sean compatibles por la orientación.,wireless,positive,0.854941725730896
2026-09-15,"Es una mochila cómoda, amplia, sencilla pero bonita. Acerca de la calidad, se de esperar que tal resulta con el uso y el peso diario, ya que la primera que recibí tenía uno de sus bolsillos interiores roto y espero que no me pase lo mismo con esta.",luggage,neutral,0.7816938161849976
2026-06-22,Uno de los mejores libros que he leído sobre emprendimiento y crecimiento personal. SUPER RECOMENDABLE.,book,positive,0.9876732230186462
2026-06-26,"Batería bastante bien, sonido un 5 raspado, durabilidad SUSPENSO. Me los compré hace poco y los he podido utilizar unas 5 ó 6 veces nada más, ya no me carga no puedo utilizarlos. He utilizado diferentes cargadores y enchufes y nada. NO RECOMIENDO SU COMPRA.",office_product,negative,0.6600102782249451
2026-06-28,Se despegó en el mismo día quizas solo funciona para cierto tipo de superficies,home_improvement,negative,0.8990327715873718
2026-08-24,"Muy incómodo, no se ajusta al pie. No puedes dormir con el",drugstore,negative,0.9893440008163452
2026-07-19,muy práctico. Tiene opción para el destello de luces de colores con el ritmo de la música. Buena relación precio calidad.,musical_instruments,positive,0.8811041116714478
2026-08-10,Cumplen su función perfectamente. Facilita coger los mandos de forma mas cómoda da,wireless,positive,0.9275610446929932
2026-08-20,"Colgué mi tele en el dormitorio con este soporte. Viene desarmado por completo. Hay hacer la estructura rectangular con los tornillos que trae. no es difícil hacerlo, pero da la sensación de peor calidad que los que ya trae la estructura terminada soldada y todo.",wireless,negative,0.7484597563743591
2026-08-23,"Impermeables no son, pero creo que tampoco lo anuncian. Son guantes de verano no son incómodos pero tampoco es que sean la panacea. Quizá compense hartarse un poco más. Con este CALOR ya ni me los pongo. Son frescos....pero son guantes. Solo por autovia. Lo que no sé es si son HOMOLOGADOS? Para la nueva ley del año que viene. En la etiqueta debe venir dibujada una moto y no se si en estos viene. Aunque llevan protección.",automotive,neutral,0.5315645337104797
2026-09-13,"La medida muy justa, hay que estirar mucho para que llegue.",baby_product,neutral,0.5522108674049377
2026-07-19,"Si te gustó until dawn, este juego te va a gustar mucho, aunque es una pena que la duración sea tan baja. En unas 3 horas lo terminas.",video_games,negative,0.7193465828895569
2026-06-20,"Pues no se, no funciona, no hace nada. Aparentemente buena calidad, igual.me toco el defectuosos. Devuelto.",camera,negative,0.9886970520019532
2026-08-25,"Están bien, alumbran mucho... Pero una me ha fallado el interruptor de encender y quería saber si hay alguna solución",home_improvement,neutral,0.7082446217536926
2026-08-31,"El Pie no es lo suficientemente alto para una TV de 22"" Solo es Valido para TV pequeñas o pantallas de PC pequeñas ya que por la altura no da suficiente como para poderlo utilizar se queda corto.",electronics,negative,0.8064407706260681
2026-08-02,"No les da la gana de hacerme la factura, no sé siquiera si eso es legal. Les he mandado un mensaje y ni caso.",home,negative,0.9905925393104552
2026-07-31,"Original lámpara decorativa para poner en el vestíbulo (en mi caso), y que llama la atención a quien la ve. No trae pilas AA para que ilumine",home,positive,0.8095424771308899
2026-09-12,"Envío bastante rápido, pero servicio pésimo, el paquete llegó con un golpe en un lado, al abrirlo pude comprobar que el golpe daño y rasgó la tela de la base.",furniture,negative,0.9366050958633424
2026-07-19,Fácil colocación aunque no muy resistente,home_improvement,neutral,0.6208863258361816
2026-08-10,"Compré este ventilador para sobrevivir el verano en Barcelona y me gustó bastante. Tiene tres velocidades que funcionan muy bien y la opción de girar (ligeramente ruidosa, pero un ruido tolerable incluso para dormir). La potencia es suficiente para una habitación mediana. Lo recomiendo.",kitchen,positive,0.9131227731704712
2026-06-01,Se lo regalamos a mi hija cuando cumplio los 4 años. Un acierto. Las canciones son las de la pelicula respetando los dialogos puntuales. Le encanto. Lo recomiendo.,other,positive,0.9839189648628236
2026-09-04,El collar me ha encantado lo que no me ha gustado es que puse otra dirección para que lo entregaran y hubo un lío que me costó solucionar para encontrarlo,jewelry,neutral,0.5530707240104675
2026-06-13,"No va de 40 a 1000. solo tiene un aumento de 40 y uno de 500. Casi aumenta mejor la cámara del mòbil con el zoom, la calidad es normalita, pero podria ser mejor. Creo que la relación calidad - precio, es baja y el software añadido deja mucho que desear ... Es todo plastico, vamos que si lo fuerzas un poco se rompe.",electronics,negative,0.5360275506973267
2026-09-02,Algo cortos para mi gusto. Para las papillas quedan algo justos de tamaño. Mi niño tiene mucho reflujo y si lo que saca es muy liquido el babero no llega a empapar y le resvala hasta el pantalon. Precio muy bueno y normalitos de calidad.,baby_product,neutral,0.8306373953819275
2026-08-26,"El móvil es muy fluido, y saca muy lindas fotos, por lástima la batería no dura tanto como esperaba, tenía un movil que me había salido 230 euros hace 5 años y la batería duraba mucho más al principio, esta la cargué a más de 90% hoy a la mañana y ahora llegando a casa a cenar está en 30%, temo por lo que vaya a durar de aquí a unos años. Para otra vez me pruebo otra marca.",wireless,neutral,0.6867240071296692
2026-07-21,Que es lo que yo es peraba gracias,home,positive,0.8440011143684387
2026-07-26,"Se pega bien, es fácil su instalación y se puede pintar.",home_improvement,positive,0.8643494248390198
2026-08-22,Muy bueno pero el tubo de la base del árbol estaba doblada . . . . . . . .,home,neutral,0.5609960556030273
2026-08-01,"Calidad precio es buena , nos gusta el café expreso y estamos bastante contentos",kitchen,positive,0.936514139175415
2026-07-02,Realmente no he notado ningún cambio ni de más volumen ni de crecer el cabello más rápido. No repetiré pues para mí un tongo...,drugstore,negative,0.913466453552246
2026-06-30,"Los cascos son cómodos pero al conectarlo a la TV se entrecortada el sonido, además de no ser claro, tenía un ruido blanco de fondo. Los devolví.",wireless,negative,0.9163621068000792
2026-06-29,"No es lo que esperaba, pensaba usarlo como luz nocturna, quitamiedos pero las luces cambian de color demasiado rápido y no son luces suaves. Sirven más de decoración o para una fiesta. La calidad del plástico no es muy buena pero por su precio tampoco se puede pedir más.",home,negative,0.658153772354126
2026-07-19,Está bien pero me parece demasiado caro para lo que es. Hay termos más baratos q cumplen la misma función. Imagino que será x la marca y x el diseño. A veces tras lavarlo persiste el olor a comida. En las fotos parece más grande de lo que es,baby_product,neutral,0.7076289057731628
2026-07-15,"Son algo estrechos, no abarcan todo el bolsillo pero son muy prácticos y hacen a la perfección su función",office_product,neutral,0.5601381659507751
2026-09-01,"Funda barata con medidas como las esperadas, la pega es que el cordon inferior de la funda que se supone que sirve para ajustar a las patas de la mesa es de dificil sujección",furniture,neutral,0.8014940023422241
2026-06-30,He probado muchos productos...este es el más ordinario. Una crema normal y corriente con un simple efecto hidratante y NADA MÁS!,beauty,negative,0.8926507830619812
2026-06-16,Está bien ( y el precio mejor). Es de plástico por lo que no parece muy resistente pero por ahora no se ha roto. Cumple su trabajo y me permite escribir con tiza sin mancharme las manos ( y la ropa). Sería perfecto si tuviera un sistema para empujar las tizas pero tampoco es algo que sea tan necesario realmente.,office_product,positive,0.509599506855011
2026-07-10,"No sé, no me ha convencido",drugstore,negative,0.80750572681427
2026-06-19,"No se puede usar el edge, se pega a la pantalla y se ven manchas como de agua, por lo demás bien",wireless,negative,0.5589998960494995
2026-06-18,"Para el iphone 6 si sirve, pero para el 8 conecta, pero las llamadas y notificaciones no llegan.",wireless,negative,0.8480321764945984
2026-06-01,"Resulta que al recibir la tienda tenía un soporte de una pata roto, debido seguramente al transporte. Desearía que me cambiaran la tienda por otra o que enviaran un soporte nuevo. Envio foto. Gracias.",sports,negative,0.6709554195404053
2026-08-17,Para que sirve el último botón? Al pulsarlo solo enciende una luz,home,negative,0.5124250054359436
2026-07-17,"El producto que he pedido no tiene nada que ver con lo que me ha llegado. Las medidas que ponen en la descripción son unas y la agenda que me ha llegado son otras. Y como me urge, ahora a tragar y quedármela",office_product,negative,0.9163461923599244
2026-08-05,"con el precio muy ajustado, buena relación calidad precio, cómoda de transportar y de poco volumen y peso, perfecta para excursiones",sports,positive,0.8819150328636169
2026-08-31,En la foto parecían dorados y son de un amarillo bastante feo,home,negative,0.8539748787879944
2026-09-02,"No sé, no termino de apañarme con la correa",pet_products,neutral,0.7621877789497375
2026-07-08,La calidad de sonido no es muy buena y parece depender del aparato al que lo conectes. Suena razonablemente bien al conectarlo al móvil (aunque rara vez será eso necesario) y bastante mal al intentar grabar o conversar via pc/portátil (el sonido era robótico y entrecortado). No lo recomiento. Los hay mejores por sólo 10 euros más.,pc,negative,0.9715284705162048
2026-07-21,Seca perfectamente y limpia muy bien. La base con las ruedas no está muy logrado y el cubo se ve bastante frágil. La mopa es lo mejor. Le doy 3 estrellas porque me parece muy caro.,home,neutral,0.9850531220436096
2026-08-02,"El libro está bien, tiene un tamaño adecuado y es económico. No me gustan los excesivos márgenes y que no respete los artículos entre páginas.",book,neutral,0.7527136206626892
2026-06-04,"llegan tres y la relaccion calidad precio esta muy bien, aunq se mancha mucho y una nada mas ponerla se me ha picado un poquito, no se si mala suerte",wireless,neutral,0.5217164158821106
2026-06-01,Me tenía que haber llegado el día 23 de noviembre y hoy 4 de diciembre aun no me ha llegado ni nadie sabe nada,automotive,negative,0.9917077422142028
2026-06-08,Ya es la segunda que tengo,kitchen,positive,0.9113129377365112
2026-06-29,Llegó con algunas piezas manchadas como si estuvieran utilizadas se salen las barras poca solidez y poca calidad menos que en la foto,home,negative,0.8232139945030212
2026-07-25,mas grande y ancha de lo que pensaba. No me deja cargar bien el móvil porque encaja mal la clavija,wireless,negative,0.7811048626899719
2026-09-11,No es muy reflectante pero cumple al 70%,automotive,neutral,0.7823302149772644
2026-06-03,"Este cristal templado no es para este modelo de movil, alomejor para el lite, pero esta claro que para el normal se le queda pequeño .",wireless,negative,0.5358036756515503
2026-07-02,Las dos piscinas que compré se han roto igual. No han durado ni un mes. Muy mala calidad.,pet_products,negative,0.993063986301422
2026-06-10,Luz flojita pero bien,home,neutral,0.6145167946815491
2026-08-13,"No llego nunca, y al día siguiente de llegarme el correo de que había sido devuelto y sin explicar porque lo devolvieron Le subieron el precio 20 euros....",home,negative,0.9951866269111632
2026-08-22,"Estable, cumple. El problema esa base, se unen dos partes mediante un sujetador en medio. se suele desmontar con facilidad si se levanta. Esperaba más.",toy,neutral,0.8207697868347168
2026-09-18,"lo compre porque la compra era benéfica, todavía no lo he escuchado",other,negative,0.9402506351470948
2026-07-04,Lo pedí en plata y me llego en dorado,jewelry,negative,0.5768038034439087
2026-09-05,"Por lo que vale se podría decir que es aceptable, aunque creo que por el mismo coste podría ser mejorable. Hacer instrucciones de uso que sirvan no supondría sobrecoste por ejemplo. Marcar las maderas para identificarlas mejor, los tornillos, facilitaría el montaje. Lo uso para dos gallinas, creo se hace pequeño si no las dejas salir cada día a estirar las piernas. Además no sé cómo hacen para entrar por la puerta con lo estrecha que es....",pet_products,neutral,0.8700461983680725
2026-08-26,"Por el precio este producto no le puedes pedir mucho. La forma, el molde, el esculpido está bastante bien, tiene sus defectos, pero de nuevo por el precio es mejor de lo que me podía esperar. Mi problema viene con la pintura que le han puesto encima, que parece que está manchado. Tiene ""detalles"" en negro que quedan fatal, porque no está repartido de una forma uniforme o intencionada, esto se bañó en pintura negra y se limpió un poco por encima para que no quede entero negro, y se nota mucho. He estado horas lijando cuidadosamente para poder quitarle toda la pintura negra y queda infinitamente mejor.",jewelry,neutral,0.6619709134101868
2026-07-25,Lo compre para uso personal en casa y ha cumplido con su función. Tanto a nivel de impresión como de escaneo.,pc,positive,0.7911797165870667
2026-08-31,"En la descripción no indicaba que es de 2 pines y yo necesitaba 4 pines. Tienes que hacerte cargo de la devolución, y como el envío certificado cuesta más que el producto lo devolví por correo ordinario. Al no haber seguimiento del envío, el vendedor dice no haberlo recibido y por tanto he perdido el producto más los portes de devolución al no poder demostrarlo. Desastre total!",home,negative,0.98880136013031
2026-07-02,Dos meses y medio me han durado. Una de ellas ya no funciona.,wireless,negative,0.9903389811515808
2026-07-20,Es tal como lo explica. Se adapta a la perfección al enganche de mi remolque-tienda. Muy fácil de colocar y a buen precio. La entrega super rápida.,automotive,positive,0.968525767326355
2026-06-07,"Me ha gustado todo, pero es más corto q en la foto aunque sea talla grande",apparel,positive,0.7189333438873291
2026-09-01,Está fonda está bien lo único que a mí no me ha gustado es que deja la pantalla muy al descubierto,wireless,neutral,0.4343882203102112
2026-06-08,"sale un buen café, en mi opinión mejor que el de las capsulas y además es mas barato",kitchen,positive,0.930904746055603
2026-08-04,Para lo pequeño que es da el pego en el exterior siempre utilizando una máquina de humo. Estoy contento compraré más.,home,positive,0.6680410504341125
2026-07-27,"La verdad es que no solo llegó a tiempo, sino que protege muy bien mis altavoces y es la medida correcta.. trae el compartimiento necesario para almacenar el cable del cargador.. y por lo demás, el material es bastante resistente",wireless,positive,0.9780713319778442
2026-08-06,Por el precio que tiene no está mal. Pero si estáis buscando un limpiador bueno no es el caso. Es muy superficial y si aprietas un poco se para. Para llevar de viaje es práctico.,beauty,neutral,0.6086301207542419
2026-08-27,La luz no es como la de la foto sino azul y muy muy pobre. Luego ademas son muy pequeños. Cerca de la devolucion.,home,negative,0.9562035202980042
2026-08-26,"No es del tamaño que esperábamos que fuese, pensábamos que era otro que adquirimos por precio similar, pero de mayor tamaño. Una pena.",home,negative,0.7562407851219177
2026-07-29,El color no es igual al que pedi,sports,negative,0.7087357640266418
2026-08-11,"El protector se ajusta bien y la parte superior del altavoz lo cubre muy bien pero me fastidia bastante 4 burbujas que no se quitan, cada una en una esquina. Lo puse con mucho cuidado y esas cuatro burbujas me ha sido imposible quitarlas. La pantalla también me ha perdido algo de sensibilidad aunque la protección se nota que es buena.",wireless,negative,0.696929931640625
2026-07-24,"Los paos están bien para el precio que tienen. No se puede pedir más. Cubren lo necesario. Los materiales son muy normalitos, a ver lo que aguantan. Precio/calidad buenos. Si lo que se busca es un entrenamiento duro y de intensidad no son los indicados pero para un uso esporádico si.",sports,neutral,0.6770584583282471
2026-09-09,Es igual que en la foto. Buena relación calidad precio. Tenía algún defecto en la pintura pero era mínimo. Totalmente recomendable para amantes de La Bella y la Bestia. El producto llegó antes del tiempo estipulado.,toy,positive,0.7885445356369019
2026-08-06,Son de buena calidad según su precio y hay gran capacidad de hielo,home,positive,0.87018883228302
2026-07-21,"Relación calidad-precio buena. Son útiles si son utilizados por niños, hasta edades aproximadas de unos 12 años. Para un adulto, no sirven. Se rompen al primer tortazo",camera,neutral,0.6161518692970276
2026-09-05,producto tal como sale en la foto se ve buena,pc,positive,0.6897684931755066
2026-08-31,Cortan muy bien. Por el precio que tienen son estupendos,home,positive,0.9220491647720336
2026-06-08,buen producto. tardó mucho en llegar.,home,positive,0.5969740748405457
2026-07-04,"Cierto que el motor no se escucha. Pero cuando el depósito está más o menos medio se escuchan muchísimo las burbujas generadas en el agua del depósito, tanto como para que si te despiertas a mitad de la noche, resulta bastante molesto y cuesta volver a conciliar el sueño. Imposible para tenerlo en el dormitorio.",home,negative,0.9507142305374146
2026-07-05,"Muy facil de montar, el ruido tampoco es excesivo y para entrenar sin ponerse al limite cumple perfectamente.",sports,positive,0.9398791193962096
2026-09-04,Buena puerta aunque hay que tensar mucho y forzar para cerrar la instalación correcta en mi caso que va entre cristales anclados a pared los tuerce demasiado y x miedo a romperlos no he podido tensar al máximo. Creo que para la función que tiene no necesitaría ser tan tensada y apretada a pared. Pero se ve buena puerta y buen producto :),baby_product,neutral,0.6750162839889526
2026-08-27,"pues el articulo no llegó, así que estoy esperando una devolucion del importe y volveré a pedir otro",toy,negative,0.9578046202659608
2026-08-17,"Se ajusta perfecto a los asiento, ahora si voy cómodos sabiendo que los pelos solo se quedarán en el protector. Todo genial",pet_products,positive,0.9710829854011536
2026-07-02,La gente con la que hablo dice que se me oye lejano aunque tenga el volumen del micro al máximo,wireless,negative,0.7025362253189087
2026-07-16,Llevo poco tiempo con el....pero de momento genial!,wireless,positive,0.9808496832847596
2026-09-15,La table está muy bien....pero no me gusta Pq la batería se descarga en nada ...No dura... Además el cargador no entra bien ni se carga.,pc,negative,0.596650242805481
2026-06-16,"llegado en perfectas condiciones, el rotulador seco(normal) viene muy bien para marcar las semillas,",lawn_and_garden,positive,0.887969434261322
2026-08-07,"Evidentemente es un lujo tener tantas obras clásicas y excelentes todas en un solo archivo, pero para cargarlo tarda un poco.",digital_ebook_purchase,positive,0.7625505328178406
2026-07-07,Fue un regalo para mi pareja y está contenta pero en un lado se a pelado la piel un poco y no es que lo use a diari,shoes,neutral,0.6606491804122925
2026-07-24,Para retratos en fotografía,camera,positive,0.634843647480011
2026-08-24,"Mucho plástico demasiado plástico , solo plástico, también por el precio no se puede esperar otra cosa es lo que hay",wireless,negative,0.8283225297927856
2026-06-14,"Acabo de ""recibir"" el producto, ""recibir"" por decir algo. Un repartidor de Amazon se intento poner en contacto conmigo, y al estar en el trabajo y no poder localizarme, sin intentar dejarlo a algún vecino como en otras ocasiones, LO HAN DEJADO EN LA PUERTA DE LA CASA, EN EL SUELO!!!! cualquiera que hubiese pasado se lo podía haber llevado!!! Una entrega de -5 estrellas que no puedo evaluar puesto que AMAZON no me deja poner estrellas negativas. Sobre el producto poco puedo decir, aunque entiendo que no tiene el vendedor ninguna culpa y que toda la culpa es del repartidor de AMAZON que ha creído conveniente dejarlo en la puerta durante 4 horas hasta que he llegado a casa. Tampoco sé si le falta algo al paquete, ya que este no estaba abierto pero se podía sacar la manguera por el lateral, de hecho así la he sacado. La valoración del producto no la puedo hacer aun puesto que no lo he usado, y con la opinión vengo a expresar mi malestar con AMAZON y con el incompetente del repartidor.",lawn_and_garden,negative,0.9382185339927672
2026-09-03,"Es una buena mochila. Bonita, bien hecha, aunque en impermeabilidad falla.",luggage,positive,0.5397400259971619
2026-07-25,"Perfecto, me queda genial y llego perfecto. Buen material y nada que envidiar a otras marcas. Sin problemas lo recomiendo.",wireless,positive,0.991411566734314
2026-07-18,"A mi parecer, no es nada fácil de instalar. Además se necesita de una paleta para adherir bien y luego poder quitar las pompas que queden. De momento cumple su función. Si lo consigues instalar perfectamente, bien. Y sino, estéticamente no se va a ver bien.",furniture,neutral,0.734817385673523
2026-08-21,"No sé si el producto es resistente o no al agua. Lo cierto es que se carga por luz y muy lentamente por luz solar. Las instrucciones en español tuve que buscarlas en internet y no sé entendían. No se sabe cuándo tiene poca carga y cuando está cargada por completo. Por lo demás, bien aunque con luz solar en la playa no cargó mi tlf",wireless,neutral,0.7779402732849121
2026-06-07,"Es fantástico y precioso, un utensilio genial para la cocina. Cuando lo utilizas tiene una luz donde ves cómo cae la sal, pimienta, lo que le pongas al filete. Está fantástico.",home,positive,0.9862729907035828
2026-08-13,"Si la quieres para pegar cosas con los imanes, bien... pero si escribes varias veces y lo borras el plastico que la recubre acaba por romperse muy fácil",home,neutral,0.5730516910552979
2026-06-07,"Después de un año de uso, tanto baterías como cargadores dan problemas. Por un lado, las baterías no siempre son reconocidas por mi cámara, Panasonic GH5. Por otro, al introducirlas en el cargador para cargar, no siempre son reconocidas por este. Control de calidad muy bajo, yo no me la jugaría.",electronics,negative,0.9037866592407228
2026-07-03,"Muy buenas cuerdas, me tarde unas horas en adaptarme pero despues se te hace natural. Suenan muy bien y son faciles de tocar.",musical_instruments,positive,0.9733364582061768
2026-06-23,Las correas cumplen perfectamente pero todas llegaron negras no multicolor,wireless,neutral,0.5567789673805237
2026-08-24,"Al meter las cápsulas originales de Nespresso, se salen todas. Muy descontento con el producto.",home,negative,0.9895641803741456
2026-06-19,Es mala calidad. Y con esta funda queda anulado el desbloqueo por huella. Np volveria comprarla,home,negative,0.9467142820358276
2026-06-19,No me han entregado el pedido y no se porque dice entregado hoy,grocery,negative,0.9958173632621764
2026-07-06,Imitación burda made in china...estafa...ni siquiera encajan bien y estiran los pelos en lugar de cortarlos... devolución o a la basura...,kitchen,negative,0.9997692704200744
2026-06-29,"La ropa de cama se sigue escapando. No sujetan demasiado. El envío, genial, como siempre.",home,negative,0.6796495318412781
2026-07-30,"Cansa la anécdota continua. Tal vez para los no médicos o profesionales no sanitarios sea más interesante, para los profesionales sanitarios es lo típico/tópico de las consultas.",digital_ebook_purchase,neutral,0.504445493221283
2026-08-21,Hola. Dejó de funcionar al segundo día y lo descambié. Un saludo.,home_improvement,negative,0.7290916442871094
2026-06-02,El cristal es ondulado pero se llena de polvo dentro de todos los bordes/ esquinas y no se puede limpiar.,wireless,negative,0.9318743348121644
2026-06-01,Perfecto y buen precio,drugstore,positive,0.9747706055641174
2026-07-17,El marco organiza bien varias fotos y no queda mal sin ser ningún lujo pero las medidas incluyen los marcos y me ha sido inválido para varias fotos que iba a poner dadas las referencias...,home,negative,0.673580527305603
2026-08-08,La base metálica de la vajilla no correspondió con la imagen en internet,kitchen,negative,0.7137909531593323
2026-06-20,"A pesar de poder poner el soporte enganchado a la cisterna del WC. debes de tener suficiente espacio para colocarla; es decir, que si la tapadera de la cisterna está muy pegada a la base no te permite correctamente colocarla. Además el portarrollos ( la parte en forma de U de color gris) es algo fina.",home,neutral,0.7905252575874329
2026-06-11,Ha venido rota de la boquilla. El trozo de cristal se ve dentro. Espero no tener problemas con la devolución.,sports,negative,0.9428502917289734
2026-09-14,"Pues aun es una cantidad considerable de fibra , ya la puse en el caso de la barca y desde luego que sale mucho mejor comprar así la fibra por un lado y la resina por otro, porque los kits esos que venden son para reparaciones muy chiquitas. el paquete llego bien y rápido.",automotive,neutral,0.5207584500312805
2026-06-02,Los he tenido que devolver porque son de muy mala calidad. Unos parece que tiene el cristal beig y los otros blancos. Nada recomendable,home,negative,0.9949323534965516
2026-08-06,El mejor té que hemos probado,grocery,positive,0.9676072597503662
2026-08-26,Muy buena presentación. Creo que fue una buena compra. La única pega es que no llega bien a los Verdes y q es un cristal que se ensucia muy notablemente con facilidad. Por lo demás todo perfecto. Lo recomiendo.,wireless,positive,0.7022421956062317
2026-06-12,Se sale el agua al conectarla. después de montada todo el trabajo es perdido mi opinión sobre el producto es muy negativa . me gustaría hablar con el proveedor porque tengo dudas de pedir la misma bomba. Esta bomba no ha sido probada antes de salir de fábrica lo cual me indica que tiene una falta de calidad importante,sports,negative,0.994466245174408
2026-06-20,"Me ha durado 2 dias, la segunda vez que la he usado, la goma interior no ha soportado la presión del agua y ha estallado en su unión con la pistola, como se ve en la foto. Una pena, tenía esperanzas en que me hiciera un buen servicio. No la recomiendo, de hecho ya he procedido a su devolución.",lawn_and_garden,negative,0.9987555742263794
2026-06-05,"Doy una estrella porque viene bien embalado,pero al ponerlo en el Xiaomi mi 5x se queda pequeño 1 milímetro por cada lado...",wireless,negative,0.99966561794281
2026-07-07,"Hasta la fecha no me ha dado ningun problema y la he forzado bastante....ignoro si con el tiempo se estropeará, no lo se, pero de momento va muy bien.",home_improvement,positive,0.860160768032074
2026-07-08,Demasiado frágil el vidrio de la bombilla. Por lo demás bien.,home,neutral,0.6141607165336609
2026-09-02,"El manual muy mal explicado, botones poco sensibles, muy corto tiempo de retroiluminacion, los símbolos poco intuitivos, bastante largo alcance",home_improvement,negative,0.9254699945449828
2026-06-09,"Fue una estafa total, primero me dijeron que se retrasaría un o dos días, luego que llegava ese mismo día y al final el día que tenia que llegar me mandaron un mensaje que me devolvían el dinero.Si quería podía comprarlo otra vez pero más del doble del precio anterior. No he logrado saber porque no llego así que mi conclusión es que se trata de un engaño,",apparel,negative,0.9979339838027954
2026-09-06,"cristal de buena calidad, facil instalación pero TENER CUIDADO que si poneis este cristal en el S8 y la vez una funda trasera , NO se adaptan bien las 2 cosas, demasiado grosor!! Recomiendo elegir o poner cristal o poner funda.",wireless,neutral,0.5727478861808777
2026-07-23,"No fu ciona bien, al poco tiempo me ha dejado de funcionar",wireless,negative,0.9695647358894348
2026-07-14,Es la tercera que compro y estoy encantada ya que protege el teléfono a la perfección y es muy resistente los niños y a los golpes.Además tiene varios colores. La funda ajusta perfectamente y cubre totalmente el teléfono y el tacto es muy agradable.,wireless,positive,0.9960534572601318
2026-09-07,"Son sencillos, pero porque son plata, si no, no merecerían mucho la pena. Son muy pequeñitos",home,neutral,0.5989767909049988
2026-08-25,"Es el mejor champú que he utilizado. Densidad muy adecuada, cremosidad, espuma correcta y tacto inmejorable. Y todo a un precio sorprendentemente bajo en el pack de tres frascos de 700 ml. Aconsejo muy especialmente este producto para quienes buscan calidad.",beauty,positive,0.9967415928840636
2026-09-16,"Diseño muy original. Al ser el dibujo de puntitos, no se desgarra ni se deteriora como si fuera una pegatina lisa.",apparel,positive,0.8027268648147583
2026-06-24,Relación calidad precio muy ajustada. Funcionan bastante bien,electronics,positive,0.7240279316902161
2026-08-20,"No está mal para su precio. Cumple bien la función. Se instala rapidísimo. Los datos los hemos contrastado y son correctos. Por ponerle una pega, la pantalla no se apaga sola. Estaría bien que pudieras encenderla para ver datos y se apagara sola. Por lo demás, calidad precio correcto. Llegó bien envuelto y en tiempo estimado.",home,positive,0.580406129360199
2026-08-13,Tienen buena goma van muy bien,automotive,positive,0.8565500378608704
2026-06-30,"Funciona perfectamente y tiene y recibe buen sonido, algo incómodo el auricular por no tener espuma ni goma que lo recubra pero perfecto",electronics,positive,0.837664008140564
2026-07-29,"El olor es estupendo, y desde luego lo he comprado varias veces",beauty,positive,0.895176887512207
2026-09-18,Buena calidad/precio,home_improvement,positive,0.8242145776748657
2026-08-26,"He pedido este libro que me faltaba de la colección y al abrirlo me encuentro que está en catalán, así que lo tengo que devolver",book,negative,0.8118246793746948
2026-09-04,"Me roza en los dedos,son un poco estrechas y si tienes el pie un poco ancho,te duelen un poco,y hace rozadura",shoes,negative,0.543716311454773
2026-08-20,"Envían la caja de cereales suelta sin enviarla dentro de otra caja de cartón para proteger el producto. Las agencias de transporte tratan los paquetes fatal y luego llega el producto machacado y hecho polvo. El empleado que lo envió así, pocas luces tiene sabiendo que le va a llegar al cliente la caja de cereales destrozada, me parece increíble que no le de la cabeza para más.",grocery,negative,0.9851309657096864
2026-08-20,"Es como se ve en la foto, el efecto espejo es total, pero mucho más pequeño de lo que se ve en las imágenes. Aún así, por el precio que tiene esta bien.",baby_product,neutral,0.7176938652992249
2026-06-14,"No encaja, hay que rectificar la pieza por varios lados",automotive,negative,0.7849043607711792
2026-06-09,Súper pequeño. Decepcionante,toy,negative,0.9713134765625
2026-07-10,Cumple con lo comentado aunque en ciudad distorsiona el sonido. En carretera perfecto.,wireless,neutral,0.6040218472480774
2026-08-05,El rodamiento que hace de tope para que no se Bloquee el tapón y permita la regulación del paso del agua se ha desprendido,home_improvement,negative,0.7386895418167114
2026-09-17,"Cumple con lo que se pretendía, pero ,, es más grande y voluminosa de lo que me esperaba.., en fotografía parece mucho más pequeña... En definitiva, para llevarla en un bolso pequeño, se quedas sin bolso ,,, y si la quieres llevar en el bolsillo,, pos abulta y es molesta para llevarla en el pantalon, o bolsillo de camisa.",wireless,neutral,0.7300538420677185
2026-06-25,Para mí es un poco agobiante,beauty,positive,0.4006681144237518
2026-09-11,"Ideal para perros grandes para viajar en avion. Facil de montar, pena que no viene con las ruedas pero tampoco me hizo falta...",pet_products,positive,0.8597084879875183
2026-08-12,"No me han gustado, son de 3 metros y se necesitan paa las pequeñas 4 metros ( esto para Ritmica ) Para jugar están bien,",sports,negative,0.7316570281982422
2026-06-22,Está muy bien es lo q esperaba perfecto para mi niño de 3 años es la talla m. Lo único que el color rojo es más oscuro que en la foto,toy,positive,0.8962973356246948
2026-09-15,Cuando lavas los platos le entra agua no es estanco y cuando se moja se despega con facilidad,wireless,negative,0.8524367213249207
2026-09-18,"El producto en si esta bien y el pincho interno sale al apretar, no como en otro que tenia que se quedaba enganchado. Pero me habria gustado que me habria venido cada uno en su caja, ya que los dos son para regalo.. y uno tendre que entregarlo suelto.",automotive,neutral,0.6894146203994751
2026-06-04,"Es resistente, cómoda y buen tamaño",sports,positive,0.8625259399414062
2026-06-26,Mala compra y no la recomiendo.En la primera habitación que empecé a pintar se rompió y salía la pintura a chorros. Recomiendo no comprar porque es tirar el dinero .En televisión lo anuncian y mucha gente lo compra como yo.Un timo,home_improvement,negative,0.9964291453361512
2026-07-28,Producto que se adecua a la descripción. Caja metálica muy práctica en cuanto a dureza y tamaño.,kitchen,positive,0.8048302531242371
2026-06-29,No tienen casi consistencia. Poca flotabilidad,sports,negative,0.8693468570709229
2026-09-17,"El color me parece un poco menos vivo que en la foto, pero es muy chulo y da un toque en la mesa muy original.",kitchen,neutral,0.4977782070636749
2026-09-06,"Son de plástico rígido por lo que no parecen naturales , muy caras en relación a la calidad.",home_improvement,negative,0.8304494023323059
2026-08-26,la talla ideal era como me lo esperaba,apparel,positive,0.8014318346977234
2026-07-07,No me ha gustado nada la relación calidad-precio. Por este producto pagaría 30 euros como mucho. Además me llegó desprecintada y claramente devuelta por otro cliente. Mala experiencia. No lo recomiendo.,home,negative,0.990982711315155
2026-08-14,"Por momento está todo muy bien, la calidad de impresión muy bien, estoy super contento con esto, la configuración de wifi no logro conecta, finalmente tenía que comprar un cable usb.",pc,positive,0.8794676661491394
2026-08-09,"Las sillas están torcidas, las ruedas son muy malas y con un poco de peso no ruedan. Y además presentan varios golpes, signo de haber sido desmontadas y devueltas con antelación.",home,negative,0.9852755069732666
2026-06-18,"Las plantillas estupendas, pero lo puse en urgente para que me llegara el dia 20 y llegó el dia 21 por la tarde",drugstore,negative,0.4435649514198303
2026-08-24,"Por ese precio mejor el Phillips sonic En general no merece la pena comprar un cepillo eléctrico que no sea sonic, la sensación de limpieza no es la misma...",personal_care_appliances,negative,0.718977689743042
2026-07-12,"He recibido las cuchillas antes de lo previsto, por ese motivo les he puntuado más, pero sin embargo la calidad deja mucho que desear. La soldadura de la pastilla al mango está oxidada",home_improvement,neutral,0.7491128444671631
2026-09-08,Diria que el producto made in china no es a norma CE ya que no pone el logo en ningún lado y a mi me da bastante cosa meter dentro un objeto que esta mas veced al dia en la boca... Si no es a norma CE lo devolveré.,drugstore,negative,0.9452611804008484
2026-07-11,No se le puede pedir mas por el precio que vale,home,negative,0.3682675063610077
2026-07-08,"La compré porque era grande ya que uso constantemente mesitas para comer delante de la TV y también para escribir y dibujar. La única pega es que las ruedas no ruedan bien. Tienen freno pero aún quitándoles el freno no corren bien. Menos mal que todo (mesa y estructura) pesa poco y la puedo levantar y/o arrastrar. Seguramente le cambiaré las ruedas por otras mejores porque la verdad, la mesa es una pasada. Me encanta.",furniture,neutral,0.794718325138092
2026-07-04,"Huele muy bien, igual que el perfume, pero es poco eficaz contra el sudor y no dura casi nada. Me ha sorprendido que no estuviera a la altura.",beauty,neutral,0.6544373631477356
2026-06-17,A los 3 días se me rompió la cremallera. No lo recomendaría en absoluto. Calidad mala.,luggage,negative,0.9748550057411194
2026-07-07,"calidad precio muy bien, el material un poco flojo, el estuche y bolsita pequeños",luggage,neutral,0.654761016368866
2026-06-25,Rápido y fácil de montar,furniture,positive,0.793205976486206
2026-09-10,Es un poco más cutre de lo que aparece en la foto. Decepciona un poco,furniture,negative,0.5079489350318909
2026-08-15,Calidad precio estupendo. Tonos rosa claro muy agradable.,home,positive,0.9167852401733398
2026-08-26,Es muy bonito y hondos los cajones,furniture,positive,0.7140426635742188
2026-09-14,"Parecian de buena calidad, sin embargo son muy plasticosos. Además uno de los auriculares emitía un pequeño ruido de forma intermitente. Finalmente los devolveré porque ni son de calidad ni son cómodos.",electronics,negative,0.961925745010376
2026-08-25,No se si es por las pilas pero el led funcionò por muy poco tiempo. personalmente me han robado igual pero esto no es culpa de las cámaras,home_improvement,negative,0.8425235748291016
2026-08-24,Buena calidad precio.,sports,positive,0.5900012850761414
2026-06-27,El café no sale con espuma,kitchen,negative,0.9174651503562928
2026-07-27,La guitarra está muy bien para niños pero le doy solo 2 estrellas porque en el pedido pone que es rojo y me lo envian en negro,toy,negative,0.9849674105644226
2026-07-01,Muy buen calzado para pasar horas de pie...lo único malo que se rompen de las costuras y interiormente.....ademas de sudar mucho el pie ya que no tienen por donde respirar el pie...pero por cómodas son muy cómodas..se rompen interiormente también,shoes,neutral,0.6395136713981628
2026-06-06,El carro golpea los tobillos y las piernas y al final dan ganas de estrellarlo. Al no ser rígido no mantiene el espacio que le proporciona la mano. No es un invento útil.,home,negative,0.9889328479766846
2026-08-30,facil montaje. Resistente y buen funcionamiento. El precio un poco caro,home_improvement,positive,0.6818267703056335
2026-07-10,Viene sin caja todos sueltos. Por ahora todos los que grabado van bien,wireless,negative,0.4819597601890564
2026-09-06,"Buenos días, parece que funciona correctamente pero al ponerlo a cargar a los 5 minutos dice que ya está cargado, lo usas y se desgasta la batería en 10 minutos o menos. He probado con dos cargadores diferentes pero sigo teniendo el problema. Me habrá salido malo ya que tuve otro y funciona correctamente.",drugstore,negative,0.7942593097686768
2026-06-12,"hola, todavia yo no recibio ninguno de mis pedidos.",pc,negative,0.9571611285209656
2026-09-17,Vino rota no sella 90w poca potencia he comprado otra 140 w de Lidl y no hay color,kitchen,negative,0.9614895582199096
2026-07-23,"No me han traido las sartenes, cuando dice que va el juego de ollas y sartenes",home,negative,0.9569814205169678
2026-08-10,Muy facil de poner y la peluca es horrorosa,toy,negative,0.5750025510787964
2026-06-10,Una mierda como una casa,home,negative,0.9835554957389832
2026-07-15,CUESTA UN POCO INFLARLA POR LO DEMAS PERFECTA. COMPRE EL TAMAÑO GRANDE,sports,positive,0.5780730247497559
2026-06-17,"Una M como un mundo, la bandeja de los restos (que va por detrás) se cae todo el tiempo por lo cual se caen los restos. Si intentas perforar 10 hojas ya le cuesta muchísimo y tienes que hacer bastante fuerza, solo hace los agujeros para la espiral, NADA más, ni una espiral de muestra trae. NO LO RECOMIENDO. Carisimo para lo que hace",office_product,negative,0.9934728741645812
2026-06-26,"Tiene mas capacidad de la que esperaba, se la compre a mi pareja y me preocupaba que fuese mas pequeño pero es grande y tiene buena capacidad.",beauty,positive,0.8407607674598694
2026-08-24,"Menuda faena! En general bien, pero el tronco me lo han dado de 2 tonalidades distintas y se nota mucho. Todo el mundo pregunta al verlo. Adjunto foto.",home,negative,0.5874463319778442
2026-08-31,"En la descripción pone que es compatible con el huawei mate 8 pero no es así, la clavija no coincide",pc,negative,0.8923108577728271
2026-08-01,Tiempo de uso es muy breve,kitchen,negative,0.5729740858078003
2026-07-16,Es elegante y protege él teléfonos de caídas y golpes,wireless,positive,0.7436264753341675
2026-08-03,Para medir pulsaciones de forma rápida es muy interesante! Le falta ser algo más preciso pero nos da un diagnóstico rápido de nuestro ritmo cardiaco.,personal_care_appliances,positive,0.7478554844856262
2026-06-02,Elegí la talla exacta de mi pie por lo que me quedaron bien. Me gusta mucho el color blanco para las zapatillas pero la verdad es que se ensucian super rápido y más si son de tela. Sin duda las recomiendo por que son cómodas y combinan con cualquier tipo de ropa.... pero hay que tener cuidado con ellas.,shoes,neutral,0.7558779716491699
2026-07-24,El producto cumple con su cometido. Lo he utilizado para cambiar las pilas a un monton de juguetes pero resulta complicado cambiar los cabezales. Es complicado que encajen y no se salgan pero una vez se encajan es complicado sacarlos.,home_improvement,neutral,0.6819915771484375
2026-09-15,"Lo compré para llevar el kit de iluminación básico que está compuesto por 3 paneles led, 3 tripode ligeros, 3 baterías y algunos accesorios de agarre tipo brazo mágico. En definitiva, no lleva mucho peso. Super contento por llevar todo mi material en una sola maleta, ruedas bien, materiales, etc.... Desilusión total en el tercer día, al coger por el asa principal, ya que se rompió.",camera,negative,0.6192345023155212
2026-08-04,Hay veces que con un movimiento brusco se suelta la botella de la correa,pet_products,neutral,0.7712750434875488
2026-07-21,"Queda muy bien, solo dos pegas, una que los tornillos del respaldo del sofa eran cortos y tuve que comprar unos mas largos y otra la falta de Instrucciones",kitchen,neutral,0.678758442401886
2026-07-23,"No me gusta mucho la verdad, por el tipo de cepillo, es como un peine, además venía sin precintar, no se desde cuándo puede estar abierta, creo que en cosméticos debería ser obligatorio venir precintado, ya que la fecha de caducidad cuenta desde la primera vez que se abre.",beauty,negative,0.7736107707023621
2026-07-06,"Bonitas comodaa, pero de talle pequeño",shoes,neutral,0.4635287523269653
2026-06-26,"La funda del teléfono es de buena calidad y protege muy bien,en cambio el cristal templado se quedan los bordes sin adherir bien .",wireless,neutral,0.7021247148513794
2026-06-29,Me vino muy bien para la bolsa de hospital para mis cosas y las de mi peque. El estuche pequeño es diminuto y aún no le veo uso,baby_product,positive,0.4777160584926605
2026-06-21,"Muy pequeño y no es fluorescente, solo está pintado y no brilla en la oscuridad",toy,negative,0.9786659479141236
2026-06-11,"Demasiada nostalgia en un juego, es bueno si eres fan de la saga.",video_games,positive,0.5115086436271667
2026-07-10,"Muy buen libro e interesante, pero no está actualizado. Eso si las fotos y todo viene explicado perfectamente.buena calidad de papel",book,positive,0.7870985865592957
2026-06-11,No es muy certero para el precio que tiene por sabemos que hay aap gratuitas que mas o menos hacen lo mismo,home_improvement,negative,0.6670655012130737
2026-07-06,"Siempre he confiado en los productos de Amazon, pero me he llevado una decepción al ver que el paquete estaba abierto y probablemente la memoria haya sido devuelta o ya usada por otro cliente. Si hubiera querido memoria de segunda mano la habría comprado en productos reacondicionados no de los nuevos.",pc,negative,0.9683303236961364
2026-07-29,"Al realizarlo con agua no está muy logrado, mejorable, yo lo hago con leche está mucho más rico. Con leche esta",grocery,neutral,0.6017844080924988
2026-07-09,"Tengo que decir que me ha quedado perfecto gracias a el plástico que trae para que quede en su sitio, el único problema que le veo es que quedan muchísimas burbujas y no exagero cuando digo que estuve 2 horas para conseguir quitar todas las burbujas que quedaron, aun así el resultado final ha sido bueno.",wireless,neutral,0.7802725434303284
2026-09-12,"Cojin igual que en la foto, bonito y bien a acabado.",pc,positive,0.7922678589820862
2026-09-07,No me han entregado a domicilio. Me han dejado bajo en la tienda aunque le dije a al chico de envío que no me lo deje allí y no ma Hecho caso,furniture,negative,0.9498207569122314
2026-07-24,"Traen muy poca cantidad por rollo, y la impresión no es muy buena. Por el precio tampoco se puede esperar mas",home,negative,0.6674996018409729
2026-09-06,"Para personas q están en cama es perfecto, más cómodo q un cojin",personal_care_appliances,positive,0.7193196415901184
2026-07-25,Adecuado. Llegó bien.,home,positive,0.5320330858230591
2026-06-24,El plástico negro parece de bastante mala calidad para el precio que tienen. El producto me vino sin un golpe en el embalaje y al abrir los tuppers 4 de ellos estaban partidos en mil trozos en una de las esquinas. Los devolví y compré otros por precio similar.,home,negative,0.9789829254150392
2026-06-22,He acabado en el hospital de urgencias con taquicardia por las pastillas estas.,drugstore,negative,0.9102439284324646
2026-08-08,"El plastico de los libros de lengua viene abierto,los demás bien envueltos,",book,negative,0.650887668132782
2026-07-26,"El protector se pone fácilmente, y es cierto que da bastante bien el pego (no parece que lleves un protector), además no da problemas con la funda (yo llevo una transparente de las que cubren la parte trasera y los laterales, y de momento no se me ha despegado el cristal) ni parece perder sensibilidad (a excepción de la parte superior, donde desplegar la barra se convierte en una lotería, que a veces toca y otras no). Ahora bien, el protector no cubre completamente el teléfono (en mi caso un S8) sino que deja una pequeña franja tanto por arriba como por abajo sin tapar. Y por el precio, aunque no estoy decepcionado, si que esperaba que se adaptase 100% y que no diera problemas la zona superior.",wireless,neutral,0.8505376577377319
2026-07-03,"perfecto para su cometido, necesite dos, uno en las antenas otro en la tv y deco",home_improvement,positive,0.7710145711898804
2026-07-06,"Bonita imagen del principito. Cubre bien todas las partes. El único pero que es un poco grueso y pesado, pero no es exagerado.",pc,positive,0.8188157081604004
2026-06-20,Alumbran un montón son super potentes no tienen punto de comparación con los que llevaba antes son geniales aunque el balastro lo encuentro un poco grande para ser solo un convertidor,automotive,positive,0.7647666335105896
2026-08-22,"Ya lo conocía en su formato anterior. Es muy práctico para usar cuando se tiene prisa. Deja el pelo fácil de peinar, brillante y suave. Si se usa demasiada cantidad puede engrasar un pelín. Yo también lo tengo usado en seco, cuando hace días de mucho viento y llego a casa con la melena muy enredada. Huele bien,a limpio y algo cítrico.",beauty,positive,0.8178853988647461
2026-09-07,A mi me ha resultado mal pero no sé si es por culpa de los disquetes.,wireless,negative,0.5220841765403748
2026-09-15,Buena calidad. Los utilizo para jugar al fútbol.,apparel,positive,0.8500728607177734
2026-08-20,"De lo peor que he comorado,devuelto",automotive,negative,0.9806602597236632
2026-08-01,"La temperatura que se marca en el propio calentador difiere mucho de la real del acuario, el calentador va muy bien, pero el termostato que lleva dentro no parece que esté muy ajustado...",pet_products,neutral,0.7530760765075684
2026-09-17,Da luz natural a los peces y no genera la cria de algas en los cristales del acuario Lo recibi dentro del plazo de entrega todo correcto,pet_products,positive,0.8377352952957153
2026-09-15,Lo recibí sin factura. He solicitado factura y no he obtenido respuesta. Es muy bonito eso si. Es muy fino y para muñeca pequeña,watch,neutral,0.5071889758110046
2026-09-06,Me ha gustado mucho el diseño y además es muy funcional como yo quería.,luggage,positive,0.9516695141792296
2026-08-12,"En la caja pone q viene con una funda y no la trae, ya solo x eso t sientes un poco engañado",drugstore,negative,0.82793790102005
2026-06-26,Si no me a llegado desde noviembre lo compre y no me quieren devolver el dinero no me dan respuesta alguna vaya mierda pero para cobrar si lo hacen rápido,home,negative,0.9810139536857604
2026-08-05,"Es un producto correcto, pero si le das caña, como es mi caso, el material que recubre el cable del cepillo se pela debido al calor y la humedad.",kitchen,neutral,0.590811550617218
2026-08-12,"La usamos para cello. El soporte plástico es útil por si se cae. Cantidad más que razonable para un uso escolar habitual, aunque no intensivo. Recomendable, ya que es algo más barata que la de otras marcas clásicas.",musical_instruments,positive,0.5404003262519836
2026-08-12,"Bien solamente de Nueva. En poco tiempo ha bajado la capacidad de la batería muchísimo, a un cuarto aproximadamente de la capacidad inicial.",pc,negative,0.8276353478431702
2026-07-10,"Como se puede ver en las imágenes, así han llegado las gafas, aplastadas a mas no poder. Lo sorprendente es que las gafas están sanas y salvas...No se si es culpa del vendedor por no proteger mejor el envío o del transportista...pero por los pelos no llegan rotas.",sports,negative,0.8563411235809326
2026-06-17,"Bajo a tres estrellas: como solo se pega un milimetro alrededor justo en la curva, supongo que por eso mismo en algunas zonas de la pantalla ha perdido sensibilidad, ya que no se adhiere realmente a toda la pantalla. Sigue quedando bien estéticamente pero eso resulta molesto si escribes bastante. No es el más transparente que haya visto, con la pantalla apagada se nota, quizá también refleja más de lo esperado. Parece que solo adhiere un milimetro todo alrededor. Pero hace lo más importante, protege, se adapta a la forma de la pantalla por que es ligeramente curvo en los laterales y por eso no resta visibilidad en los laterales como otros, y cuando está encendido se ve perfectamente. Sin ser perfecto tampoco, es mucho mejor que los que son planos y no abarcan toda la pantalla o usan gel en el borde (tiré dos, quedan muy mal). Por este precio, hasta que haya otro también curvo y de mejor cristal, me vale.",wireless,neutral,0.966417670249939
2026-06-01,"Es bajito, como para que tienda la ropa un niño. Puede secar ropa pequeña y fina. Para más rapidez y superefectivo es poner la prenda extendida encima en lugar de cada una en su barrita. Perfecto para un olvido. Para toda la colada tienes que esperar varios dias e ir cambiandola de posición.En el consumo no he notado nada .",home,neutral,0.5877680778503418
2026-08-28,"Es exactamente igual que el original. Quizás el material de la carcasa es de menos calidad, pero el resto es igual",electronics,positive,0.8641871809959412
2026-07-31,"Es verdad que al no ser sal de origen marino aporta un sabor especial a los platos, me he dado cuenta que es lo que me gusta,tengo que suprimir algunas otras especies para conseguir el equilibrio. La llevo consumiendo un tiempo.",grocery,positive,0.7876174449920654
2026-07-13,"Protege bastante pero no le pongo 5 estrellas xq no tiene mucha estabilidad cuando lo pones en la mesa y el hueco que tiene para cargar no va muy bien forzando la clavija del cargador. Debido a esto mi ipad no me carha ya, ni sé si lo que se me ha estropeado es precisamente esa clavija o el cargador.",pc,neutral,0.6185193657875061
2026-09-12,Adecuados para el desarrollo de la actividad,office_product,neutral,0.5259175300598145
2026-07-12,"Aunque no recibí mi paquete después de unos días, ya pasado. Hablé con el vendedor y me dijo que me reembolsaria el importe y si mi paquete llega en otro momento lo obtuviera como regalo. Fue muy amable!",beauty,positive,0.5450636744499207
2026-06-25,Bie para su precio calidad,home_improvement,neutral,0.5750002264976501
2026-07-09,"Es un soporte buenísimo, ligero, plegable, fiable y que lo puedes guardar en un cajón por sus dimensiones, buena compra.",musical_instruments,positive,0.972064197063446
2026-07-05,"El cable ""fino"" es algo más corto de lo que esperaba. Igualmente, en general es un seguro muy completo",sports,neutral,0.5363361239433289
2026-06-03,"Es estupendo, a pesar de ser muy grande es estable. Las telas bastantes buenas, opacas y sin brillos.",camera,positive,0.9558835029602052
2026-09-09,Pequeña y compacta. Perfecta para llevar en el bolso del almuerzo.,kitchen,positive,0.8011189699172974
2026-09-16,No me ha gustado. Tengo otra por el mismo precio y esta no tiene nada q ver. No hace bien el vacío y hay pérdidas. No he acertado para nada. Con la otra no me pasa y hace dos años q la uso.,drugstore,negative,0.954145848751068
2026-07-14,"El protector que he recibido tiene la medida incorrecta, corresponde al Moto G5, y yo he pedido la del Moto G5 plus. No lo indica en el envase, por lo que sólo lo he podido comprobar una vez abierto el envoltorio. No lo puedo devolver.",wireless,negative,0.949254035949707
2026-07-21,"Decepción total con este producto, pues desde el primer momento al intentar incorporar las llaves a la estructura, los tornillos cedieron muy fácilmente. La estructura es demasiado frágil y dudo que para uso diario tenga buen aguante.",luggage,negative,0.9813928008079528
2026-09-02,"No se ajustan bien al oido, mucho peor que otras marcas",sports,negative,0.9501786828041076
2026-09-10,"La funda en sí está bien, el problema q he tenido es q tengo una canon 6d mkII y queda muy muy justa, no es para proteger de los golpes, únicamente de los arañazos.",camera,neutral,0.5935274958610535
2026-09-06,"El biberón se ve de calidad pero a mi bebé no le ha gustado nada este tipo de tetina, no he encontrado otro tipo de tetinas compatibles con lo que los uso como mezclador para preparar los biberones. Traen un tapón de rosca muy útil y robusto y la capacidad es buena",baby_product,neutral,0.5740839838981628
2026-06-12,"Me vinieron muy bien para mi armario de la ropa. Lo malo, no poder comprar in par de ellos",home_improvement,neutral,0.500525712966919
2026-06-19,"El tamaño, calidad y entrega todo bien. Aunque no compré funda para lluvia porque según las características del contenido incluye una. Eso no es real, por lo que pido que quien ese contenido de las características.",pc,neutral,0.5185593366622925
2026-09-09,"No digo que sea malo, pero a nuestra bebé no le gusta estar ahí adentro, no sabemos qué sucede 😢",baby_product,negative,0.5051594376564026
2026-07-14,Increíble calidad/precio,apparel,positive,0.9080485701560974
2026-07-29,Era un regalo para mi hijo que tiene 8 años. Le ha encantado. Esta muy bien al tener las ilustraciones. Ha sido una muy buena compra,book,positive,0.9812309145927428
2026-07-19,"Me gusta el tamaño y el material, pero el tapón me da problemas, con el uso la goma no aprieta bien y pierde agua.",sports,neutral,0.5638212561607361
2026-07-31,La variedad de pistas que tiene es alucinante peor los niveles son bastante chungos,video_games,neutral,0.617470383644104
2026-06-17,"La calidad es equivalente al precio. Si necesitas algo sencillo y barato, es perfecto.",camera,positive,0.8986601829528809
2026-08-13,que la maquina no resetea los coches para los cambios de aceite motor.una opcion muy importante.,automotive,negative,0.4948926270008087
2026-07-27,"Es una especie de espada que hace ruidos dependiendo del botón al que ledes. No es muy cara por lo que no le voy a poner mala opinión, y a mi hijo que ve los dibujos de los Dino Kings le gustó. Pero el juguete en sí es muy simple vale lo que cuesta ( poco).",toy,neutral,0.6500532031059265
2026-07-25,Buena compra está bastante bien y la luz brilla bastante,toy,positive,0.9270822405815125
2026-07-17,"He utilizado este cortapelo varias veces y va genial.Los distintos cabezales vienen bastante bien sobre todo para mi los 2 de la barba que es para distintas alturas de barba,no noto tirones.Lo recimiendo.",drugstore,positive,0.9720393419265748
2026-06-12,"Buenos terminales y buena construcción en general, he probado y vá muy bien. Te aporta tranquilidad en casa.",electronics,positive,0.932599663734436
2026-08-01,"Creo que es la mejor compra que he hecho, tengo una perra que suelta monton de pelo pero a mansalva y llevo 3 dias usandolo y me he quedado maravillada. pasa por todas las habitaciones las localiza y las aspira , rincones y todo el resto , cuando se queda sin bateria vuelve sola a la base y listo. la duracion es bien 1 hora y algo. Estaba cansada de barrer y porque me han de operar de la rodilla poco podia hacer,. El modo silencioso nse nota algo. A veces es un poco erratico para volver a la base pero la encuentra sin problemas",kitchen,positive,0.9706210494041444
2026-08-19,Al máximo da una luz muy tenue y además azul. No ha cumplido mis expectativas. Según los lúmenes debería alumbrar mas,sports,negative,0.7892269492149353
2026-08-27,"He pedido el color 1. Vino bien presentado y con su precinto, sin embargo el color de la barra no corresponde con la anunciada. El color es más oscuro, hacía granate o marrón. Vi el producto en distintos dispositivos por si el móvil distorsionaba, pero en todos se aprecia la diferencia. Huele bien y en cuanto a la duración, a mí me aguantó aproximadamente tres horas.",beauty,neutral,0.7742840647697449
2026-08-22,Buen producto barato y ayuda bastante al organizar las cosas del coche,automotive,positive,0.8540997505187988
2026-06-08,"A simple vista tiene buena calidad, el estuche está bastante bien y las brochas tienen buena pinta. Es para regalo así que veremos que dice la susodicha.",beauty,positive,0.7795814871788025
2026-09-03,"Cumple su función.. a duras penas, eso sí los materiales aguantan las caídas correctamente. Espero que haya podido ayudarte con mi reseña :) Saludos y que tengas un buen día!",pc,neutral,0.7645404934883118
2026-06-21,Buena presencia pero muy poca durabilidad.....en 2 meses ya se deteriora,electronics,negative,0.5351014137268066
2026-08-20,Bote de 400 gramos. Edición italiana. Aparentemente auténtico pero 50 gramos menos. El envase difiere entre la web y el recibido.,beauty,neutral,0.6848411560058594
2026-08-26,"Digamos que es una extensión del otro. Estos mandalas tienen espacios más abiertos más claros, el Mandala Mix 3 son mandalas más oscuros, con menos espacios en blanco.",book,neutral,0.5072342753410339
2026-09-09,"Pequeña, no me la pongo",sports,negative,0.8618618249893188
2026-08-19,Le doy dos estrellas porque era muy elástica,wireless,negative,0.9993311166763306
2026-08-09,Buena pinta..veremos resultado al uso.trae funda y cristal templado,wireless,positive,0.6901829838752747
2026-08-11,No es como esperaba y la calidad nobes muy buena,electronics,negative,0.4365529716014862
2026-06-25,Hace su función. Aunque no es muy resistente y si se cae el móvil se rompe. Pero el teléfono queda protegido,wireless,neutral,0.6635487079620361
2026-08-21,"El producto llegó en la fecha indicada pero en la bolsa no venían los dos destornilladores que anuncian en la descripción, además no trae tornillos . La chapa que va en el puerto de carga es más gruesa que la original y al no traer sus propios tornillos no queda bien sujeta. No obstante, ha dado buen resultado y la tablet vuelve a cargar con normalidad .",wireless,neutral,0.7102076411247253
2026-08-28,"Las brochas no son muy grandes, pero cumplen su función perfectamente. Buena calidad y estuche muy bonito por lo que también es un buen detalle si quieres hacer un regalo.",beauty,positive,0.9307287335395812
2026-06-12,"buen libro, llego muy rapido, lo elegi porque a mi hijo le gusta y me parecio buen pedido, buen vendedor",book,positive,0.8894394040107727
2026-06-15,"En mi opinión , no son adecuadas para perros medianos o grandes, tengo un labrador retriever y las revienta al primer mordisco.",sports,negative,0.8412820100784302
2026-07-29,"La verdad es que funciona muy bien, he envasado queso y hace el vacío y sella en unos segundos",kitchen,positive,0.9130266904830932
2026-06-26,"Calentitos aunque al principio sueltan tela de pelusas, al menos hasta el segundo lavado no deja de soltarlas, pero deja el pie todo el día calentito y aunque se suda no huele.",sports,negative,0.47974893450737
2026-09-13,He tenido mesas mejores. La voz y música se entrelaza acabando con la cabeza como un bombo. Mi hija no le ha hecho mucho caso. No lo compraria de nuevo.,toy,negative,0.8586987853050232
2026-09-17,"Pongo 3 estrellas porque aun no se si esto va a ir bien. Primera decepcion, el pc solo reconoce 2tb. Parece ser que hay una cosa que se llama MBR para discos hasta 2tb, a partir de ahí tiene que ser GPT. Pero si ponemos GPT el ordenador tiene que tener UEFI en vez de BIOS. Advierto a quien lo compre, que su eficacia depende de lo profesional que seas de la informática, para negados como yo, abstenerse de mas de 2tb. O buscar a un profesional.",pc,neutral,0.927008867263794
2026-06-26,"Recibí el producto correctamente y mi sorpresa fue cuando abri la tapa y me encontré que venía desprecintado (también tenia líquido seco por fuera).no creo que nadie se arriesgue a echar un producto a sus peces cuando no conoce el contenido del envase (fue rellenado?) ni cuanto tiempo lleva abierto. Muy descontento con el pedido, nunca me había sucedido algo así con Amazon, me sorprendió mucho que sucediera. Estoy a la espera de una devolución pero desde luego me lo pensaré dos veces antes de comprar según que cosas después de esto",pet_products,negative,0.9934070110321044
2026-07-17,"Caña de acción muy blanda para su longitud, no sirve para el mar",sports,negative,0.752653181552887
2026-07-02,Bien si no tienes prisa en la entrega.,apparel,positive,0.5939949154853821
2026-06-10,No deja residuos. Se agarra mal porque es muy blanda,office_product,neutral,0.4787377119064331
2026-06-16,No le pongo 5 estrellas porque la primera vez que pliego el organizador las asas de plástico se desmontan... por lo demás funciona muy bien.,automotive,positive,0.7358835935592651
2026-08-10,"Buscaba un sillin comodo para mi bici y este lo es, ademas es muy bonito, queda muy bien en mi bici negra. El ancho del sillin es de 16cm y los materiales parecen duraderos.",other,positive,0.9902583360671996
2026-06-17,Olor super desagradable. Menos mal que al lavarlo se fue. No se los lavados que aguantará el dibujo. Lo bueno es q no se arruga y tiene buena caída. La talla ok también,apparel,negative,0.726851761341095
2026-06-23,"El mejor complejo vitaminico que he probado, se nota muchísimo la recuperación y la energía que otros no te dan.",drugstore,positive,0.9884979128837584
2026-06-26,El dvd vino en perfectas condiciones. Fue para un regalo y al cumpleañero le encantó.,other,positive,0.9736506342887878
2026-08-24,Servicio nefasto. Compre las escobillas como aparece en la foto y en la descripcion y al abrir la caja me aparece un producto de moto. Que decepcion me lleve ya que lo necesitaba lo antes posible. Tuve que hacer la devolucion.,automotive,negative,0.9932169318199158
2026-08-25,Es bastante resistente y hace su función. Aunque me hubiera gustado que fuera más transparente ya que al final queda bastante opaco. Es una pena que viniera enrollado en el paquete ya que al doblarlo se dañó alguna zona. Tendrían que empaquetarlo diferente.,office_product,neutral,0.6989023685455322
2026-06-07,Los Walkie Talkies funcionan perfectamente y no hemos tenido ningún problema con ellos. Tienen muy buena cobertura de señal y se escuchan muy claros. Recomiendo su compra por su calidad y precio.,electronics,positive,0.9876058101654052
2026-06-14,La relación calidad/precio es inadecuada. Se trata de un juego de sábanas que se pueden adquirir en un mercadillo ambulante por la mitad de precio. Decepcionado con el vendedor. La entrega estuvo en plazo.,home,negative,0.9247646927833556
2026-08-18,Lástima que no se indique que es válido solo para diestros. Lo compré para mi hijo que es zurdo y no le va bien pero he de reconocer que es un buen producto.,office_product,neutral,0.5973591208457947
2026-06-07,Muy caro para lo que ofrece,kitchen,negative,0.8599061369895935
2026-06-09,"No me fue fácil de instalar y tuve que llamar a un instalador. La imagen se va de vez en cuando (pues más o menos cada 20' se queda sin color). No estoy nada contento con este aparato y la verdad, NO LO RECOMIENDO.",wireless,negative,0.9784627556800842
2026-07-18,"No aguante el sobre de infusión, se caen. Es mejor enroscarlo en el mango de la taza, no vale ni para decorar. Tardaron una eternidad en llegar. por demás bien, los colores eran variados y el precio es económico.",home,neutral,0.5353253483772278
2026-08-11,En general es lo esperado,furniture,positive,0.706981897354126
2026-07-29,Es exactamente lo que necesitaba,luggage,positive,0.9581851363182068
2026-08-26,Funciona bien y hace su trabajo Hace tiempo que conozco ésta marca y la vengo comprando por su relación calidad/precio,home_improvement,positive,0.8651338815689087
2026-09-01,No tiene nada de letra. Son solo ilustraciones.,book,negative,0.8582403659820557
2026-08-21,"Vale para ir tirando, por el precio no se puede pedir más. Pero los materiales, en fin. Dos veces se me ha roto ya al querer quitar unos pasadores. Seguro que en breves me quedo sin repuestos. No lo recomiendo, vale la pena gastar un poco más y tener uno buen o de verdad si realmente lo usas bastante.",watch,negative,0.929777204990387
2026-09-03,"Practico y completo, viene con todos los accesorios, muchos módulos, cables de conexión, el CD, viene en inglés",pc,positive,0.9417260885238647
2026-09-02,"Quería esta bombilla para cambiar la halógena de un ventilador de techo. De momento está funcionando bien, esperemos que sea duradera, mi experiencia con bombillas led de alta potencia es nefasta. La construcción parece sólida con un cuerpo de aluminio que disipa bien el calor. Por luminosidad, no parece que sea reemplazo de una halógena de 300 W, más bien 200 W como mucho., que tampoco está mal.",home,positive,0.6528714299201965
2026-07-09,"En mi caso no ha podido venir peor embalado, directamente en la caja del proyector, con una pegatina con la dirección de la entrega... No es un producto excesivamente barato como para que venga sin protección alguna, en cuanto lo pruebe editaré la valoración en función del funcionamiento del equipo.",pc,negative,0.7356833815574646
2026-09-07,"La funda es muy elegante, de buena calidad y grande.He leído opiniones que dicen que no coge un gps de 6” y es absolutamente falso. Mi Garmin Drivesmart 61 de 6” coge de sobra y aún puedo meter dentro cables y además tiene fuera un bolsillo en donde yo meto el cable de alimentación para PC o luz. Excelente compra y bien de precio.",wireless,positive,0.9950045943260192
2026-06-18,"Entretenido, está bien si lo Q buscas es pasar el rato",digital_ebook_purchase,neutral,0.6576444506645203
2026-07-29,"A pesar de parecer un juguete divertido, nuestro gato no le hace mucho caso. Creo que no ve bien las bolas o no le llaman la atención lo suficiente. De hecho, son mis hijos los que se entretienen más con él! No abulta nada y se puede tener en cualquier lugar de la casa. En cuanto a relación calidad/precio, no está mal.",pet_products,neutral,0.8353837728500366
2026-09-14,Hace ruido. Por lo demás bien. Pero hace mucho ruido.,pet_products,neutral,0.5248220562934875
2026-09-11,"Es para lo que es,buena pinta,y buena cremallera,poco más que decir.",beauty,positive,0.7467612624168396
2026-06-17,No es lo que yo e pedido decepcionada me han venido una luces solo y la luna donde está?,home,negative,0.9504034519195556
2026-06-14,"Encaja de aquella manera , se me cayó en marcha en un mes.",automotive,negative,0.6475859880447388
2026-07-01,"De momento el producto cumple con lo prometido, el único defecto que tiene de momento es la caja principal del producto que estaba claramente usada medio rota y obviamente habían reutilizado. Sabiendo esto un precio reducido habría sido acertado.",pc,neutral,0.7118873596191406
2026-06-24,"Para el precio que tienen están bien, pero no aguantan un uso continuado (que es para lo que yo los quería). Después de un tiempo empieza a dar problemas el cable de uno de los auriculares.",electronics,negative,0.6759920120239258
2026-09-07,No funciona el proveedor acepta el fallo y reembolsa el.total de la compra.hola gracias gracias gracias gracias gracias gracias gracias,personal_care_appliances,negative,0.9829872846603394
2026-09-16,"Buen tamaño, más ásperas de lo que me esperaba",baby_product,negative,0.5156586766242981
2026-07-30,Me encantan!!!! Son super gracioso. El tamaño es un poco pequeño pero la calidad es buena. Ha llegado en muy buenas condiciones.,toy,positive,0.9697998762130736
2026-07-15,No creo que haya muchos niños de 6 años capaces de montarlos......,toy,neutral,0.6170024275779724
2026-09-06,"No puedo opinar porque no lo he recibido, muy mal servicio, he pagado el producto, no lo tengo y encima de todo me pedís mi opinión, bueno tampoco lo espero, no pasa nada.",wireless,negative,0.9919785261154176
2026-06-03,Calidad precio son muy correctos pero las impresoras HP son jodidas con cartuchos que no son originales. De todas maneras funcionaron bastante bien.,office_product,neutral,0.6637070775032043
2026-07-07,"Practico ,buen servicio y calidad.Justo lo que buscaba.Totalmente recomendable.Producto recibido incluso antes de lo previsto y muy bien embalado.Muchas gracias.",wireless,positive,0.9945586323738098
2026-07-13,Es exactamente lo que había pedido. Correcto.,wireless,positive,0.932691752910614
2026-07-10,Viene muy aplastada en la caja. Rapidez de entrega,toy,neutral,0.490513265132904
2026-08-29,Fácil de instalar y de usar.,pc,positive,0.8434340953826904
2026-07-25,Es la adecuada para mi mazda 3,automotive,positive,0.7563982605934143
2026-08-26,"Lamentablemente tengo que decir que no es muy adhesivo, basico en precinto.",office_product,negative,0.7726582884788513
2026-09-16,"En posición vertical como indica la foto no soporta bien el peso de sartenes grandes o medianas, finalmente me tocó ponerlo en posición horizontal y perfecto, ahora están todas ordenadas y es facil acceder a ellas.",home,neutral,0.6333006024360657
2026-07-09,"La idea buena, el producto malísimo. Dos días duró.",home,negative,0.9959230422973632
2026-06-15,"No tienen ni siquiera un mísero botón para navegar por los menús. Así que con el dispositivo dentro de las gafas no puedes tocar la pantalla, por lo tanto no puedes iniciar ninguna acción en ninguna app.",other,negative,0.9474095702171326
2026-06-04,Funko original.buen estado. La gente que dice que la cara es naranja es porque está tirada son todos con ese tono anaranjado. Buena compra a buen precio. Mejoraria el embalaje un poco,toy,positive,0.6844882965087891
2026-09-01,Era para un regalo y acerté. Le gustó mucho. No puedo opinar sobre el resultado a largo plazo con su uso.,apparel,positive,0.8943408727645874
2026-08-25,"Dos de los tres rollos venían con marcas de estar doblados, por lo que al ponerlos no quedan bien en el cristal y quedan como nublado lo que se ve, ya habíamos puesto de este mismo vendedor otros 3 rollos en otras ventanas de un tamaño más pequeño y estaban bien, pero en este caso no.",furniture,negative,0.8728061318397522
2026-06-25,"Cumple con las espectativas, corte limpio y buena espada. Tan solo que es algo pesada para el trabajo.",home_improvement,neutral,0.5783736109733582
2026-06-13,"No venían instrucciones y sé que he puesto mal la bandeja del teclado pero es que no había manera de adivinar la postura correcta. Encima aunque lo supiera ya no se puede hacer nada porque uno de los tornillos se ha quedado metido dentro del eje. La calidad es regular tirando a baja al montarlo, ya que los tornillos se hunden, traspasan la madera o se rompe. Pero si logras montarla y no le das mucha caña hace el apaño. La bandeja de la torre puedes colocarla hacia fuera o en el interior. Es cómoda y ligera. Y las ruedas van bien, no se atascan. Por el precio que tiene y para lo que la quiero no se puede pedir más.",furniture,neutral,0.8255866765975952
2026-08-21,Perfectas para mi Audi A5 sport back 2010 se ajustan perfectamente y alumbran bastante y no da error de ningún tipo,automotive,positive,0.9743183255195618
2026-07-03,"Lo protege de polvo y algo de lluvia, pero al final acaba calando.",automotive,negative,0.4815505743026733
2026-06-16,Ponia que tenía causa amortiguada pero no es cierto.,home_improvement,negative,0.4841818809509277
2026-09-17,"La verdad que el acabado y a primera vista da buena impresión, pero luego no funcionaba correctamente, no lo cambie, lo devolví y adquirí otro que funciono correctamente, por ello no se si fue un fallo puntual o algo más general.",electronics,negative,0.6684618592262268
2026-07-12,"Bastante blandito, pero para el precio esta bien, cumplio su funcion y es bonito",home,neutral,0.7771932482719421
2026-09-16,"Se transparentan de lo finas que son, la verdad es que no las recomiendo, por el precio bien, sin mas.",home,negative,0.9262139797210692
2026-08-05,Buenos retrovisores pero hay que darse cuenta si tu moto tiene las roscas a la derecha o izquierda ;puesto que los espejos solo bienen a la derecha,automotive,neutral,0.6856622099876404
2026-07-25,"Muy baratos. Los usamos para moldear plastilina. Se desmontan con bastante facilidad. De calidad regular , aceptable para poco uso",home,neutral,0.6220568418502808
2026-09-07,"Se trata de un termostato muy sencillo. Lo instalamos fácilmente y de momento, funciona. Lo que sí es cierto es que sus materiales dan la sensación de fragilidad. Especialmente el botón lateral de on/off que incorpora, que baila totalmente desde el primer momento (no está bien ajustado). Dado que no usamos ese botón, no hay mayor problema, pero no es un buen síntoma pensando en que nos dure unos años. La rueda principal de temperaturas sí parece funcionar perfectamente. Que dure...",home_improvement,neutral,0.8246260285377502
2026-07-12,Es lo esperado de la calidad precio. Para darte un capricho y que no sea muy caro.,toy,neutral,0.5529941916465759
2026-07-04,"Esta bien, como mesa para poner papeles y no apoyarte.. la verdad que la compre porque mi pareja tuvo una lesión y no podía acercase a la mesa a comer, y al segundo día de estar comiendo en llas, se rompio.",furniture,negative,0.5671079158782959
2026-06-30,"Bien, según lo esperado",book,positive,0.818796694278717
2026-06-13,Muy útiles para los cumpleaños los niños están encantados,toy,positive,0.9288052916526794
2026-06-13,"Son difíciles de poner y tienes la sensación de falsedad y de que las vas a dejar pegadas en cualquier sitio, o se te caen...",beauty,negative,0.9390871524810792
2026-06-18,Se escucha fatal sobretodo. microfono que lleva no vale para nada,wireless,negative,0.993717074394226
2026-07-02,"La verdad, estoy contento con este producto. El aceite deja la barba suave y definida y ayuda a poder peinarla como quieras. El estuche en el que viene es muy chulo y tienes variedad de fragancias. El olor de los diferentes aceites es muy agradable y tienes variedad. Como único pequeño punto negativo, tal vez resaltaria que el olor no es muy duradero, en unas horas desaparece casi por completo. EDITADO: Cuando compras este producto, la empresa fabricante se pone en contacto contigo para animarte a hacer una buena critica del producto, ofreciendote muestras gratuitas de una nueva gama de aceite. Las muestras gratuitas nunca te las envian y me parece una tactica un tanto cutre y de tomar por tontos a sus clientes para intentar animarte a poner un buen comentario sobre su producto.",personal_care_appliances,neutral,0.7038943767547607
2026-09-04,"Muy buena calidad, si se me rompe volveré a pedir la misma. Se adapta perfectamente. Llego en el plazo previsto.",wireless,positive,0.958191454410553
2026-09-07,"Soy muy finas, sin consistencia. Pensé que eran de mejor calidad. Me resultan algo pequeñas. No es lo que esperaba",office_product,negative,0.7873167991638184
2026-07-09,"Se suelta cuando lo mueves al cargar, en cambio el origina al tener la salida lateral del cable, esta mucho mejor",sports,neutral,0.6043673157691956
2026-07-16,"El cinturon en si parece una buena compra, lastima que tuve que devolverlo porque venia con dos pequeños puntos deshilachados.",apparel,neutral,0.7296129465103149
2026-06-29,Muy cómodo a la hora de usarlo. Recomendable 100% para todos aquellos que lo necesites para estudios.,book,positive,0.9739617705345154
2026-08-01,"Dudaba en comprarlo por los comentarios del ruido al girar. Lo compré y al probarlo hacia ruido, hasta que me di cuenta que estaba mal colocada la base. Una vez bien encajada, ni un ruido, funciona muy bien. Estoy muy contenta. A los que les hace ruido al girar, mirad las bases",kitchen,positive,0.9694533348083496
2026-09-01,Normal no note mucho cambio,drugstore,negative,0.7826486229896545
2026-08-01,"Me lo he comprado para la playa, he aprovechado para subir el equipaje al apartamento desde el parking por supuesto en varias veces para no exceder el peso máximo recomendado. El carro no ha soportado ni el primer intento, el tope de las ruedas delanteras se excede con facilidad y no quedan en posición de rodar por lo que el carrito no camina. Una de las ruedas se ha dañado por su borde interior. Mañana lo llevo a la playa ( a ver si llega) y os cuento. De momento solo puedo mostrar arrepentimiento por haberlo comprado",toy,negative,0.9798139929771424
2026-09-16,Buena calidad. Se ajusta perfectamente. Cumple con su función y tienen un tacto agradable. Viene con herramientas para hacerlo más fácil y rápido,wireless,positive,0.9699283838272096
2026-07-27,"La bandeja del carbón se deformó, aunque luego a vuelto a su ser. Muy cómodo.",lawn_and_garden,neutral,0.4445293247699737
2026-06-16,"No advertí que se trataba de un formato de bolsillo. Me resulta imposible leer el libro, el tamaño de la letra es demasiado pequeño para mi. Obviamente, es un problema mío, no del producto, pero no me ha resultado útil esta compra.",book,negative,0.8662258386611938
2026-07-26,"Era la dimensión que buscaba aunque es un poco rígido, a ver si se suaviza con el uso. De momento va bien",wireless,positive,0.8571580648422241
2026-09-16,Baja calidad pero es suficiente,home,neutral,0.6739227771759033
2026-06-10,Muy útiles para trabajar en Infantil,home,positive,0.9356667399406432
2026-06-30,Oliver Jeffers vuelve a ilustrar y escribir una historia deliciosa...,book,positive,0.9860060214996338
2026-06-25,"Es una taza muy chula, la compre principalmente por el mensaje. Es algo entre mi pareja y yo, y la verdad dio en el clavo el mensaje. Es una taza normal, la he metido en el lavavajillas y no se quita el diseño, pero llevo poco usandola.",home,neutral,0.5983238816261292
2026-09-11,Me parece excesivo tener que esperar mas de un mes para recibir un producto adquirido a través de Amazon. Siempre he pensado que comprar por Amazon era garantía de una mas rápida recepción de los productos que por otras plataformas.,wireless,negative,0.7102963328361511
2026-08-23,Llego perfectamente embalado. Va genial. Mi hija supercontenta. Ningún problema. Muy fácil de poner en funcionamiento. La batería tiene mucha duracion,toy,positive,0.992318868637085
2026-06-05,"Se oye muy bien, pero a veces el auricular izquierdo se desconecta y conecta todo el rato ( molestando mucho, ya que lo uso en el gimnasio) y me toca dejar de escuchar la música.",wireless,neutral,0.4679569900035858
2026-08-04,"Perfecta para principiantes, mi hijo está encantado",musical_instruments,positive,0.9704660773277284
2026-09-02,"No puedo opinar acerca del producto porque un mes y medio después, aún no me ha llegado. Me parece vergonzoso.",baby_product,negative,0.9921695590019226
2026-07-19,Cartera con varios compartimentos y se ve de buena calidad. Está muy bien lo del tarjetero que se saca y poder sacar DNI sin tener que buscarlo. Me gusta mucho el monedero lateral que hace no tener que abrir la cartera.,luggage,positive,0.9147259593009948
2026-06-03,Buen producto pero un poco caro,home,positive,0.7258442640304565
2026-07-15,"Es una funda muy fina, se enreda con los pies y se descoloca todo el edredón.",home,negative,0.7525801658630371
2026-06-14,Está muy bien para llevar en el bolso y te saca del apuro...es pequeño y está duro para abrirlo,sports,positive,0.6360185146331787
2026-06-30,Estupendo para repasar la asignatura de valenciano de primero de eso!!!,book,positive,0.6545728445053101
2026-08-07,Si es tal como en la foto muy buena solo que no me llegó en la fecha esperada pero muy satisfecha con el producto,electronics,positive,0.7397805452346802
2026-06-18,Muy difícil de usar. He intentado usarlo para hacer la manicura francesa y el pintauñas blanco penetra por debajo de la máscara,beauty,negative,0.9379134774208068
2026-08-01,"El reloj es bonito y me gusta, pero lo han mandado con la batería inchada y sin cable para cargar la batería, lo cual de mi devolución, saludos",wireless,negative,0.819776177406311
2026-07-07,Cumplía con el objetivo.,automotive,positive,0.6613835096359253
2026-06-25,"Pues lo dicho, buen sabor, poco blanqueador después de dos meses de uso.",drugstore,positive,0.4586075842380523
2026-07-18,"Está muy bien, te engancha, aunque el final es un poco precipitado, podría haber seguido y haberlo adornado más. Buena",digital_ebook_purchase,positive,0.861830472946167
2026-08-04,No son cómodas. Muy anchas para mí.,shoes,negative,0.7912812829017639
2026-07-23,Va bien para escuchar música y enviar archivos a bastante distancia pero se entrecorta y pierde calidad en llamadas online.,pc,neutral,0.6144624948501587
2026-09-18,"El producto llegó el día esperado, pero la caja del reloj venía rota. Aún no lo he probado xq es jn regalo por lo que espero que funcione",toy,neutral,0.537595808506012
2026-08-18,"Todo correcto , ninguna pintura ni repetida de en mal estado ^^",toy,positive,0.8839827179908752
2026-08-12,"Según el fabricante tiene 5000 mAh, aunque creo que es bastante menos. Yo en mi S7 (3000 mAh) hago una carga completa y poco más. Debe tener reales unos 4000 ó 4200 mAh, pero lo bueno es que carga enseguida.",wireless,neutral,0.6492370963096619
2026-06-15,"Si lo vas a comprar para ""experimentar"" no lo recomiendo. Igual no tiene nada que ver, Windows detectaba el disco NVME pero cuando quería copiar algo no iba. Al no funcionar lo desinstalé y mi sorpresa viene ahora cuando el ordenador no pasa de las pantallas azules ni dejando solo un disco conectado a la placa. Creo que el adaptador este ha debido estropear algo y ahora es imposible iniciar el ordenador. Falla incluso la instalación de un nuevo Windows. Horrible",pc,negative,0.9957483410835266
2026-07-19,Mi sobrino ha quedado muy contento con este equipo. Cumple con lo prometido. Es justo lo que estaba buscando sin más,wireless,positive,0.9364131093025208
2026-08-27,Hace menos de un año que lo compré y ya he tenido que quitar la batería porque está hinchada,pc,negative,0.9063149094581604
2026-08-07,Geniales para los escapes y comenzar la retirada d pañal,apparel,positive,0.8920307159423828
2026-06-12,"Es barata, la pantalla no está mal y la batería bien. Pero es lenta como el demonio, se atasca casi de nueva, tengo una Samsung más vieja con mucho más instalado y va muy rápida.",pc,negative,0.8332215547561646
2026-07-29,"Hay un problema logístico con este producto que viene empaquetado en 3 cajas pero solo envían la caja número 2, la que contiene el cuerpo, le faltan la base y la pantalla. Después de 3 intentos fallidos de solucionarlo con Amazon, ellos mismos me han recomendado devolver el producto.",home,negative,0.950929582118988
2026-07-07,No me sirve para nada y encima de todo me cuesta 8€ devolverla,home,negative,0.9958836436271667
2026-07-31,"No me gusta,no sé a bien",beauty,negative,0.9615864157676696
2026-09-09,No es lo que esperaba. Baja calidad. Es plástico,home,negative,0.9014849066734314
2026-07-13,Se veian buenos y de buena calidad. Al principio funcionaban perfectamenta. En menos de un mes 2 ya se han hundido las clavijas.v,wireless,negative,0.9355701208114624
2026-08-09,"No me ha gustado porque, hace tres meses que lo solicite (4 diciembre 2019) y hoy 13 febrero 2019, no ha llegado.... solicitud d devolución.",home,negative,0.9888713955879213
2026-07-09,abrigaditos...los negros vienen con hilos fuera como se ve en la foto pero son comodisimos y quedan genial,apparel,neutral,0.6870898008346558
2026-07-26,Podría tener un menú más Sencillo para personas mayores y mejorar algunas de sus funciones. Buena relación calidad/precio,wireless,neutral,0.7993562817573547
2026-08-02,"De peso justo clavados 5 kgs. que es el mínimo del rango. De gusto, con un punto de sal bastante elevado, para gente que toma poca sal no se lo recomendaría pues se nota en exceso. Al ser una paleta, tiene bastante tocino, eso es previsible. El peso que saqué de jamón útil no llegó a 1,8 kgs. que es quizá un poco bajo pero razonable merma para ser paleta. De punto estaba casi al límite, decidí cortármelo todo el mismo día que lo abrí, pues si hubiera estado un par de semanas/ un mes abierto se hubieras secado en exceso y vuelto incomible. Está bueno de sabor, es agradable, y lo compré a un precio bastante razonable, 90 euros la pieza.",grocery,neutral,0.7740680575370789
2026-07-16,El paquete me ha llegado vacío. Lo recogí del buzón y no contenía el DVD,other,negative,0.9030132293701172
2026-08-27,"La compré para un regalo y le gustó mucho, la he lavado ya un par de veces y queda perfecta.",apparel,positive,0.9854715466499328
2026-06-11,Libro muy pequeño Tamaño blog de notas pequeño Pensé era como una libreta,book,negative,0.6224184036254883
2026-08-01,"duraron no mucho, pero dice que comodos al ponerse fueron para hijo, no se si duraron dos meses, no se si por manipular mal o porque.",wireless,neutral,0.5470414161682129
2026-08-16,Excelente calidad y fácil de usar .puedes poner en el lavavajillas,home,positive,0.9640138149261476
2026-09-06,no me ha dado el resultado que esperaba,lawn_and_garden,negative,0.7755179405212402
2026-06-25,"Buscaba una funda para ipad con teclado y me decidí por esta porque me pareció bien el precio y lo que ofrecía , ahora que la tengo estoy encantada con ella, es super practica, el teclado no trae la Ñ pero eso ya se veía y no hay problemas, las teclas y su iluminación me encantan, se lo de muy buena calidad, calza perfecto y te queda la tablet super protegida , para mas trae un protector de pantalla y un lápiz para la tablet una pasada",wireless,positive,0.9907352924346924
2026-08-10,"Me dejé llevar por las fotos y compré la alfombrilla para el comedero de mi perro, y resultó ser excesivamente pequeño. Fue mi error no haber leído el tamaño en los detalles, pero la realidad es que apenas y caben dos vasos por lo ancho. La caja en donde viene lo identifica como una alfombrilla para el lavaplatos. Así que no creo que sea algo pensado para comedero de mascotas. Le doy 3 estrellas porque sirve muy bien para escurrir un par de tazas y vasos.",home,neutral,0.8603468537330627
2026-07-22,Son bonitas y la luz es cálida pero tiene un fuerte olor a plástico... Para el exterior mejor q para interior,home,neutral,0.7383397817611694
2026-06-04,"Lo use pensando añadir funciones al dock original(un puerto usb extra y el cable de ethernet) pero al hacer el empate simplemente pierde las funciones es decir es como sino estuviera enchufado al dock directamente, por el resto cumple sus funciones. (Conexión a ethernet y 2 puertos usb)",camera,neutral,0.7071705460548401
2026-07-29,"LA funda es perfecta, con los detalles para ajustarla y la funda para guardarla. La nota mala es porque es muy frágil y se ha roto rápido, pero merece la pena por relación calidad precio.",automotive,neutral,0.4890445172786712
2026-08-11,HOLA Y SALUDOS YO COMPRE ESTAS 3 BOTELLAS Y DOS ME SALIERON BIEN DE SABOR PERO UNA SE NOTABA YA UN PELIN PASADO AUNQUE SE PODÍA BEBER ...MUCHAS VECES DEPENDE DEL ALMACENAMIENTO O CUALQUIER ELEMENTO EXTERNO..CLARO HABLAMOS DE VINO Y NO SALEN DOS BOTELLAS IGUALES..AUN ASÍ NO FUE UNA MALA COMPRA...,other,negative,0.6044997572898865
2026-06-20,"Carne homogénea cortada a trozos de bocado, en general esta bien pero... si la comparas con la tradicional cecina española pues sale perdiendo.. esta no tiene betas de grasa que cuando pillas esa parte le da ese toque casi amargo ( tiene las normales de pequeño tamaño). Esta es como decía mas homogénea y para mi es un poco monótona porque te sabe todo igual, esto ya se podía intuir porque se veía en la etiqueta un porcentaje mayor de proteínas que la vendida en España. Resumiendo, sabor aceptable pero con 3 trozos ya estas aburrido, bien embalaje, y puntual en la entrega. ¿Volvería a comprarla? pues no veo ningún motivo para hacerlo, no mejora a la que venden en cualquier mercado de aquí. Si veo cualquier ventaja editaré mi opinión",grocery,neutral,0.6051151752471924
2026-09-01,"Retira bien el maquillaje y se nota que es más natural, pero para mi gusto es demasiado pringoso y me deja los ojos demasiados aceitosos.",beauty,neutral,0.4922221899032593
2026-08-02,Mal Amazon como siempre tarde y mal,drugstore,negative,0.9884379506111144
2026-07-24,"El producto tal y como indica la publicación, La entrega fue rapida, y el repartidor muy majo me llamo antes para asegurarse que estaba en casa todo perfecto",furniture,positive,0.9163827300071716
2026-09-17,Cumple su función al 100%. Todo perfecto,industrial_supplies,positive,0.9880366325378418
2026-09-18,Original y curiosa. No te deja indiferente. Agradezco a la autora haberse atrevido a tratar este tema y la felicito por la manera de hacerlo.,digital_ebook_purchase,positive,0.7741950750350952
2026-08-13,"Muy rápido, todo perfecto",video_games,positive,0.9825376868247986
2026-09-15,"Es muy finito, aunque de alto y largo está bien no tienen nada de anchura, los compré con la idea de poner en uno de ellos un paquete de 30 rotuladores y apenas caben 15.",wireless,negative,0.7442656755447388
2026-09-06,un libro infantil... sin más,book,neutral,0.6486787796020508
2026-07-27,"No son de muy buena calidad, sobre todo la suela.. en pocos dias de usa y se destrozan . .",shoes,negative,0.8727560043334961
2026-08-29,La calidad esta bien pero el envío ha tardado un montón y es un rollo.,automotive,neutral,0.5042314529418945
2026-07-11,"Cumple correctamente su función, su tele es dura y resistente, a diferencia de otras fundas que tuve la cuales no duraron ni una año frente al sol y al agua... Muy recomendable",lawn_and_garden,positive,0.9893530607223512
2026-06-03,calidad precio la mejor opción,pc,positive,0.8575350642204285
2026-06-06,La ventosa se despega,baby_product,negative,0.5188992023468018
2026-06-05,"es perfecto para su cometido, pero hay que tener cuidado corta y mucho. lo recomiendo",electronics,positive,0.7230837941169739
2026-06-05,fue perfecto y se lo pudimos poner a un niño mas grande del tiempo que ponia en el disfraz. Pero quedo muy bien y llamativo. Lo recomiendo,apparel,positive,0.9641104936599731
2026-07-24,llevo esperando que me manden la factura bien hecha desde hace días y no responden,electronics,negative,0.9851076006889344
2026-07-17,"Muy Bonita y elegante, pero cuidado si tienes botones en las esquinas.",pc,positive,0.5511435866355896
2026-08-26,Estan bien y son comodas,shoes,positive,0.5899537801742554
2026-07-19,"No me lo esperaba así. Ha sido un regalo para otra persona, y cuando lo abrimos vimos que la gran parte de los círculos son muy pequeños, con números tan pequeños que realmente hay es esforzarse para verlos bien. La calidad de los materiales es muy buena: son folios gordos (para que no pase la tinta) y separables. La impresión de los círculos es muy buena y fina. Pero no lo recomiendo para personas que vean mal de cerca o no quieran esforzar demasiado la vista. En cuanto a la complejidad puedo decir que son dibujos con tantos círculos que es para ir haciendo poco a poco, no es difícil porque tan solo consta de cinco colores, pero la sensación que a mí me dio fue la de ir haciendo un puzzle sencillo poco a poco: conlleva tiempo pero poco a poco y sin esfuerzo va saliendo.",book,neutral,0.6066277027130127
2026-06-09,"Justo como lo describen, buen producto y excelente calidad!!",furniture,positive,0.9916551113128662
2026-09-07,Se a puesto fea de color en 1 mes,watch,negative,0.932222843170166
2026-06-20,"Funda muy buena y a buen precio, pero no le doy máxima puntuación porque la que me llegó a mi tiene las líneas de puntos que decoran la tapa torcidas, por lo que me da qué pensar que no es original ya que dudo que un producto Samsung salga con este fallo (sólo estético pues no afecta a su funcionalidad).. Si no fuera por eso, le pondría un 5",pc,neutral,0.8302140235900879
2026-07-31,Muy robusto y muy comodo,home_improvement,positive,0.9495376944541932
2026-09-14,"Se nota que es una correa barata y la calidad no es perfecta, pero hace su función sin problemas. Calidad precio correcto",wireless,neutral,0.6484910249710083
2026-07-05,"No son d Apple,yo tuve los d Apple y el sonido no tiene comparación,un engaño",electronics,negative,0.9881963133811952
2026-07-20,este sillon de una vez dejo el hidraulico de funcionar cada vez que me siento se baja . malo malo,furniture,negative,0.9820222854614258
2026-08-21,Más grande de mi que ponía en la web,pet_products,negative,0.4683416187763214
2026-08-01,Es una mierda de funda se ha roto al mes de utilizarla por la parte de los imanes,wireless,negative,0.975519835948944
2026-06-17,Lo compre por la dimension de las celdas y esta muy bien,lawn_and_garden,positive,0.8892360329627991
2026-08-27,"Normal. Cumple lo descrito. Es bastante suave el tipo de cerda del cepillo sobre todo para animales, pero se encaja bien y tiene funcionalidad",pet_products,neutral,0.8203275203704834
2026-06-03,"Me ha gustado lo silencioso que es, el gran depósito que tiene. No me ha gustado que no dispone de barreras o pared virtual, que fácilmente se queda enganchó con algún mueble, con sus patas que quiere subir, con pie de lámparas que lo mismo cuando lo detecta se sube y entonces quiere subirse queda encallado. Anteriormente he tenido otro robot de otra marca, y tengo que decir que nunca se quedaba enganchado como se queda este.",kitchen,neutral,0.5893341302871704
2026-07-02,Se ha aflojado a los pocos días. Después y hasta momento perfecto,home,positive,0.4211892783641815
2026-09-07,"De buena calidad, grande y resistente. Creo que va a durar muchos años. En mi opinión una muy buena compra.",luggage,positive,0.9962363839149476
2026-09-10,No cubre toda la pantalla. No empalma con la funda,wireless,negative,0.8477257490158081
2026-06-13,"poca autonomia, las ruedas parecen de juguete a no ser que sea para jugar no lo recomiendo",sports,negative,0.9420472979545592
2026-08-28,Me ha llegado rápido mala calidad y me viene la segunda batería mala hinchada por dentro,wireless,negative,0.903339385986328
2026-08-12,"Un poco justa para el Camino de Santiago, pero si llevas lo justo y te entra te hará muy grato el dia a dia por su ligereza. Muy contento con la compra.",sports,positive,0.8649367690086365
2026-08-07,"Me vino puntual pero con la clavija y el voltaje para usarla en america, a otra persona le ocurrio lo mismo.",home_improvement,negative,0.8596420288085938
2026-06-14,"Le doy dos estrellas porque solo son útiles dos productos de todos los que hay: el peine suave y el cortaúñas. El peine rígido no tiene sentido para un bebé, la perita es lo peor, no absorbe ni un moquito que cuelgue de la nariz, horrible! Las limas no liman nada, las tijeras parecen de juguete y no las he usado, mejor el cortaúñas y el cuenta gotas tampoco lo he usado. En fin, no lo recomiendo...",baby_product,negative,0.9999470710754396
2026-09-09,Cumple estupendamente con su cometido que no es otro que preservar de golpes las unidades externas de lectores,pc,positive,0.8440081477165222
2026-09-06,Es bastante normalito. Cumple con lo que es. No quema las tostadas por lo que muy bien. No es demasiado lento. No lanza las tostadas a la luna lo que es una ventaja. La ranura suficientemente ancha y el recogemigas cómodo.,kitchen,neutral,0.6691204905509949
2026-06-11,Sus múltiples bolsillos,home_improvement,neutral,0.540056049823761
2026-09-13,Mucho rollo y no se si está actualizado a fecha julio 2019,book,negative,0.9680564403533936
2026-07-26,"El producto ha llegado en un paquete en mal estado, abierto y tarde.",book,negative,0.961372971534729
2026-08-06,"El cristal encaja dentro del hueco pero el soporte de dentro no. La forma es diferente. El original del coche tiene dos pestañas en los lados y es rectangular, este es redondo. Hemos tenido que hacer un apaño para poder aprovecharlo.",automotive,negative,0.6684631705284119
2026-08-31,"La calidad de los materales no es muy buena. Cuesta adaptarla a la amoladora y no recoge muy bien el polvo, ayuda algo pero no lo suficiente. Yo no recomiendo la compra.",home_improvement,negative,0.8989424109458923
2026-06-29,No queda tan bien como en la foto y tengo la talla 38,apparel,negative,0.6022777557373047
2026-06-09,Es bonita pero realmente no parece un reborn. Para mi gusto tiene mucha tela en brazos y piernas y el pelo es muy escaso,toy,negative,0.5375187993049622
2026-08-06,Tampoco es que haya otra alternativa de papel para las impresoras fotográficas Sony; salvando esa falta de competencia la calidad de las fotos impresas en este papel es excelente.,pc,positive,0.958034336566925
2026-06-25,"Al subir el manillar, no se queda bien sujeto. Se va bajando. Por más que aprieto no tiene buen agarre. Era para regalo de Reyes y cuando la montamos ya había pasado el tiempo de devolución. La tuvimos que tirar, no sirve. Compramos otra en decathlon.",sports,negative,0.9695062041282654
2026-09-06,Pegan genial. Se escribe perfectamente y tienen los tamaños ideales. Pegan y despegan muy bien sin por ello perder lo adhesivo. Son utilísimos para hacer anotaciones concretas en los apuntes y para usar de marcador. Y todos los tamaños me son útiles. Los volveré a comprar seguro,office_product,positive,0.9962196946144104
2026-08-15,La figura está muy bien y es grande....Pero el embalaje es un desastre.....desde luego el vendedor se ha lucido...le ha pegado las etiquetas de envío a la misma caja de la figura y ni Lo ha tapado ni nada....en mi vida he visto una cosa igual.....muy mal por parte del vendedor y eso de que es nueva no se yo....le falta pintura a Anna en el pelo y lo que es el soporte está rayado por debajo como si ya uniera estado expuesta.....muy mal....,book,negative,0.8853099942207336
2026-07-12,"Vivo en un ático pequeño de 45 m2 con dos habitaciones y lo compré con la idea de que enfriaría la casa entera, pero no es así ni cerrando ventanas y puertas y poniendo el aparato al máximo (también opino que los aislantes para ventana deberían formar parte del paquete). Tengo que dirigir el aparato a una u otra habitación para que se enfríen y si no te da el chorro de aire de frente, como si nada...es casi más grande el aparato que mi casa y lo ponga donde lo ponga está en medio. Hace mucho ruido, para dormir no es especialmente molesto porque te acostumbras, pero durante el día tengo que poner la música a todo volumen si quiero escucharla. La única diferencia entre esto y un ventilador potente es que éste saca el aire más fresquito, pero echo de menos que se mueva y reparta el aire como hacen los ventiladores. Nos lo quedamos porque la ola de calor es insoportable y algo ayuda, pero me parece muy caro para lo que realmente es.",home,negative,0.9017295837402344
2026-06-09,"Es muy útil para pasar documentos, fotos, videos, etc ...al ipad o desde éste, buena calidad del producto, se echa de menos un software de administrador de archivos más fácil e intuitivo y eficaz.",pc,positive,0.9418402910232544
2026-08-18,"Solo doy 2 estrellas por nada poder dar 1, de baja calidad , el Bluetooth da problemas de acople, lo comenté con el vendedor y me hace pagar los portes , si lo devuelvo!!! Voy a intentar volver a hablar con ellos , pero inicialmente no me dieron una solución",other,negative,0.999200165271759
2026-07-10,"Como puedo elegir el envío, solo deja el estándar. Quiero realizar otro pedido por no devolver este después de 1 mes y medio",apparel,negative,0.8248152136802673
2026-06-25,Útil. Cumple su función. En vez de tener las pilas por ahi... mejor en las cajitas. Sobre todo a la hora de viajar va estupendamente.,home_improvement,positive,0.6094562411308289
2026-06-05,No dan una luz de 6500k es mucho más calida,home_improvement,negative,0.7994178533554077
2026-06-11,"Lo compré el 7 de Sep del año pasado,lo utilicé un par de veces y hace un mes lo volví a coger y ya no funciona, sin utilizarlo se ha estropeado",electronics,negative,0.9669090509414672
2026-07-29,Debería caber el enchufe,wireless,neutral,0.456225037574768
2026-09-06,"Pensé que eran gomas grandes, de ahí que mi valoración no sea de 5 estrellas. Relación calidad-precio es posible que no sea la mejor, pero de todos modos es buen material.",office_product,positive,0.6487939357757568
2026-08-27,Es mucho más pequeña de lo que me imaginaba. No he podido usarla para nada todavía..,shoes,negative,0.7380625605583191
2026-08-18,Es muy cara para las características de la mochila.,home,neutral,0.5238038301467896
2026-07-08,"La tapa encaja bien en el sitio, no es nada del otro mundo pero tampoco cuesta mucho dinero. Lo único malo ,el embalaje, pésimo pero eso ya es culpa del vendedor.",home_improvement,neutral,0.6551316380500793
2026-08-11,Son muy versátiles y de buena calidad. La única pega que le pondría sería que el mango es un poco corto.,home,positive,0.8848825693130493
2026-06-05,"El producto es tal cual se anuncia. De metal pero no pesa nada, bonito y decorativo. Viene con un pequeño cucharón para coger la comida/pienso muy útil.",home,positive,0.8689572215080261
2026-07-18,Tuve que rectificar la chapa trasera y cortarla porque no se adaptaba a mi tv a pesar de que ponía que si!,electronics,negative,0.5887740850448608
2026-08-29,"hubo error en el color, pedimos en azul y nos lo enviaron en rosa por lo que tuvimos que devolverlo",wireless,negative,0.7066011428833008
2026-06-18,"No están mal, pero para la potencia que tienen, esperaba algo más",automotive,neutral,0.7938896417617798
2026-08-09,"pero el envoltorio una mierda, me vino con el cartón roto y destrozado y yo soy de los que se guardan los funkos en cajas...",toy,negative,0.6805810332298279
2026-07-07,"buenas noches, a los pendientes le falta el certificado de autenticidad de Tous. les agradecería me lo mandasen.gracias.",jewelry,neutral,0.4718631207942962
2026-07-30,Muy buena relación calidad precio. Bonita de estética y funciona perfectamente. La entrega en la fecha prevista y bien embalada.,other,positive,0.9840430617332458
2026-07-18,"Absoluta basura, el mando lleno de porquería de haber sido usado (lo MENOS que podían hacer es pasarle un pañito si van a revenderlo...). Le faltan piezas (una de las patas no tiene su goma de aterrizaje) y había un tornillo por ahí perdido metido en otra de las patas... Una absoluta vergüenza, para vendedores así ni me molesto en devolver ni reclamar nada.",wireless,negative,0.9993465542793274
2026-08-16,"El producto es interesante, y su precio está muy bien, pero para montar mi andamio me hizo falta: 1) Limar la plataforma para que encajase en sus soportes. El fabricante deberia mejorar su precisión. 2) La barra quita miedos de la parte superior no se atornilla en los soportes (hay un error de 1 cm aprox.). Hay que taladrar un agujero adicional.",home_improvement,neutral,0.8325655460357666
2026-06-28,"Lo necesito en español es para un regalo y no lo van a entender en otro idioma, solicito el cambio por otro igual pero que venga en español.",sports,negative,0.7903894782066345
2026-08-08,es un buen producto por el precio que tiene y hace su función a la perfección,industrial_supplies,positive,0.7752041220664978
2026-08-16,"La cajita ocupa poco y esta muy bien, caben las 8 tarjetas, pero hay que tener cuidado porque al cerrarla se caen y se puede perder alguna tarjeta. Los huecos no son perfectos",camera,positive,0.5255520939826965
2026-08-20,Parece ke funciona.. No me lo esperaba,drugstore,negative,0.6791014075279236
2026-07-10,"La mochila me gusta, lo que pasa es que me llegó descosida una parte. No la devolví porque me urgía tener una mochila.",luggage,negative,0.550365686416626
2026-07-15,Bien en el envío y tiempo pero el cable saca muchos ruidos nada más enchufarlo a un amplificador... baja calidad,musical_instruments,negative,0.6442466378211975
2026-09-04,"Es bonita, amplia (y ello implica grande) y con multitud de bolsillos muy prácticos para llevar las cosas organizadas. También es de buena calidad. La única pega es que por algún motivo no nos resulta del todo cómoda (hablo en plural porque la usamos dos personas distintas). Creo que se debe a la forma de las correas.",luggage,neutral,0.5356987714767456
2026-08-01,"Va muy bien, me gusta",pet_products,positive,0.9377691149711608
2026-09-01,"La bateria no carga bien , a veces carga bien pero necesitas ponerlo mucho fuerte y cuesta que cargue. Gracias",electronics,negative,0.7041282057762146
2026-07-28,No carga de todo la batería.,wireless,negative,0.9201632738113404
2026-08-06,"Es demasiado baja,mal transportada,",furniture,negative,0.7724952697753906
2026-07-26,"Muy endeble, aún no la he utilizado",home_improvement,negative,0.8940184116363525
2026-07-10,"La funda es muy bonita, se ajusta bien al Xiaomi Mi 5 y evita caidas gracias a su superficie rugosa",wireless,positive,0.8802013993263245
2026-09-06,Muy practico y economico,wireless,positive,0.9200360178947448
2026-07-10,"Buen producto, cómodo y ocupa poco espacio. No parece muy sólido pero para uso esporádico va bien. Una vez en su funda ocupa muy poco espacio.",camera,positive,0.8834421038627625
2026-08-30,"La idea no está mal pero si no tienes debajo de la barra ninguna estanteria y además la barra debe estar muy alta. Al poner la percha en vertical, las de más abajo rozan suelo. No las he podido aprovechar",home,negative,0.8390491008758545
2026-08-16,Funciona bien. El teclado bluetooth ayuda pero el touchpad podría ser mejor,other,positive,0.6459484100341797
2026-09-17,Me ha gustado porque es bastante intuitivo y aparentemente cumple con lo que especifica en la descripción,wireless,positive,0.8996002674102783
2026-07-03,"Los colores están genial y pintan bien, pero sobre materiales porosos. No son lo que yo entiendo por permanente, y ya que los probado en cristal y plástico que es para lo que lo quería y he pasado el dedo después de escribir con todos osea que algo de tiempo ya había pasado y se te queda la tinta en el dedo... Al.buen rato se.seca y si no frotas muy fuerte se queda bien...",toy,neutral,0.5314339995384216
2026-06-06,"Buscaba una agenda divertida y esta lo es, pero la creía más pequeña, como para meter en el bolso y no es así es grande.",office_product,neutral,0.4348059296607971
2026-08-27,"En verano, se calientan mucho y calienta en exceso la cámara.",camera,negative,0.661765992641449
2026-06-19,Buenos dias. Yo no herecibido este pedido a pesar de que indican que lo ham entregado el martes. Donde lo han entregado?? Quien ha firmado la recogida??,baby_product,negative,0.974572777748108
2026-08-19,"El contador de pasos tarda en funcionar pero es algo que ya se sabía en las opiniones de otros usuarios. A veces tarda en conectarse al bluetooth pero se corrige fácilmente. Todavía no lo he probado en piscina pero en la ducha sí. La batería aguanta 1 semana, 8 días. Sin problemas de momento y suficiente para lo que yo necesito.",wireless,positive,0.7449548840522766
2026-07-10,El ajuste de las cintas del colecho es mejorable,baby_product,neutral,0.6886500120162964
2026-08-31,me gusta es muy eficiente y silencioso,home,positive,0.9663974046707152
2026-09-05,Muy bonito y fácil de montar,baby_product,positive,0.9140931367874146
2026-07-29,"No esta mal, ya que protege bien los cantos, no se me ha caido el movil, pero se nota. Lo malo, que no deja apreciar bien la parte de atras del movil, el cual al ser de cristal es muy elegante. Por otro lado, para quitar la funda y ponersela, hay que hacer maniobras.....es demasiado duro el material. Si no se te cae demasiado el movil, creo que la proteccion que trae el movil de serie, te es màs que suficiente. Al menos, cuando yo compre el alcatel idol, en la propia caja, aparte de las gafas de VR venia un protector más simple que este y trasparente.",wireless,neutral,0.8759740591049194
2026-07-29,Lo que esperábamos.. diseño bonito...bien acabado....,beauty,positive,0.8595311641693115
2026-07-18,"No me gusta este libro, dice lo mismo que otros, sin aportar nada nuevo y con recomendaciones que llevo años siguiendo y he engordado igualmente.",book,negative,0.9694674611091614
2026-07-11,"Me gusta mucho el calor que proporciona, viene genial para mis contracturas cervicales. Lo que no me agrada mucho es que para mí, con el dolor, pesa bastante y termina molestando. Pero mientras da calor, genial.",other,neutral,0.6594732403755188
2026-06-13,Mas de lo mismo sin mejorar la realidad del juego.,video_games,negative,0.7413769960403442
2026-09-15,"Un timo, no llegó maleta",luggage,negative,0.9896337985992432
2026-07-15,Muy entretenido ideal para gente que le gusta el misterio,book,positive,0.7810994386672974
2026-08-28,era lo que necesitava,pc,positive,0.7897672653198242
2026-07-23,Mucho mas grande de lo que esperaba pero queda muy chulo.,home,neutral,0.5601356029510498
2026-07-12,"Viene muy rapido,pero no tienen 1100 mah ,por eso la voi a devolver.No yega a 700 mAh",electronics,negative,0.6879452466964722
2026-09-08,Me envian dos me los cobran los dos que pudo Hacer yo no lo quiero y espero que me devuelvan la pasta,wireless,negative,0.9680126905441284
2026-08-02,Una de las pilas venían a medio uso por lo que no me duró ni un mes.,electronics,negative,0.862957775592804
2026-06-27,"Es gracioso, no se le entiende muy bien. Si no se habla claro para las niñas unas risas y no lo dejan tranquilo",toy,negative,0.6659106016159058
2026-07-08,"Lo recibí y lo devolví, falta total de instrucciones de como cambiar los modos (si es que los tienes), no tiene enclavamiento y creo que es solo un pulsador on-off. El común del relé no está conectado al block de salida ?. Además caro. EXISTE 10 VOLT AC EN LOS TERMINALES DE SALIDA, cuando no está encendido, por tanto no realmente apagado,",home_improvement,negative,0.8836206197738647
2026-07-30,Está muy bien si no quieres que se enrollen los cables de los auriculares,electronics,neutral,0.5567108988761902
2026-06-07,"No me lo volvería a comprar , no se pegó bien tube que quitarlo",sports,negative,0.8648425936698914
2026-06-05,"Me encanta! Es muy ponible, y cómodo. Lo único que no se puede llevar una cartera muy grande, pero caben más cosas de lo que parece",luggage,positive,0.9932356476783752
2026-09-15,Está bien o está mal no es que haya notado una gran calidad pero tampoco mala calidad importante no está el atún deshecho y ahogado en caldo,other,neutral,0.6290586590766907
2026-07-15,"El protector es más pequeño que las dimensiones del móvil J5 Pro. Además el hueco para la cámara frontal, autofoco y flash no es suficientemente amplio y el protector se monta sobre la cámara frontal. Hay que alinear el protector tratando de cubrir lo mejor posible la pantalla.",wireless,negative,0.8415976166725159
2026-07-28,La luz tiene que ser azul,toy,neutral,0.6113585829734802
2026-07-01,A mi hija de 6 años le ha gustado bastante. Lo que le diferencia de otros libros de astronomía para niños son las fichas y el 3D,book,positive,0.8783347606658936
2026-06-23,La calidad imagen y demas no la pude comprobar por el wifi. Solo es compatible con calidad de wifis muy antiguos y a dia de hoy todo el mundo lo tiene mejor de mejor calidad. La camara no se puede enganchar de ninguna manera a la minicuna o cuna.,baby_product,negative,0.7305838465690613
2026-07-12,Cumplen con su función aunque a simple vista para desmontar unos amortiguadores asustan por su aspecto endeble. Solo para uso casero porque la calidad de los materiales no reflejan un gran número de usos para los mismos.,automotive,neutral,0.8124266862869263
2026-06-10,Va como un tiro y la bateria pasa bien el dia.,wireless,positive,0.7858642935752869
2026-07-02,"Excelente producto, resistente y cumple su función a la perfección. Cómodo de manejar.",home,positive,0.9913567304611206
2026-09-15,"Bien acabado y funcional, es como los de antes y el interruptor es suave, quizás algo caro para lo que es pero bien hecho, hay que reconocerlo.",home_improvement,positive,0.8046637177467346
2026-07-23,"Las pedí para un disfraz, en la imagen tenían buena pinta. Realicé el pedido y constaba que las recibiría el día 21 de marzo, ese día no llegó nada. Después me mandaron otra notificación diciendo que llegarían el día 26 de marzo. Las devolví.",toy,negative,0.9568833708763124
2026-06-30,"Para el precio que tienen no está mal, pero la calidad deja mucho que desear y a demás no me entraron bien por que son muy gruesas y el disco no me entraba",sports,negative,0.5133464932441711
2026-07-09,"Yo hice un pedido y tuve que pedir el reembolso porque no me llegó... estuve esperando 2 semanas para que luego me dijeran que me devolvían el dinero, pero en ningún momento que me volverían a enviar otro. Nefasto.",toy,negative,0.995469331741333
2026-07-01,Muy bonito pero demasiado peso para llevarlo a clase...,sports,neutral,0.5588875412940979
2026-08-21,"Hola este reloj al mes dejo de tomar carga, me gustaría enviarlo al servicio técnico para que lo revisen gracias.",toy,negative,0.7460688352584839
2026-09-08,se abre con facilidad y se caen las monedas en el bolso tuve que comprar otro,luggage,negative,0.837150514125824
2026-06-02,"No me ha funcionado el producto, siempre me salía el mismo mensaje en mi IPad 2018 (ver imagen adjunta), independientemente del nivel de carga que tuviera la tablet. Lo he devuelto y Amazon ha iniciado el proceso de reembolso del importe.",home,negative,0.9708006978034972
2026-08-17,El soporte se oxida muy rápido,home,negative,0.7552298903465271
2026-08-16,Mucho mejor que comprarlo en la tienda de la esquina,pc,positive,0.7019994854927063
2026-09-01,"Poco efectivo, evidentemente el motor no debe estar dañado este aditivo no arregla motores rotos, si tiene algo menos de compresión es posible que se note la diferencia en algún caso pero no es del todo efectivo.",automotive,negative,0.9267650246620178
2026-06-12,"Hay que pedir por lo menos dos tallas más de las que vienen, se quedan bastante cortos en eso, por lo demás está súper bonito y la tela de buena calidad para lo que cuesta.",apparel,neutral,0.6366701722145081
2026-07-09,"Es un timo, todas las opiniones estan manipuladas, son de otros productos. El protector en si es de lo peor, por favor hacedme caso, vaya compra...",wireless,negative,0.9949276447296144
2026-08-05,No profundiza mucho pero la edición impresa es muy bonita. Explica cómo practicar muchas técnicas saludables del estilo de vida japonés pero adaptadas a la actualidad y sin profundizar exageradamente. Las ilustraciones transmiten paz y serenidad y es un libro fácil de leer. No le doy 5 estrellas por lo corto que se me hizo y lo poco que profundiza pero es muy recomendable.,book,positive,0.9511350393295288
2026-09-04,"Tal cual se describe, buen envío y buen producto. El producto recibido es fiel a la fotografía que aparece en la descripcion.",home,positive,0.961542785167694
2026-06-13,"Baja calidad, al cabo de unos meses pierde el color por el sol, pero el primero mes le da un toque chulo al coche",automotive,negative,0.6131091713905334
2026-07-16,"La tarjeta está bien la compré en 2012 y aún me sigue funcionando, con ella puedes ampliar la capacidad de tu móvil, portátil, tableta y otros dispositivos compatibles, la única pega es que viene sin adaptador para convertirla si se necesita en tarjeta SD. Volvería a comprarla.",pc,positive,0.8362281918525696
2026-06-27,"Estoy encantado con este carro. Es fácil de montar y desmontar, no ocupa casi desmontado y lo puedes llevar en el carro (que yo nunca me fío de dejarlo atado a las cadenas de fuera). Las ruedas van muy suaves, tiene un color muy bonito y parece resistente. No tiene bolsa para congelado y se puede empujar, solo tirar, pero si eso no te importa es un gran carro.",home,positive,0.9962445497512816
2026-09-13,"Es sencilla de desplegar y muy fácil en el momento de recogerla porque es muy ligera, se enrolla fácilmente y se puede meter de nuevo en la bolsa de malla con la que viene. Viene equipada con terminales de conexión rápida fabricados en metal, lo que facilita su uso y favorece la ausencia de pérdidas. Realmente se expande hasta la longitud que asegura y es estupendo porque este sistema evita las dobleces de mangueras tradicionales. Estoy contento con la compra.",lawn_and_garden,positive,0.984322726726532
2026-06-17,"Es superfina, la he tenido que poner encima de la que ya tenia en mi tabla. Si que es verdad que me encaja con las medidas indicadas en el texto, aunque en el embalaje ponía otras mas pequeñas. El color no acierta, en teoría son tonos grisáceos y la que me vino es amarilla.",home,negative,0.9185200929641724
2026-09-12,"La unica queja es la funda, a los pocos dias de uso, por no decir al primero, ya se habia rajado. La he arreglado y habra que ver hasta cuando aguanta. El resto del producta funciona adecuadamente.",camera,neutral,0.5957731008529663
2026-09-03,Venía sin la funda que traen para guardarlas,sports,negative,0.7479265332221985
2026-09-06,"La bateria funciona correctamente y es facil de instalar, ahora bien, a la hora de colocarla en su punto de recarga esta no entra bien y se tiene que forzar tanto al entrar como al salir, es demasiado grande. El gatillo que acciona la aspiradora va muy duro y acaba cansando el dedo al poco rato. El plástico es de diferente color y desentona con el resto de la máquina. Sin duda, dado el buen funcionamiento y acabados de la máquina creo que vale la pena comprar la original ya que ahora todo el conjunto no funciona tan bien como antes.",kitchen,negative,0.5423020720481873
2026-07-30,"Son gafas para nadar en piscina pero los arcos de la nariz no están bien logrados,y a mí se me clava. Tienen que cogerles el truco para que no te entre agua Una vez conseguido, son gafas muy normales",sports,neutral,0.4924433529376983
2026-08-03,"Este amplificador sería muy bueno, pero hay mucho sonido de fondo cuando los altavoces están en pausa.",wireless,negative,0.4904855787754059
2026-08-27,"Montaje fácil, bastante comodas",furniture,positive,0.5457033514976501
2026-09-17,"Facil de usar y de limpiar, justo lo que esperabamos. El envio como siempre rapido y eficaz sin ningun problema",home,positive,0.968748152256012
2026-07-05,"Se me perdió mi antiguo auricular manos libres y no me quedó otra que comprar uno nuevo. Es bastante cómodo, no pesa apenas y se me encaja bastante bien en la oreja aunque es una pena porque suena muy bajo y cuando se le da volumen distorsiona un montón 😥 no sé si será sólo el mío, hablaré con el vendedor.",wireless,neutral,0.7952095866203308
2026-08-09,"Es muy grande a mi me ha dado para empaquetar casi todo el Cristal, cerámica , y cosas frágiles con un rollo he tenido suficiente para la mudanza",office_product,positive,0.5566272735595703
2026-08-22,Modifico comentario porque el adaptador negro se me ha roto aún así le doy 3 estrellas porque me ha sacado de mucho trabajo y pienso adquirir otro. Pero ojo si tenéis atornillador de impacto ya q acabará rompiendo.,home,neutral,0.9769428968429564
2026-06-30,No hace la molienda correcta quedan trozos Mas grandes o mas pequeños,kitchen,negative,0.7814046740531921
2026-08-10,"Cumplen su función y están bien aunque, las compré hace tiempo y las primeras tenían mejor calidad que éstas, que se despegan con más facilidad y no tienen el mismo tacto y agarre que las primeras.",home,neutral,0.7828242778778076
2026-08-13,"Para troquelar chapa vale, pero enseguida se rompen los dientes.",home_improvement,negative,0.7807719707489014
2026-09-13,"Ralladores muy manejables, resistentes, además de fáciles de guardar y limpiar. Cada uno viene con un protector de plástico así que pueden guardarse sin problemas en el cajón de los cubiertos o donde los necesites.",kitchen,positive,0.975620448589325
2026-09-04,"Me ha gustado, me soluciono la rotura de la correa de mi reloj.",wireless,positive,0.8149487376213074
2026-09-06,"Mi hija esta encantada.... le gusta muchísimo a mi la verdad es que lo encuentro una chorrada, por el precio que tiene esperaba una lol pero viene un lol pequeña....",toy,positive,0.6048659086227417
2026-08-02,No se ajusta a la pantalla. Es mucho más pequeño. Queda un cm por dentro del borde. Muy mal.,wireless,negative,0.9932656288146972
2026-06-28,"Bastante bien pensaba que iba a ser mas claro como en la foto pero tiene un color bonito y no muy guarrete , la tela y la cremallera parecen buenas incluso la tela de dentro veremos cuanto dura si dura mucho pondre 5 estrellas llego muy pronto",home_improvement,positive,0.8919902443885803
2026-07-30,Tiene tres posiciones para regular la intensidad de luz solo con tocarla y es suficiente para leer de noche. La pinza es robusta para poner en un estante. La he vuelto a comprar para poner en otro sitio. Muy recomendable,home,positive,0.9663057923316956
2026-08-18,"Envio muy rápido,y la pieza en si tiene buena pinta,pero está llega con la pegatina de seguridad manipulada,cómo no la voy a montar ahora,va a estar en stock,la voy a cambiar,por si el día del montaje no va bien",automotive,negative,0.7221643924713135
2026-09-02,"Me ha encantado, es justo lo que quería. Y queda genial",home,positive,0.9933648109436036
2026-07-07,La batería del coche dura muy poco tiempo. Tenemos que ponerlo a cargar en cada uso . A lo mejor por el precio no tiene buena autonomía la bateria,toy,negative,0.8037804365158081
2026-09-01,"El palo esta bien, pero el mando me falla",toy,neutral,0.4740404188632965
2026-06-22,Después de lavarlos varias veces no sirven para nada,apparel,negative,0.9593504071235656
2026-08-07,Hola. Hubo un error de cobro de 2 euros de más en este producto. Sería posible devolverme los 2 euros? Gracias.,drugstore,neutral,0.5589715838432312
2026-06-20,Está bien. Se me rompió el original y para las funciones que le hago servir ya va bien. El único factor negativo es que las teclas van un poco duras.,electronics,positive,0.5464347004890442
2026-09-04,No se puede ajustar bien a la muñeca. El material no justifica el precio,wireless,negative,0.8853000998497009
2026-09-08,"Desde Julio que debía haberme llegado, indica que viene con retraso sin ninguna estimación de llegada ni posibilidad de devolución",beauty,negative,0.9863048791885376
2026-08-07,Para los que no pueden gastarse lo que vale el Ceratec.... hace lo mismo con un producto similar ... suaviza el ruido del motor y con ello la friccion de partes metalicas....,automotive,neutral,0.541201651096344
2026-08-30,"Vibrador realista, con muchos detalles. De silicona, suave y con textura. En la caja incluye pilas, cable cargador usb e instrucciones. A través del aparato que trae se puede cambiar el modo de vibración, cambiando la intensida y el tipo de movimiento. La base es ventosa y puede adherirse a superficies. El vibrador se carga por la base y se enciende en un botón integrado. Merece la pena, la relación calidad precio es magnífica.",drugstore,positive,0.9977523684501648
2026-08-03,Buen diseño y buenos materiales por el precio. La parte de lo botones no va muy fina podrían mejorarlo,home_improvement,neutral,0.5654144287109375
2026-06-17,"El paquete viene perfectamente cerrado y organizado. Cada protector con todos los materiales necesarios para ponerlos, pero el primero que puse me ha durado dos día.",wireless,positive,0.3904734849929809
2026-06-12,En el exterior se oxida por lo que no es de muy buena calidad,home,negative,0.7247878313064575
2026-06-22,"La verdad que no lo he usado todavía, pero se ve que es de calidad, ya no puedo decir mas sobre la utilización, pero todo perfecto y recomendable para principiantes.",home,positive,0.90309476852417
2026-06-17,"Es calentito pero tiene un desagradable olor a plástico. Entre este dato y que tardó en llegar más de 2 semanas, no lo recomendaría.",home,negative,0.6667858362197876
2026-06-10,"Una vez actualizado el SW del MINIX parece que no va mal del todo (Tal y como venía de fábrica era una tortura, había muchas aplicaciones en las que no podías clicar con el mando). SIn embargo el A3 es un desastre. Cada dos 2x3 comienza a no responder , pierde completamente la fluidez en el movimiento del ratón y resulta imposible utilizarlo. Por lo general, un reset del Minix lo soluciona, aunque no siempre. Usar el mando que viene de serie con la caja no es solución ya que es muy limitado. EDITO: Además, el mando A3 se come, literalmente, las pilas. Pilas AAA de primera marca duran 4 días sin uso!!!",other,negative,0.9384267330169678
2026-08-04,Es un libro simplón con un argumento flojo y en ocasiones malo,digital_ebook_purchase,negative,0.9636511206626892
2026-06-22,Deja el cabello suave y con buen olor,beauty,positive,0.7815665006637573
2026-08-29,Hola a todos les cuento mi situación he decidido comprar para estas navidades la plancha y bueno en el primer intento que hago el pedido veo un mensaje de que el reembolso me lo harán en dos o cuatro días laborales cuando yo ni si quiera lo hubiera cancelado pues decido volver a pedirlo... hago el pedido y tengo la manía de todos los dias ver como va el pedido tres o cuatro veces al día... Pues hoy me veo.otra sorpresa y me encuentro de que no se envía a Ceuta Melilla y Canarias cuando en la primera ocasión y en la segunda me salía que si se podía enviar... la verdad que estoy decepcionado,kitchen,negative,0.8225359916687012
2026-08-21,El producto es exactamente lo que te venden. Puede ser adecuado para casas a escala 1:12 o para tamaño Barbie.,toy,positive,0.7436208128929138
2026-07-20,"Estéticamente la silla es bonita, pero hasta ahí la parte buena. Ha venido torcida, con una diferencia de altura de cerca de 2cm.",furniture,negative,0.8859191536903381
2026-06-14,Relación calidad precio buena. Buen tacto Ahora veremos como se comporta después de varios lavados.,apparel,positive,0.7732973098754883
2026-08-03,"+Esteticamente preciosa. +Luz amarilla para antes de dormir, perfecta. +Apagar o cambiar de funcion a toquecitos, muy practico. -El gran fallo, la bateria dura poquisimo y tarda mucho en recargarse. Solo por eso el producto pierde enteros... -La relacion calidad/precio es mala.",home,negative,0.8517389893531799
2026-07-17,"Yo pensaba que iba a ser un poco más pequeño, pero son muy grandes y se salen a cada rato. Vamos que para ir a correr y eso, no sirve. Además que la calidad sonido es bastante mala.",wireless,negative,0.9578151106834412
2026-06-29,Es artículo es justo como en la foto. Son tres recambios de buena calidad que ajusta perfectamente al orifico del baño,home_improvement,positive,0.8911065459251404
2026-08-15,"Lo utilizo en un Seat Leon ST y queda perfecto. Todo muy bien. Un poco incómodo de inflar pero rápido....Si no se rompe todo irá bien. ....edito: La segunda vez que lo usé se debió pinchar....debe ser microscópico pq tarda en desinflarse como 2 horas conmigo durmiendo y no soy capaz de dar con el agujero para arreglarlo...en fin. Ha durado dos usos... los colchones del decathlon de 15€ se ven muuuucho más fuertes, de hecho es el que me he pillado al final para el coche.",sports,negative,0.9047139286994934
2026-07-06,Es facil de poner pero es un poco mas pequeño que la pantalla del movil,wireless,neutral,0.6090425252914429
2026-09-07,"Muy bonito para llevar en el coche, la idea de dónde se coloca también es buena e incluso para ver vídeos o contenido multimedia es sobresaliente. Ahora bien, no sé por qué pero las llamadas hacen que el volumen del aparato sea bastante bajo, no se oye nada con las ventanas abiertas y eso es un inconveniente. El volumen en llamadas es la gran pega que tiene.",electronics,neutral,0.7602787017822266
2026-07-22,"A mí no me ha funcionado. El primer día se quedaba parado. Pero ya al tercer día pasaba olímpicamente. Yo lo quería para corregir cuando se pone a ladrar cuando tomamos por ejemplo algo en una terraza, porque se pone como loco cuando vé a otros perros. Es muy bueno, pero cuando ve perros se pone muy cansino y molesta.",pet_products,negative,0.7279369235038757
2026-08-15,"Llegó a tiempo por correo postal, con SEUR lo tuve que devolver, me falló 2 días. No quiero saber nada de estos de SEUR. Son unos INFORMALES",watch,neutral,0.4298193156719208
2026-06-07,Una de las jarras ha venido rota,home,negative,0.7991834878921509
2026-06-29,Necesito una solución para este percance.,home_improvement,negative,0.9864960312843324
2026-06-11,Libro entretenido pero nada del otro mundo,digital_ebook_purchase,neutral,0.7246016263961792
2026-07-03,"Quedan genial, muy simpático",furniture,positive,0.9861392378807068
2026-06-06,de momento funciona bien,electronics,positive,0.7297872304916382
2026-08-18,Su presentación y su funcionamiento,pc,positive,0.5962949395179749
2026-07-02,Su sencillez de uso y manejo. Además funciona sólo con pilas. Lo cual evita tener conectada la estación a la red. Y siempre puedes ponelo donde tu.lo quieras,lawn_and_garden,positive,0.913965940475464
2026-07-21,La única pega que le pongo al producto es solo su lentitud en cuanto a transferencia de datos...,pc,neutral,0.6760396957397461
2026-08-14,"mala calidad, mala iluminación, bandas azules la he tenido que desinstalar",sports,negative,0.9288151264190674
2026-07-28,"En general bien, lo único la distancia de los pedales al sillín algo corta para una persona de no gran tamaño.",sports,neutral,0.6645107865333557
2026-08-26,"Mucha potencia rápida, pero un poco pesada. El cesto de plástico un poco débil.",home_improvement,neutral,0.8079591393470764
2026-06-26,Es bastante flexible e ilumina bien. Xo se sujeta muy mal al libro. Se suele caer y hay q volverlo a poner,home,neutral,0.6005305647850037
2026-09-06,"Esto es para niños que sepan flotar, sino se unden y les tapa la boca",sports,negative,0.6684872508049011
2026-07-16,"Los compré hace dos meses y, si bien quedan bien, la calidad deja muchísimo que desear. No dejaron de soltar bolas ni un sólo día. Apenas dos meses y ya se están rajando por la entrepierna, los he tirado a la basura. Por el precio más vale comprarse dos en el Primark o un sitio del estilo, verdaderamente decepcionado con este producto.",apparel,negative,0.988532543182373
2026-09-06,"Soy coleccionista de figuras, la figura correcto, pero el blister roto. Es la segunda compra que hago y con el mismo problema, si lo llego a saber lo hubiese comprado en Drim, juguettos o el Toys tus, decepcionado",video_games,negative,0.9264036417007446
2026-06-29,"Segura, buen diseño y relación calidad-precio. Únicamente deberían mejorar las instrucciones, difícil montaje",baby_product,positive,0.7393482327461243
2026-06-04,"No es lo que esperaba, muy rígida, las tarjetas entran con mucha dificultad, y parece bastante fragil.",luggage,negative,0.8722888231277466
2026-08-20,"Excelente modelo de calidad de gama media pero con altas prestaciones. Buena cámara, potente, rápido y con carencia de exceso de aplicaciones innecesarias. Viene con las apps justas y eso evita que ocupen memoria que no vas a usar.",wireless,positive,0.9964408278465272
2026-09-07,Hace los buñuelos muy bien,home,positive,0.8275418281555176
2026-06-13,"Quitar la ansiedad si te la quita, pero o te pones a regimen estricto o no notas nada, he estado haciendo varias pruebas y si la tomas y no haces régimen no adelgazas, tendrían que poner que es para quitar la ansiedad porsi sola no adelgaza ni quema grasas por lo menos a mi y no soy de las que como mucho más bien pico.",drugstore,neutral,0.5000554919242859
2026-09-13,"viene perfecta para el xiaomi note 4 version global, aconsejo su compra buen producto.relacion calidad precio buena, se adapta bien al telefono.",wireless,positive,0.9658396244049072
2026-07-09,Demasiado grande Incómodo abrir y cerrar,sports,negative,0.4799454808235168
2026-06-15,Aún no los he usado Espero q no se rompan fácilmente . Buena pinta . No sé q poner más.,beauty,positive,0.5657658576965332
2026-06-29,No cabe tanto como sale en la foto,luggage,negative,0.7733591794967651
2026-06-29,Mango muy cómodo. La calidad se be buena. El diseño muy chulo.,wireless,positive,0.832501232624054
2026-08-14,"no esta mal ,hubiese preferido mas tapas grandes ya que vienen unas mas pequeñas que no le veo utilizacion y la que aparece en la foto rectangular no viene ,son todas redondas",home,neutral,0.8028256297111511
2026-07-02,"Cuando compré ponía que eran de talla L y me mandaron una S/M,muy mal..si no tienen de la talla L,que no lo pongan y compraré en otro lugar..ahora tengo tiritas que no van,igual si me hago un corte en un dedo de pie si...",personal_care_appliances,negative,0.857795000076294
2026-06-02,"Mi perro es un pastor suizo de casi 7 meses. Tira mucho cuando salimos de paseo. El collar de castigo ayudó, pero duró muy poco tiempo, lo hemos usado solo 2 semanas y se rompió y casi se nos escapó el perro.",home,negative,0.6486179232597351
2026-07-17,"Cuesta un poco ponerla, tiene un buen tacto y por el precio que tiene me parece un producto más que correcto. La correa es más pequeña que la original, pero para el grosor de mi muñeca viene bien",sports,positive,0.6162381172180176
2026-08-17,"Va bien, carga perfectamente pero a veces en la transmision de datos falla. La calidad del material es buena y no pierde la forma.",electronics,neutral,0.5929999947547913
2026-08-23,"las cosas como son, gran producto, gran envio, mejor precio. recomendado para emular en tu pc videojuegos retro o para raspberry. botones, material, tacto, etc, todo perfecto, tengo 4 en casa y los 4 funcionan.",wireless,positive,0.9963250756263732
2026-06-22,A mi mujer le ha ido muy bien y con respecto a otras la calidad precio son muy buenas,baby_product,positive,0.9013200402259828
2026-08-14,"Las puntas se rompen con facilidad, jugamos dos partidas nada más ponerlas y se rompieron 5 o 6. Por lo demás ha sido una buena compra, aunque algo caros.",sports,neutral,0.7092330455780029
2026-06-27,Muy grande para que sólo puedas meter una camisa. Es demasiado aparatoso.,luggage,negative,0.731624186038971
2026-08-06,ME parecían mucho más grandes en la foto y más larga la cadena. Son bonitas pero escasas para lo que yo necesitaba.,home,negative,0.7302188277244568
2026-08-20,"La elegí porque era la única que en la descripción no ponía que la tela era de piqué, pero para mi sorpresa, la tela sí es de piqué. Buscaba una tela menos clásica.",baby_product,neutral,0.6381397843360901
2026-09-16,"De primeras parece q tiene q ser demasiado grueso, pero es realmente útil!",kitchen,positive,0.5227683186531067
2026-07-26,El producto se ve robusto y funciona bien. Es potente y no hace demasiado ruido. El unico fallo que le veo es que no hay forma de apagar la luz del control: se queda encendida incluso en OFF. La unica forma de apagar la luz es de desenchufar el equipo. He estado hablando con el fabricante y me dicen que el funcionamiento es normal.,home,neutral,0.7631275653839111
2026-08-31,El libro es precioso y ha llegado a tiempo sin embargo el lateral está dañado y al ser para regalo estoy pensando devolverlo,book,neutral,0.5853581428527832
2026-09-01,"Los taburetes son muy bonitos y cómodos, se pueden regular en altura y no se ensucian facilmente. Estamos super contentos por la compra!! Muy recomendable",furniture,positive,0.9958643913269044
2026-06-21,Mal estado con oxido en el mecanismo de apertura pero muy buen corte,sports,neutral,0.5296151638031006
2026-07-17,"Reloj para nadar que no resiste el agua. Se estropea y, el servicio técnico de amazon te cobra lo que uno nuevo para arreglarlo. Un timo total.",sports,negative,0.99380624294281
2026-08-19,"Buena imagen, sonido bajo, pero por ese precio, no se puede pedir más. Buena relación calidad precio. Para mi uso me sobra.",camera,positive,0.4797856509685516
2026-09-09,buenos días se me rompió por los cantos a los dos días o sea dinero tirado una estafa recomiendo no comprarlo,wireless,negative,0.9974576830863952
2026-07-29,"Los auriculares bastante sin más, lo malo el micro, la persona que me escucha a través de ellos los oye como con cortes y no siempre demasiado bien... cuando roza con la ropa también se oyen cortes. El sonido está bastante bien, aíslan bastante del entorno, me vienen muy bien para el trabajo.",electronics,neutral,0.6723120808601379
2026-08-23,No protege los cantos si se cae se rompe por los costados como si no llevase salva pantallas COMPROVADO. Seguro q hay otra mas grande que cubra pantalla entera. Esta NO,wireless,negative,0.9227311611175536
2026-06-06,Satisfecho con la compra.,furniture,positive,0.7545933127403259
2026-06-19,Buena pulsera. La negra me gusta más que la gris. Se encajan fácil en la fitbit charge 2 y quedan bien sujetas. LAs medidas son las adecuadas,sports,positive,0.951496720314026
2026-07-27,"Fáciles de montar, pero algunos de los materiales dejan que desear. Relación calidad-precio correcta.",furniture,neutral,0.8696610927581787
2026-08-08,"es lo que se ve en la foto, tal cual, un soporte sin mas para el papel del wc",home_improvement,neutral,0.5391486287117004
2026-06-03,"buena calidad de fabricacion, la talla segun medidas ofrecidas por la fabrica, queda un poco pequeña, si se elige una talla mayor quedara mejor",sports,neutral,0.4959016740322113
2026-06-01,"Tras un grave esguince de tercer grado, me esta ayudando a recuperarme corriendo a ritmo leve",drugstore,positive,0.7709326148033142
2026-07-28,"Es bonita y bastante calidad, solo el cierre q se suelta, pero enseguida te das cuenta...yo no llego a perderla..",jewelry,positive,0.6586509346961975
2026-07-08,No es mejor que el hierro de carnicero,kitchen,negative,0.5394626259803772
2026-06-15,"Esta bien el libro, pero me se ha hecho un poco pesado sobretodo los primeros capítulos demasiada teoría para mi gusto. Por lo demás puedes sacar ideas para ponerlas en practica.",digital_ebook_purchase,neutral,0.8447929620742798
2026-07-04,"Necesito ejecutar la garantia, el tazon se me ha roto en el lava vajilla.",kitchen,negative,0.9259545803070068
2026-07-31,Muy bonita aunque la tapa al cerrarla se abre sola,baby_product,positive,0.4808560609817505
2026-07-05,"Muy orgullosos con esta compra, se ve de alta calidad,nada que envidiar a una joyería. Un regalo precioso que aguanta dl color perfectamente",jewelry,positive,0.987061321735382
2026-08-03,"Cumple su cometido como escurridor de lechugas, el pero es que...pierde las gomas de sujeción de su base. He tenido que comprar otras en una tienda de fontanería.",home,neutral,0.6331843733787537
2026-06-25,Corresponde al producto.,video_games,neutral,0.8786731362342834
2026-06-24,Habíamos leído opiniones de todo tipo. Supongo que algunas camas llegarán en mejor estado que otras quizás. La nuestra está genial. Es para mi labrador de 40 kilos y nada más ponérsela ya la uso y tan agusto se quedó. La recomiendo.,pet_products,positive,0.988389253616333
2026-06-12,"Ha sido rápido y fácil de seguir. Se me ha tenido al tanto en todo momento muy bien. Pero al recogerlo hoy en el punto de recogida, el artículo que venía dentro de la caja era de dimensiones mucho muy distintas al que había pedido. He tenido que pedir otro de nuevo esta misma mañana. Gracias.",lawn_and_garden,neutral,0.5338583588600159
2026-06-18,"Nunca he tenido un teclado mecánico y vale la pena comprar uno. Este es bastante cómodo y muy llamativo. El material del marco es plástico resistente pero las teclas son ABS, lo cual con mucho uso empezarán a brillar por desgaste. Lo mejor es el RGB ya que al tener un back plate blanco el RGB se nota muchísimo. Al principio la configuración del sofware es un poco liosa y poco intuitiva (y el Synapse 3 esta en beta), pero cuando le pillas el truco verás que es super sencillo. Lo único que no me ha convencido es que tanto el logo, como las luces de ""mayúscula-bloqueo numérico-scroll lock"" es un plástico que se raya con muchísima facilidad a la hora de limpiar. Hay que tener mucho cuidado en esa parte. En mi opinión vale mucho la pena este teclado.",pc,positive,0.98491632938385
2026-06-15,"Es muy chulo y práctico, llego muy rápido y de momento funciona muy bien",video_games,positive,0.9449942111968994
2026-09-16,No esta mal pero una tira se jodio a los dos dias de ponerlo pero no todos los colores,home,neutral,0.6917036771774292
2026-08-19,Producto en mal estado porque la caja vino destrozada normal que el producto llegue mal,toy,negative,0.976173460483551
2026-06-27,"Buenas noches, montaje normal lo unico malo que nos ha llegado golpeada la parte superior de la messa",furniture,neutral,0.5015113353729248
2026-08-11,"Queda perfecta al móvil, y aguanta caídas en su esquina ferfectamente, la estética es genial y queda bastante fino el móvil con esta carcasa, que es lo que buscaba.",wireless,positive,0.9921397566795348
2026-07-30,"Parece que no, pero para los pequeños pasa de ser un juguete a un sistema de localización. No he probado lo del fuego todavía y espero no tener que hacerlo. Por su volumen y comodidad de llevar parece necesario llevarlo.",sports,neutral,0.7084254026412964
2026-07-16,Este soporte cuando lo recibo me resulta confuso la aplicación ya que la parte azul del neopreno por el tipo de cosido se tiene que quedar rozando la piel y la parte negra del neopreno con todo el cosido y entramado queda a la vista. por experiencia en otros productos en neopreno siempre la parte azul quedaba a la vista y la parte negra en el interior. Quitando esta circunstancia y después de darle varias vueltas logre colocármelo.Espero que dure un tiempo pues es muy floja.,personal_care_appliances,negative,0.6823084950447083
2026-08-28,"Llegó perfecto. Es lo que pone, con luz, y para que los niños lo pasen genial. Lo malo es que al primer o segundo golpe, la luz se joroba, aunque por lo demás está bien. Es por esto que doy 3 estrellas.",toy,neutral,0.9804389476776124
2026-06-17,"buena lectura, no está mi, aún que esperaba algo mejor la verdad pero bueno recomiendo leer el libro , un saludo.",book,neutral,0.7200738191604614
2026-09-01,Hace tiempo me hice un tratamiento facial en una clínica en la que utilizaban un rodillo como este. Lo he cogido para hacerlo en casa y ahorrarme todo lo que pague. Relación calidad precio muy buena. Funciona pero hay que ser constante,beauty,positive,0.814290463924408
2026-07-23,"Parches muy chulos. Han llegado igual o mejor que en la foto. La pena es que no se pueden pegar con la plancha, sino que se deben coser (no leí bien)",home,neutral,0.5831831693649292
2026-06-08,"A durado menos tiempo de lo esperado , no creo que el precio se ajuste a su calidad .",electronics,negative,0.7567594647407532
2026-08-18,El producto funciona correctamente; pero venia rota una pestañita y un poco doblada la bateria por estar bien protegida,wireless,negative,0.5139183402061462
2026-06-27,"Muy útil y práctica. Ligera, calienta el agua en 4 o 5 minutos y me soluciona la limpieza de mi casa con rapidez y poco esfuerzo. Me llegó un día antes de lo previsto.",kitchen,positive,0.9741761088371276
2026-07-16,"Fatal, no queda cerrada: el imán no engancha. Dinero tirado, voy a tener que comprar otra funda",wireless,negative,0.9918306469917296
2026-07-20,Necesitabamos este libro para nuestros hijos por demanda del centro educativo y era justamente lo que necesitabamos a buen precio,book,positive,0.7951730489730835
2026-08-10,"La PC es buenísima, muy rápida y anda bárbaro. EL gran problema que tuve es que vino con una tecla rota y fue muy largo el proceso para que me la arreglaran desde la garantía Lenovo. Lo logré pero no pude empezar a usarla por un mes más.",pc,neutral,0.5254104137420654
2026-06-03,"Esta bien, es un cable con dos enchufes",wireless,neutral,0.7092594504356384
2026-09-01,Lo devolví. A tener en cuenta que no puedes tener la capota puesta en el capazo.,baby_product,negative,0.7972906231880188
2026-08-03,"Lo compré porque vi buenas reseñas pero me ha defraudado totalmente, es demasiado pequeño, muy muy corto, no llega a los molares y la mordida se hace incómoda por ese mismo motivo. Pésimo.",sports,negative,0.9797222018241882
2026-07-14,"Si quieres hacer pocos, no hay problema, pero si quieres hacer 100, ponerle lazos y etiquetas para que queden mas monos, es un poco engorroso. Ademas se tiene que ir con cuidado que no se arruguen mucho pq sino se ve bastante. Pero si los haces con dedicacion quedan muy bien. Yo de todas formas estoy contenta con la compra aunque he tardado lo mio, el resultado ha sido muy bueno.",home,neutral,0.6949321031570435
2026-07-23,Ha llegado muy rápido y la funda encaja perfectamente.,pc,positive,0.9142023324966432
2026-06-24,El tamaño XXL es pequeño. No sirve para un adulto. Si lo usa una persona de peso normal se abren las costuras y se disfruta de una agradable explosión de bolitas por el salón.,furniture,negative,0.7775658369064331
2026-07-30,"No me ha convencido su manejo, no es un teléfono ágil, por ejemplo a la hora recoger una llamada entrante hay que tocar bien la pantalla táctil para la conexión, sino se queda como bloqueado no responde. Tampoco las fotos que hace son nada del otro mundo para los 16 megapíxeles de la cámara. Yo vengo de un teléfono Samsung.",wireless,negative,0.8696755170822144
2026-06-03,"Compré el producto hacer a penas 3 meses. Lo he usado una vez a la semana, por tanto no más de 20 veces. Peso unos 75kg y el uso ha sido normal mediante anclaje a una barra. La calidad de los materiales ha resultado ser muy deficiente. Primero se rompe un plástico elástico que sirve para cubrir la zona de unión de las correas y que al no afectar la funcionalidad no le di demasiada importancia. Lo grave vino después cuando se rompe uno de los plásticos de las asas durante una sesión de ejercicio. El aparato ha quedado inservible y ha resultado ser una copia mala del original. Muy decepcionado y enfadado con la compra salvo que se quiera tirar el dinero, no es para nada recomendable",sports,negative,0.9984655380249025
2026-06-20,"La cremallera se rompió después de dos usos, no sirve para llevar muchas cosas, la tela no es flexible. Por lo demas, es cómodo y bonito, su uso no es para bolso de playa.",lawn_and_garden,negative,0.8226286768913269
2026-07-16,"Lo quería para conectar a un proyector un iPhone y un iPad y no reconoce a ninguno de ellos, y si lo hace, en seguida se desconecta. Publicidad engañosa.",wireless,negative,0.9986502528190612
2026-06-15,"Fantástica kettle, el agua se calienta muy rápido y la estructura parece muy resistente. Jarra muy grande y de cristal. Estaba detrás de una jarra de cristal, anteriormente he tenido varías de otros materiales como plástico y terminan amarilleando. Satisfecho con el producto.",kitchen,positive,0.991693675518036
2026-06-25,"Estan muy bien, este modelo no lo conocia. Las recomiendo fundamentalmente para playa y piscina,faciles de limpiar y muy comodas.",shoes,positive,0.9615206718444824
2026-09-02,"He hecho la prueba para ver la cantidad de pelo natural que lleva. Tacto, desenredado, quemar y mojar. No tien la proporción de 80% pelo natural y es bastante áspero al tacto. El pelo natural que lleva es bastante canoso y encrespado, como de persona envejecida. Para ensayar recogidos sirve porque tiene gran cantidad de pelo. No obstante en relación calidad precio está bien.",personal_care_appliances,neutral,0.6456261873245239
2026-08-17,Relación calidad precio insuperable. Lo uso como TV conectado a un Chromecast por la entrada HDMI (Modelo compatible con HDMI) o como monitor para mi portátil. Gran compra.,pc,positive,0.997562050819397
2026-08-10,Exactamente lo que aparece en las fotografías expuestas. Práctico para EDC o como parte de un llavero. No se le puede pedir más.,sports,positive,0.950093150138855
2026-06-17,Son muy suaves y de momento non resbalan,furniture,neutral,0.459170401096344
2026-09-16,Era un regalo para mi suegra. La devolvimos pq es demasiado grande y pesada y pq no adjuntaba libro recetas y nos pareció demasiado dificil de usar para ella,kitchen,negative,0.5235231518745422
2026-08-23,Tiene garantía?? Lo compré hace 10 meses y al principio funcionaba bien pero ahora solo se oye por un casco.,electronics,negative,0.8770691156387329
2026-09-08,"A pesar del retraso, me enviaron un kit de baterías gratuitas como compensación, las baterías van bien a pesar que hay que jugar con la conexión porque siempre hay alguna que no se carga.",toy,neutral,0.4927738308906555
2026-06-09,"Pedí el producto con mi suscripción a prime el día 11. Según esto me llegaba el día 12 por la tarde a más tardar, sin embargo esa misma tarde me llegó una notificación indicando que no llegaría hasta el día 14. Era para un regalo de cumpleaños, así que tuve que comprar corriendo algo en otra tienda. Pensé en quedármela para mí, ya que me gusta mucho el personaje, pero para colmo cuando la he abierto tiene un desperfecto en la pintura delantera. Acabo de solicitar que lo recojan y me reembolsen el dinero. Es una pena, porque el de la taza es muy chulo.",home,negative,0.9545187950134276
2026-07-08,"Lo he utilizado como pequeñas lámparas de noche en una litera triple. Así cada niño tiene su punto de luz. Suficiente para leer un ratito antes de acostarse, y posteriormente pasar a luz azul oscura para dormir. La función autoapagado muy útil en estos casos. Como funciona con pilas me ahorro el cableado en la litera. Veremos cuanto duran las pilas... El plástico tiene apariencia simple y veremos cuanto duran. Pero muy contento con la compra y los niño también.",home,positive,0.963079571723938
2026-07-18,Calidad y rapidez en la entrega,wireless,positive,0.9700424671173096
2026-07-30,El soporte en sí es excelente pero no lo puedo usar porque trae pegamento en su base que se queda en el salpicadero del coche cuando lo quitas.,lawn_and_garden,negative,0.628507673740387
2026-08-02,Me han enviado otro producto.,wireless,negative,0.9606680274009703
2026-08-25,La foto no se corresponde con el producto.los cables no vienen codificados por colores. Para eso lo pido a China a mitad de precio.,automotive,negative,0.824373185634613
2026-06-02,El estado del libro es deficiente. Parece de segunda mano. La portada desgastada y los lomos rozados. Por lo demás bien. Entrega rápida y el libro correcto.,book,negative,0.5936559438705444
2026-08-27,"He utilizado una carilla y bien. Pero no vienen 75 unidades sino 49, pero por el precio no hay pegas.",drugstore,neutral,0.5568197965621948
2026-08-11,Parece más bonita en las fotos. Cuando la ves se nota porqué tiene ese precio. Aún así no está mal,sports,neutral,0.7797795534133911
2026-06-11,"Pulsera de mala calidad, no me gusta como queda puesta en la muñeca, lo que es el reloj mi band se sale solo al hacer un poco de presion, se ve muy endeble. El protector es mucho peor, no pega y no se amolda a la curva de la miband No la recomiendo para nada.",wireless,negative,0.9970976114273072
2026-08-03,"Es de muy mala calidad se queda recogida,quedan arrugas y no se puede estirar bien.No la recomiendo. Un saludo. Espero haber ayudado.",baby_product,negative,0.9943143725395204
2026-08-16,No es de la mejor calidad pero muy buena relación calidad-precio,home_improvement,positive,0.5420666933059692
2026-08-20,la alfombra llegó rota,baby_product,negative,0.9274275302886964
2026-08-11,Mal embalado se retrasó,home,negative,0.9143901467323304
2026-06-21,"Es un poco básico, pero te puede aportar la manera de introducir a tu perro al mundo del olfato.",book,neutral,0.6481426358222961
2026-06-18,El producto en si esta bien en cuanto a funcionamiento pero esteticamente tiene como unas burbujas raras y rascadas que lo hacen parecer viejo o mal acabado.,electronics,negative,0.7478554844856262
2026-09-02,Buena capacidad y tamaño ideal.,luggage,positive,0.923937201499939
2026-08-03,no aprietan como yo esperaba pero hace su funcion,home_improvement,neutral,0.5950565934181213
2026-08-21,"Me gusta mucho porque son de fácil aplicación, quita los residuos pegajosos muy rápido y con una toallita tienes para las dos manos practicamente.",beauty,positive,0.9826810956001282
2026-09-18,"La verdad no es mada del otro mundo,y el protector de pantalla me vino roto debido a su mal embalaje",electronics,negative,0.8744516968727112
2026-09-03,"Bombillas pequeñas, en la foto parecen mayores.",home,negative,0.5552264451980591
2026-07-08,"Sennheiser es buena marca, además duran mucho más que unos auriculares por el mismo precio",electronics,positive,0.9852312803268432
2026-07-02,"Està muy bien, como siempre precio calidad,",electronics,positive,0.9150120615959167
2026-06-11,"Está muy bien para el precio que tiene. Lo malo es que van juntos, excepto la cadena de gargantilla. Creía que podia ponérmelas individualmente.",jewelry,neutral,0.6104373335838318
2026-07-15,"Prácticas, duras, pero para mí, un poco pequeñas.",home,neutral,0.7415944337844849
2026-08-28,Vinilo perfecto de buena calidad. Queda muy divertido y es un buen mensaje,home_improvement,positive,0.9691187739372252
2026-07-03,"El papel es un poco frágil, si no lo trabajas con cuidado se puede romper. Eso sí, muy bonita y variada la gama de colores. Solo se echa en falta el naranja; hay una gran variedad de amarillos, y el ""naranja"" que trae es sólo un amarillo más oscuro.",office_product,neutral,0.653256893157959
2026-09-10,Se recalienta y se bloquea con facilidad,electronics,negative,0.8242599368095398
2026-07-11,"El libro está muy bien pero el embalaje no, viene sin plástico protector y la portada ha llegado doblada y rozada. Era un regalo y no ha quedado muy bien.",book,neutral,0.527125895023346
2026-06-08,"Pedí la talla Xl y me llegó la l en una bolsa de Xl. Aún así me las quede aunque me quedan algo justas. Los hilos de la costura de la cintura se descosen. El tacto es bueno. Pero sobre todo, el precio es genial.",apparel,neutral,0.6584925055503845
2026-06-11,"Producto recibido no se corresponde con descripción, era otra nancy",toy,negative,0.9603155851364136
2026-08-25,Lo pedí y llegó muy rápido. Lo puse en la cámara y funcionó a la primera. Llevaba casi 12 años sin uso y funcionó a la primera. Papel y fotos de gran calidad.,camera,positive,0.987451195716858
2026-07-21,"Las gestiones Amazon fueron impecables. Compré una unidad y esta se estropeó en el primer día de uso. Amazon me hizo el cambio por una nueva y esta si funciona correctamente,aunque se ve un poco endeble",toy,neutral,0.7171627283096313
2026-08-27,El embalado deficiente hizo que me llegara rota la pieza en muchos trozos. La caja era muy justa de tamaño y no tenía dentro material que pudiera amortiguar golpes. La devolución si fué muy ágil y satisfactoria.,home,negative,0.962526261806488
2026-07-11,"Grande y resistente, aunque si la expones al sol y agua mucho el cierre cuartea por donde pasa la cuerda",lawn_and_garden,positive,0.5148062109947205
2026-06-17,"No esta mal, pero tiene unas milesimas de retardo que hacen que sea un poco incomodo escribir. Por el precio que tiene no se puede pedir mas. Yo personalmente lo he comparado con el pencil de Apple y no tiene nada que ver. Hubiera preferido gastarme mas de una vez y tener un producto perfecto.",wireless,neutral,0.6556357741355896
2026-08-15,Esta mopa de pulir no es de las mejores que he probado pero cumple con su función en total se puede utilizar con confianza aunque hay mucho mejores que he probado,industrial_supplies,neutral,0.5472381711006165
2026-07-16,No están bien hechos... Y el tejido olía a química que no se fue ni con el primer lavado.... supongo q a colorantes y tratamiento del algodon,apparel,negative,0.9845252633094788
2026-07-02,"Pésimo, en menos de dos meses ha dejado de funcionar el sensor que hace que se midan los pasos, las pulsaciones, etc... EL VENDEDOR NO RESPONDE, NO HACE EFECTIVA LA GARANTÍA. ESTAFA!!!",sports,negative,0.9971936941146852
2026-08-18,Lo he utilizado en suelos de mármol con el brillo comido por gotas de productos de limpieza y la verdad es que es bastante bueno. Yo estoy satisfecho con la compra.,home_improvement,positive,0.8639200329780579
2026-08-19,Si montas un micro encima de la camara esta es tu mejor opción. Hace poco ruido el autoenfoque y quedara genial. Al tratarse de un 40mm te lo recomiendo para irte de vacaciones o si vas de excursión ya que pesa poco y con esa focal solo se trata de acercarse o de acercarse dos metros.,camera,positive,0.9036787152290344
2026-07-24,"Se ajusta muy bien, es comodo y la talla coincide con la que uso. Buena compra",apparel,positive,0.9290700554847716
2026-08-25,"Decepcionada, leí un poco un día y hasta hace medio mes que mi bebé cumplió los 6 meses no volví a tocarlo, y llevamos practicando blw dos semanas y mira como está el libro, calidad pésima....",book,negative,0.9930955767631532
2026-08-31,LA BATIDORA SE HA FUNDIDO EN UNA SEMANA.,kitchen,negative,0.8774202466011047
2026-06-20,"Ojo, no comprar si el modelo de TV es de 2018",electronics,neutral,0.4985064268112182
2026-07-03,"Buen producto. No es cambio muy bestia, pero algo se nota. Deja buen sabor y aliento fresco. Calidad precio aceptable. Lo recomiendo.",drugstore,positive,0.8316150307655334
2026-08-13,"Como profesora y amante de idiomas, considero este libro un clásico clave que no puede faltar como recurso o consulta de cualquier profesor/estudiante de idiomas que se precie. Buena relación calidad-precio. Lo recomiendo al 100%; sobre todo porque estos dichos, frases hechas y refranes apenas se estudian en las clases de alemán- pero son clave a la hora de perfeccionarlo y alcanzar un bien nivel-.",book,positive,0.9929781556129456
2026-07-10,"Novela entretenida , pero no me ha parecido q pase de eso",digital_ebook_purchase,negative,0.5723000168800354
2026-07-02,"Para efecto decorativo ambiental en jardín iluminando plantas, es perfecto. Cumple las expectativas.",home,positive,0.9076207876205444
2026-09-05,"Estoy encantada con la carcasa, efectivamente los botones son mucho mas suaves incluso que los de la carcasa de serie. Me llegó antes de tiempo y parece de un material bastante bueno y resistente, y además encaja a la perfección (mi Cámara es la National Geographic Action). Sin duda alguna volveré a comprar cuando esta ya no dé para más. saludos.",wireless,positive,0.9926055669784546
2026-06-02,"Estoy muy contenta con el producto. Llegó en perfecto estado y cumpliendo con todos los accesorios que decía. Solo dos inconvenientes: 1º- El manual no viene en español. 2º- Se hecha en falta un botón de encendido y apagado. Eso fué lo que me dejó un poco decepcionada, porque resulta más útil , que estar enchufando y desenchufando cuando terminas de batir. Por lo demás, todo perfecto. Muchas gracias.",kitchen,positive,0.7845163345336914
2026-09-05,"Quería unos filtros para practicar antes de hacer una gran inversión, con estos filtros puedo hacerlo pero no hay que pedir mucho por este precio. Algunos cristales (plástico) están arañados y deja un tono azul en las fotografías.",camera,neutral,0.6272174119949341
2026-07-03,"El amarillo vino bien, el verde bueno, algo quebrada la piel del plátano. La calidad no es espectacular, pero por lo que vale, pues ahí está.",home_improvement,neutral,0.6957085728645325
2026-09-13,Muy fácil de colocar,wireless,positive,0.8724744319915771
2026-08-16,"Desde que lo compre todo bien, buena calidad, buena compra, muy recomendado,todo como esperaba, entrega en el tiempo indicado .",wireless,positive,0.9812982082366944
2026-06-30,"Llego perfecto pero los compartimentos son muy pequeños, pensaba que era mas grande que algunas pastillas no caben pero por lo demás material duro.",personal_care_appliances,neutral,0.7136306166648865
2026-07-03,"Me ha gustado que funcionan muy bien durante unos meses, las cargas, enciendes y a calentarse, de lujo. Pero no las compramos para unos meses, ahora ya deja de funcionar una y no carga, a ver cuanto dura la otra. Ya las cosas no duran ni un año. Y lo que es más, estoy intentando descubrir en Amazon como pedir la garantía del producto y no aparece como hacerlo.... o quién sabe, igual no se puede.",sports,negative,0.7936394810676575
2026-08-16,La batería dura muy poco dura nada más que tres o cuatro horas no merece la pena por la calidad relación precio,wireless,negative,0.912569224834442
2026-06-26,"Practico aunque algo caluroso, no transpira bien, por lo que se suda con facilidad",sports,neutral,0.8432258367538452
2026-06-22,Es una pena lo que han hecho con esta película. Soy un gran fan y siguen haciendo ediciones sin extras y con una calidad pobre de imagen y sonido. Audio: Inglés - PCM 2.0 Castellano - PCM 2.0 SIN EXTRAS,other,negative,0.8749304413795471
2026-09-11,"Es lo que esperaba, sin embargo su diseño es manifiestamente mejorable, no está suficientemente pensado. Si queremos que no se lo lleve el viento, hay que tensar las cintas que tiene en la parte trasera y delantera; el problema es que una vez tensadas el enganche queda debajo del coche y hay que arrodillarse para llegar hasta él ¿se imaginan en un día de lluvia con unos pantalones limpios?, y no digamos personas mayores con las rodillas delicadas. Solo que las cintas estuvieran sujetas más arriba, y la corta fuera más corta, la operación sería sencilla porque la unión de click quedaría a la vista.",automotive,neutral,0.8152113556861877
2026-08-05,"Para mi ha sido un producto mejorable ya que en la imagen a mi me dio la sensación que era mas grande. A parte de eso, me ha gustado pero al escribir se debe de acertar a la primera aunque lo hagas con tiza sino se queda marcado todo ni que lo intentes de limpiar con agua no se quita... Ademas, la pizarra no es lisa tiene relieves",home_improvement,neutral,0.7939884066581726
2026-07-08,"Corresponde con la talla,cinturon no tiene va con una cinta,un poco caro para lo que es, pero ami hijo le gustó",toy,neutral,0.6029094457626343
2026-09-11,"Genial, calidad precio muy bueno!",other,positive,0.9884338974952698
2026-08-29,"Muy descontenta han llegado los colores más feos q había, negro, marrón, azul marino...",toy,negative,0.9395066499710084
2026-07-16,No esta nada mal para su precio.,wireless,neutral,0.5872551202774048
2026-06-15,Hice un pedido de varias cosas incluidas estas velas y me las han enviado caducadas ... Entiendo que es un vela y que no deberia importar pero deberian mirar estas cosas primero antes de hacer un envio.,drugstore,negative,0.9481837153434752
2026-09-06,Los bordes se quedan desplegados. Al mínimo golpe se agrieta. No lo recomiendo.,wireless,negative,0.9854220151901244
2026-09-14,Ha dejado de funcionar después de pocas semanas. Muy decepcionado con este ventilador. Ahora tengo una cacharro nuevo e inservible que voy a tener que tirar a la basura. A evitar a toda costa.,kitchen,negative,0.9973227381706238
2026-07-14,"Esta funda no se ajusta al teléfono, pues no coinciden el orificio de entrada de auriculares ni los botones del volumen.",wireless,negative,0.9548913836479188
2026-07-19,"A mi pareja y a mí no nos gustó apenas nada. La vibración está bien alrededor del aro, pero en el saliente, apenas es inapreciable para la chica. Recomiendo otra marca porque este tenía muy buena pinta, pero deja que desear.",drugstore,negative,0.9289395213127136
2026-09-12,La junta entre el conector metálico y la carcasa de plástico del micro-usb es muy débil y se parte. Me ha pasado en 2 de los 3. No lo recomiendo.,wireless,negative,0.988957703113556
2026-08-14,"Su utilidad fue el Camino de Santiago. Cuando las tuve que poner se adaptaron perfectamente al calzado, la lástima es que duraron tres días. Cierto que anduve entre piedras y por el monte. Si fuesen más resistentes serían casi perfectas.",sports,neutral,0.5768178105354309
2026-07-31,Cumple las expectativas del producto y llegó mucho antes de lo previsto. Tal cual se ve en la foto. Gracias,home,positive,0.8843936324119568
2026-08-06,"Está bien, aunque en realizad no es tan bonita como en la foto, es un gris más oscuro.",home,neutral,0.6971402764320374
2026-06-06,"No me gustan los móviles grandes, para mi el tamaño ideal son las 4'5 pulgadas. El Xperia compact es el mejor móvil de menos de 5 pulgadas con unas prestaciones de gama alta.",wireless,positive,0.6957406401634216
2026-06-09,"Acabo de recibir el paquete y me han llegado 25, no 50.",home,negative,0.8981489539146423
2026-06-06,"Esperaba un producto normalito, y me ha sorprendido lo bien que se oye, y las funcionalidades que trae. Facil de configurar, escuchas el sonido del telefono por el equipo de musica del coche. En mi caso lo uso con spoty premium, y me permite cambiar las canciones de la lista de reproduccion, desde el propio dispositivo, hacia adelante y hacia atras, sin necesidad de tocar el movil. Cuando llaman por telefono, puedes tambien contestar pulsando el boton de descolgar. Se oye perfecto, y nadie seha quejado de que se me oiga mal, con lo que entiendo que tambien se me debe oir muy bien. Me dicen que algunos receptores similares, tienen algunos problemas de interferencias en las ciudades grandes. Yo he pasado ya por varias, y sin ningun problemas Recomiendo totalmente su compra.",wireless,positive,0.9991241097450256
2026-08-12,"La funda cumple y completamente transparente, sin embargo el cristal templado sin agujero para la camara frontal",wireless,neutral,0.4951206743717193
2026-09-11,"Hola buenas, hoy me han llegado los auriculares y funcionan bien pero no funcionan simultáneamente, si me suena el derecho no me suena el izquierdo y están los dos activados con el móvil, pero no se como puedo hacer para que me suenen a la vez, si alguien me puede ayudar o sabe de por que puede venir ese problema se lo agradecería, gracias.",electronics,negative,0.5605296492576599
2026-09-03,"Son muy bonitas, pero no pegan nada, por mucho que las planches se caen. Son para coserlas al pantalón. Tamaño pequeño, cubren superficies muy pequeñas, solo para uso en ropa de niños menores de 5 años.",kitchen,negative,0.80047208070755
2026-07-02,"Pues no puedo opinar porque no ha llegado, para variar......",wireless,negative,0.9326571822166444
2026-07-11,"La textura es agradable, el envase precioso y de cristal, pero tiene un olor muy fuerte que me hace pensar que no es muy natural. Tiene parabenos. Más que una crema parece que te estás poniendo un perfume en la cara. Se me hace raro. Quizás funcione, pero eso me ha echado tanto para atrás que no la estoy usando.",beauty,negative,0.8957022428512573
2026-08-15,"las pulsaciones no las toma bien, el resto normal",electronics,neutral,0.508271336555481
2026-06-08,"Su instalación es bastante fácil siguiendo las instrucciones que en el paquete vienen. La gran pega es que no llega a tapar del todo la pantalla del terminal, la zona de sensores y altavoz, queda totalmente al descubierto, las esquinas dejan un margen, al igual que en todo el contorno, algo que con una funda evita que se pueda despegar, deja unos 2mm entre el cristal y la funda, para proteger la pantalla la veo suficiente, aunque ese hueco es un imán para pelusas...",wireless,neutral,0.459939032793045
2026-08-11,"La calida de imagen es muy buena tanto con luz como nocturna. Es muy estetica por lo que no desentona con el entorno. Ha de tener un enchufe bastante cerca. No he conseguido que detecte el movimiento. Mande un email al fabricante preguntando y de momento sin respuesta. Tampoco es bidireccional el tema de la voz. Si le hablas a la camara lo oyes en el movil, pero al reves no",electronics,neutral,0.6944790482521057
2026-07-20,"calidad regular, se me han roto la mayoría de anillos después de un tiempo ya casi no me queda ninguno.",jewelry,negative,0.8260238766670227
2026-08-31,"Pondría más estrellas si se pudiera comprar sin tener que instalar la app de Amazon app. Se tiene que tener por obligación, sino no funciona.",other,negative,0.9520034790039062
2026-08-01,"poca protección (espumas delgadas) tamaño correcto para bajo tipo jazz bass. las cremalleras se ven débiles (la del bolsillo se atasca un poco ya de nuevo) bolsillo simbólico, lo que pongas en el contacta casi directamente con el bajo. correas ajustables y cómodo de llevar en espalda. Si lo requieres para transportar en espalda sin necesidad de mucha protección es válido, pesa poco.",musical_instruments,neutral,0.8397964239120483
2026-08-23,"se compró buscando seguridad y estabilidad. La que ya teniamos de aluminio tiene peldaños muy estrechos. Esta es mejor porque es cómodo tener los peldaños anchos. Sin embargo a pesar de que pesa bastante, también se mueve bastante cuando subes, no da la seguridad que se esperaba. Es de 4 peldaños, no sé si las de más peldaños funcionan igual.",home_improvement,neutral,0.8171589374542236
2026-08-01,"El embalaje y el producto vinieron doblados,. Ni siquiera lo extraje de su caja. Lo devolvi inmediatamente.",automotive,negative,0.9958123564720154
2026-06-07,La verdad que la envasadora no tiene mucha fuerza de aspiración la encuentro con muy poca fuerza,kitchen,negative,0.8379931449890137
2026-08-14,Quedó espectacular! Son muy bonitas y le dio un toque aún más navideño a la casa,home,positive,0.996560275554657
2026-08-23,"Las tuercas se me pasaron de rosca. Ya lo he leido en algún comentario. He tenido que buscar otras piezas, se asó de rosca y es bastante inestable.",home_improvement,negative,0.8892691135406494
2026-08-19,Para lo caro que es no acopla bien y no tiene enganches solo las 4 puntas y cuando hace el mínimo viento se vuela!! El material es muy flojo para el precio!!,lawn_and_garden,negative,0.938970148563385
2026-06-04,"Utilizada en mi móvil LG G5, funciona a la pefección y va rápida.",pc,positive,0.8740919232368469
2026-06-06,"Tras no recibir mi pedido en plazo (33 días) contacté con el vendedor, me han pedido esperar un poco más. 55 días después de hacer el pedido me han reembolsado el dinero. Para no repetir.",apparel,negative,0.6018284559249878
2026-07-28,"Hay alguna cosa que no me gusta, pero como valoración general, parece ser una placa excelente. Calienta rapidísimo, en cuestión de segundos tienes agua hirviendo. Es muy bonita y robusta, y los materiales parecen de buena calidad. Además tiene 23 cm de diámetro, se pueden usar sartenes u ollas de hasta 26 cm, incluso he llegado a usar de 28 pero no es el tamaño ideal. Puntos negativos, pues que tarda muchísimo en apagarse el ventilador cuando dejas de cocinar. Además el temporizador por defecto se pone a 15 minutos, si quieres que esté más tiempo encendida, tienes que subirlo siempre y es un poco pesado, ya que prefiero el modo manual y este se apaga a los 15 min. Pero son cosas soportables teniendo en cuenta la calidad de la placa. Puede que con el tiempo lo suba a 5 estrellas.",kitchen,positive,0.7482215166091919
2026-06-22,Todo bien pero no funcionaba una cosa. Buen vendedor. Lo devolvi sin problemas sin coste alguno. El dinero tardo un poco.,automotive,negative,0.6057755947113037
2026-06-26,"Son un poco flojas , algunas se rompen",pet_products,negative,0.6317017078399658
2026-06-03,"Mala a dolor. Malisima utilizada una sola vez para darme cuenta que no es nada, por el precio ya es de imaginar.",beauty,negative,0.9943007230758668
2026-07-11,"Funcionó bien el primer mes, después dijo adiós. Por experiencia no lo recomiendo",kitchen,negative,0.9724228978157043
2026-07-30,"Son malisimas, la mayoria se rompen antes de poder usarlas y otras ya no se pueden usar porque ya no tienen la pestaña que hace que quede sujeta. Si pudiera devolver-lo sin dura lo haria. Para nada volvere a comprarlas.",home_improvement,negative,0.9964786171913148
2026-09-14,"Es bastante ligera y frágil, pero a mí me resuelve el problema del espacio, Lo que más me gusta es que la rejilla es muy abierta y me permite que no se cueza la comida, la uso para la parrilla sobre todo",home,positive,0.4997714757919311
2026-06-14,No funcionaba la cámara. No puedo opinar sobre el producto porque lo devolví. No pude usarlo. La pantalla si funcionaba.,baby_product,negative,0.9606167674064636
2026-08-14,Publicidad engañosa. No se corresponde en nada con el producto ofertado. Pienso ponerlo en conocimiento de consumo.,automotive,negative,0.9936224818229676
2026-08-21,"A mi me da que no es la original,el olor es igual pero no dura el olor no dura mucho tiempo",beauty,negative,0.6395763754844666
2026-06-12,Bastante pequeñas.. Pero muy bonitas!,home,neutral,0.5488414168357849
2026-08-26,Muy buena pero pierde color con el cloro.,wireless,positive,0.5580319762229919
2026-06-12,"Están aparentemente muy bien pero, están mal ensambladas y se parten por la parte del enganche metálico, una se rompió y las otras casi. Es una pena porque el tamaño es perfecto y el material es bueno, no así el montaje.",toy,negative,0.7300907969474792
2026-06-13,Encajan perfectamente y se mantienen sin moverse ni caerse. Ideal para tapar las conexiones y que no entre polvo ni suciedad,camera,positive,0.9344086647033693
2026-06-25,"La cremallera es un poco dificultosa de encajar , si no esta bien alineada no cierra, si vas con prisas ni te cuento!",sports,neutral,0.7351395487785339
2026-07-15,"El producto es tal cual se muestra en la foto, pero la preparación del envío no es adecuada. No es de recibo enviar el producto metido en una simple bolsa de plástico sin mayor protección que la misma bolsa. Ha llegado la caja con magulladuras y hasta un roto por un golpe, por lo que si era para un regalo ya no queda presentable. A los miembros de Amazon Prime se nos debería si cabe tratar mejor en los envíos, y meter los productos en las cajas de cartón de Amazon para que lleguen a destino en perfectas condiciones. Una lastima, no puedo recomendar al vendedor en estas condiciones.",toy,negative,0.8381046056747437
2026-06-19,"He encontrado muy buena relación cualidad/precio, por otra parte se me ha servido rápido y con un muy buen embalaje.",home_improvement,positive,0.8591417074203491
2026-07-25,Hola vino muy pronto pero abierta y el bote del maquillaje casi fuera la cajita la verdad no estoy contenta y parece que viene usado le doy un dos,beauty,negative,0.9969210624694824
2026-09-18,"Calidad baja, se oxidan muy rapido.",sports,negative,0.8406429886817932
2026-09-08,"Muy guapo, mi niño está encantado. De buena calidad. Lástima que no se puede elegir el modelo, me ha llegado el de pirata.",toy,positive,0.7185065746307373
2026-07-15,Se nos han caido todas la primera semana. Las pegamos solo por la parte de arriba xq poner las pegatinas en los laterales es complicado. Voy a probar a ponerle mas pegatinas pero de momento no lo recomiendo. Las tienen mis padres y les ha pasado igual,baby_product,negative,0.8521373271942139
2026-06-08,"La suavidad del tejido me ha gustado pero el color no se ajusta al que aparece en la página de Amazon, es más claro",home,neutral,0.5999448299407959
2026-09-01,tiene un tacto muy suave y es exactamente lo que esperaba,home,positive,0.9318092465400696
2026-07-23,"Buen producto ni más ni menos,.",sports,positive,0.7824406027793884
2026-07-25,"No me gusta como juego. Los críos lo pasan bien al principio, pero o son casi adultos o es prácticamente imposible que lo puedan preparar ellos. Total, que se convierte en algo para jugar de vez en cuando, porque requiere de un adulto que esté continuamente preparando el juego y ellos solos se aburren. Tiene cierta gracia lo del sensor, pero la calidad de los materiales no es buena",toy,negative,0.963192343711853
2026-07-02,"El producto llegó en su fecha, es el segundo que compro, pero este que me enviaron tiene un defecto que se puede apreciar en la foto. En la textura del cristal, (falta más control de calidad). El envío en sobre, también es un error cualquiera puede doblar y dañar. No he quedado contento con el producto.",pc,negative,0.917792022228241
2026-07-21,"Este para hacer comida al vapor va muy bien, muy fácil. Echar un poco agua y encender y ya está no hay que hacer más cosas, se puede guardar fácil en La Cocina ya que no es muy grande.",home,positive,0.9332259893417358
2026-07-14,"Funciona bastante bien, fluido y con buena definición de imagen en un televisor FullHD de 42 pulgadas. Reproduce sin problemas desde fuentes DLNA, y/o SAMBA, y con toda probabilidad también desde otras, como PLEX, aunque no las he probado. También lee rápidamente discos externos grandes sin dificultades desde su puerto USB3. Al ser la WIFI sólo 2.4G opté por conectarlo con cable de red, ya que hay muchas wifis en la zona y a veces en casa hay problemas con los aparatos que usan 2.4G. Para usarlo con comodidad resulta absolutamente recomendable un teclado + ratón que vaya con 'pincho' USB (hay que tener en cuenta que no tiene bluetooth).",other,positive,0.9552873969078064
2026-08-21,"Si pides factura, es de una empresa china y carga IVA en la factura, un desastre de atención",pc,negative,0.9955703616142272
2026-08-09,No funciona el botón de bajar pero la verdad que no tenía mala pinta pero lo barato sale caro.....buscaré otra,sports,negative,0.943290114402771
2026-06-18,El diseño esta genial pero no la puedes tumbar,home,negative,0.4665535092353821
2026-08-22,"Está bien, muy completa, es para diestros...",wireless,positive,0.6153804659843445
2026-06-22,Malísimo Tarda muchísimo en cargarse Luego no carga un móvil en toda una noche No recomendable,wireless,negative,0.997343122959137
2026-07-07,Este producto se devolvió porque no era el solicitado,home,negative,0.9170190691947936
2026-09-04,"Artículo que responde a lo esperado, pero se mueve bastante, es complicado encontrar una funda de este tipo ideal, aun así de todas las probadas, esta quizás sea la más práctica.",home,neutral,0.7123492360115051
2026-07-26,Todo lo del Santo Padre Pío es muy bueno para ir creciendo en la Fe,book,positive,0.9901846647262572
2026-09-13,El paquete ha llegado roto y abierto. Es una vergüenza que confíes en una empresa como Amazon y te lo manden el producto con una empresa de repartos que no tiene ningún respeto por lo que transporta. Voy a probar a ver si funciona. Si no funciona lo devuelvo. De momento una estrella por el estado del paquete que he recibido.,wireless,negative,0.9947121143341064
2026-07-29,"Cuidado! No es compatible co todas las unidades de iMac. He leído y he visto vídeos en los que un adaptador como este se utilizaba para un iMac 20” de principios de 2009, pero en el mío no se puede instalar porque el conector de mi unidad superdrive es diferente. En la foto que adjunto se ve arriba el adaptador y abajo la unidad de dvd que tiene mi iMac. He enviado un mensaje al vendedor a ver si me puede cambiar el adaptador o me da alguna solución. De momento estoy pendiente de su respuesta.",pc,negative,0.6335645318031311
2026-06-03,"Acaba de llegarme, pesa más de lo que me esperaba. Falta probar la resistencia frío/calor",sports,neutral,0.4992691278457641
2026-06-28,"Al ponerlo sobre el reloj sobresale por encima del marco y es más fácil dañarlo. No lo volvería a poner pq no le veo la necesidad. En cuanto al producto en sí está bien, buena calidad y fácil de poner.",wireless,neutral,0.6639670133590698
2026-08-13,Cumple con lo ofrecido,wireless,positive,0.7881505489349365
2026-07-05,Encaja perfectamente en el teléfono y ha llegado en perfecto estado,wireless,positive,0.9596949219703674
2026-07-31,"Múltiples ruidos, no lo recomiendo para nada.",wireless,negative,0.9828445911407472
2026-09-01,Muy buenas pipetas. Aunque los primeros días de echárselo se pone oscuro y feo y parece suciedad.,pc,positive,0.7592519521713257
2026-07-24,Cuestión de 48h se había roto,home,negative,0.8936671614646912
2026-08-02,"Un poco chino pero la diferencia de precio respecto al original merece la pena, el material ha llegado perfectamente. No se le puede pedir más.",other,positive,0.76279616355896
2026-08-18,"Esta genial para un smart tv, pero el touchpad es un poco justo de usar. Recomendable tener uno en casa",pc,positive,0.8179721832275391
2026-09-05,Está bien. Un poco simple. Hijo de 15 meses,book,neutral,0.7123313546180725
2026-06-07,Hecho de plástico de no muy alta calidad.,home,neutral,0.5301198363304138
2026-08-15,"Habia pedido 2 unidades previamente que me vinieron bien empaquetados con su caja original ultimamente pedí una unidad y luego una de reemplazo por venir mal empaquetado y ya no lo pido mas.... no vienen bien empaquetados,,,,... algo tan sensible",pc,negative,0.720278799533844
2026-07-19,No puedo valorar por qué el producto aún no me ha sido entregado. La entrega estaba prevista para el día 6 y aún no ha llegado!!!☹️,beauty,negative,0.9892592430114746
2026-09-02,"Buen producto, tal y como esperaba",sports,positive,0.899281919002533
2026-08-24,Calidad precio esta bien,pc,positive,0.5062593817710876
2026-07-01,"No es como la foto, lo pedí especificamente por que era circular pero el producto no lo es, es rectangular con el dibujo dentro.",toy,negative,0.9263469576835632
2026-07-28,"Totalmente en blanco, no es lo que se supone según título y descripción.",book,negative,0.9464401006698608
2026-07-31,"Buenisima precisión para apurar cortando las pieles más pequeñas, lastima el acabado final de las patas que se clavan en la palma de la mano, pero ha sido una buena compra",beauty,neutral,0.6199919581413269
2026-06-24,Este producto no lo puedo valorar porque no me ha llegado nunca el pedido,sports,negative,0.9936392903327942
2026-06-20,"Buenas tardes. No entiendo como pueden vender un producto incompleto. Lo siento pero quiero devolver el producto. Ayer con motivo de la festividad de Reyes quise regalar la linterna, y quede muy mal. Por cierto he comprado varias linternas por Amazon, y todas han venido correctamente con su batería y cargador. Ruego me manden las etiquetas para devolver el producto. Reciban un atento saludo. José Manuel Campo",personal_care_appliances,negative,0.9517014622688292
2026-07-07,"Pone que trae 118 plantillas...y ni mucho menos. Solo habrá 12 o así. Era un regalo y cuando lo abrió, chasco por pocas plantillas. Disgustada",beauty,negative,0.911146640777588
2026-06-04,Funciona perfectamente. Coge señal en pocos segundos y la bateria dura bastante. Recomendable.,sports,positive,0.9938297867774964
2026-08-31,"No se me conecta a mi red que esta oculta, pero para probar si funcionaba lo conecte a otra y si que iba. ¿Alguien me puede decir porque no se me conecta a mi red? En otros pcs si se pueden conectar por lo que no es fallo del router",wireless,negative,0.7534018754959106
2026-09-16,"No va a hacer que los saltos dobles te salgan solos, pero es de buena calidad aunque la he probado poco.",sports,neutral,0.5560963749885559
2026-06-20,"TARDÓ MUCHISIMO, PERO SON MUY BONITOS",home,positive,0.8545763492584229
2026-07-30,Me ha gustado todo de momento no encuentro pegas y mi hijo que es quien la usa dice que es muy fácil de usar y que está encantado en cuanto a la durabilidad eso tendremos que esperar para verlo,office_product,positive,0.988088309764862
2026-06-24,Envío rápido cumple su función fácil instalar la lampara no parece de muy buena calidad.,pet_products,neutral,0.7449427247047424
2026-07-20,"Las burbujas se disuelven en un par de dias. Es muy fácil de colocar. Ya me ha salvado la pantalla del movil, porque se me cayó y partió este cristal solo.",wireless,neutral,0.4067721664905548
2026-07-19,"No es recomendable su compra, venía roto.",luggage,negative,0.9911975264549256
2026-07-21,Su audio es bastante bueno partiendo de que son unos auriculares con sonido estéreo lo que no me gusta mucho de estos cascos es su conector ya que solo me han durado 1 año porque el conector que tiene se acaba rompiendo si estas pensando en comprar unos cascos por cable os recomiendo que sean por usb.,wireless,neutral,0.6613864898681641
2026-09-04,Esta bien pero sería mucho mejor con cintas de tipo velcro.,camera,neutral,0.7405977249145508
2026-09-13,"Facil de poner, muy util. Como se puede leer en los comentarios, tiene un color algo amarillento. Yo lo puse en una pared blanca y disimula mas que el agujero, pero habria que pintar.",home_improvement,positive,0.5412883758544922
2026-07-06,Esta bien pero me parece un poco cara. La verdad es que descanso bien desde que la tengo.,home,neutral,0.5914450287818909
2026-09-06,"El producto me ha gustado mucho y está muy bien para estos días de calor per quisiera saber donde puedo conseguir repuesto, necesito el aspa",home,positive,0.782753050327301
2026-09-08,"La funda esta bastante bien y por ahora ha protegido bien el movil. El problema es que despues de menos de un mes de uso la anilla trasera que se supone que ayuda a sujetar el movil se ha aflojado y ya no se sujeta sola, lo que hace que ya no sirva para nada mas que psra molestar",wireless,negative,0.561522901058197
2026-08-05,Compre este producto y a pesar de su garantia de por vida solo me ha durado un año.,pc,negative,0.9787406325340272
2026-08-18,"No sirve, se enrolla y se baja. Lleva silicona pero no pega",apparel,negative,0.9883389472961426
2026-07-04,"Disfrute mucho de ella en el cine y ahora aún más en el salón de casa. Algo negativo es que me vino un disco rayado. Soy alguien muy pijotero y me molesta gastarme el dinero en producto en mal estado. No es nada preocupante y la película se ve, pero como coleccionista, me tocó un poco las narices.",other,neutral,0.6078317165374756
2026-07-06,"Es más pequeño de lo que se ve, deberían no doblar tanto el papel guia es difícil ponerlo bien y hace un poco difícil la colocación",home,neutral,0.5878238081932068
2026-06-06,"No logre conectarlo en la ps4 con mi placa creative sound blaster x7, lo intercambie con el de mi amigo y funciono.",pc,neutral,0.6074495911598206
2026-07-09,Buen resultado aunque mancha,beauty,positive,0.697110116481781
2026-07-12,"Hay tiras reflectantes en la bolsa y también en las correas de los hombros. No estoy convencido del flujo de aire hacia atrás, pero nunca funcionan de todos modos. Informaré aquí si hay algún problema.",lawn_and_garden,neutral,0.7722662091255188
2026-07-28,No vale para nada lo voy a devolver,personal_care_appliances,negative,0.996094286441803
2026-06-12,El cable no era el correcto,pc,negative,0.7410473227500916
2026-06-03,"Mala funda, material, apenas entra en el dock... Hay que hacer presión. Tiene buena intención pero fallos de diseño",wireless,negative,0.9426016807556152
2026-09-17,Se rompió en menos de 15 dias. no funcionaba,beauty,negative,0.9785111546516418
2026-06-18,Muy satisfecho con la compra. Un producto a buen precio cumple de sobra las expectativas que tenía al realizar la compra.,personal_care_appliances,positive,0.9826400876045228
2026-07-10,"Fácil de montar, muy cómoda, varias posiciones de altura y por si se quedan dormidos. Lo negativo es q la funda da mucha calor, pero yo lo e solucionado poniendo una sábana.",baby_product,positive,0.6375975608825684
2026-06-21,Está bien pero trae poca masilla y aún menos pintura.,toy,neutral,0.6497777700424194
2026-06-15,Genial! Llega en muy buen estado,office_product,positive,0.982343316078186
2026-09-05,"La crema es muy densa y perfecta para pieles atópicas. El formato hace que el bote fue un montón. El inconveniente son los gastos de envío, que encarecen mucho el producto y no sea rentable pedirlo a la parafarmacia que lo distribuye.",beauty,neutral,0.5210242867469788
2026-09-07,Recomendable si no usas mucho la impresora. Precio justo para la cantidad que trae. La entrega de adelanto 3 días,office_product,neutral,0.513515293598175
2026-06-26,La carta que aparece no se ajusta al tamaño real.,toy,negative,0.9012320041656494
2026-06-08,Nada más ponérselo se le cayó una piedra no es bueno,jewelry,negative,0.980901062488556
2026-09-08,"Opción más que interesante para guardar y proteger con seguridad ópticas y cuerpos de cámara , totalmente moldeable , un acierto total.",luggage,positive,0.9889920949935912
2026-09-02,Todo como en la descripción,toy,positive,0.8993321657180786
2026-08-26,"Me ha gustado poder leer algún relato que no había leído antes, pero otros los había leído de otros libros de Megan.",book,neutral,0.5260202884674072
2026-07-12,Se lo regalé a mi sobrina y no le gustó. Los colores claros apenas se notaban. Sólo funcionan correctamente los más oscuros. No lo recomiendo.,home,negative,0.9695930480957032
2026-07-14,"Me ha gustado mucho .. salen rapidas , sin manchar nada y una buena cantidad .. me ha encantado La variedad de palomitas de cabeza de seta no salen bien .. las otras ... las tipicas del super , perfectas .",kitchen,positive,0.9008813500404358
2026-06-14,"El vestido es bonito, pero no me gusto nada que las letras de la etiqueta sean chinas... Para eso me habria ido al chino a comprarlo no por aqui... Era para un regalo y quedas fatal",apparel,negative,0.7885230779647827
2026-08-17,"Aunque el imán es bastante potente a la hora de sujetar el teléfono, no pasa lo mismo con la pegatina, si tu coche tiene el salpicadero algo rugoso no te lo recomiendo. Porque se cae cada dos por tres.",wireless,negative,0.5865923762321472
2026-06-02,"Son como la imagen. Bienen montados, solo tienes que instalarlos. Son muy bonitos.",home,positive,0.949445366859436
2026-07-07,"La caja de las cartas no llegó en perfecto estado, tiene algunas esquinas algo dañadas. Llegó en el tiempo esperado",toy,neutral,0.7613711357116699
2026-08-08,"Se ve de lujo, la verdad que me sorprendido mucho",wireless,positive,0.9637856483459472
2026-07-08,Fenomenal mejor de lo que esperaba,toy,positive,0.986255705356598
2026-09-17,Me han decepcionado un poco. Quizá para subrayar están bien pero para escribir con ellos no sirven porque dejan un trazo demasiado claro.,office_product,neutral,0.4972729682922363
2026-07-11,"Botella grande y muy bonita .la tapa de aluminio es de rosca ,de dos piezas y se tiene que ajustar muy bien para que no gotee agua. El grifo es de plástico",home,neutral,0.5687367916107178
2026-08-01,"Lo compre para quitar los pelos de mis dos mascotas, pero no fue bastante potente",kitchen,negative,0.5301467776298523
2026-07-30,"Se ven de mala calidad, muy poco peso, solo abrir el primer cubierto, estaba completamente arañado, no creo que resistieran ni un lavado de lavavajillas.",home,negative,0.986353039741516
2026-06-14,"Muy, muy difícil de configurar y sincronizar. De hecho con el móvil me ha resultado imposible. Su departamento de atención al cliente tampoco ayuda demasiado. Al final funciona bien. Mide ok las distancias y es comodo y con buena imagen. Lastima que parte de sus funcionalidades no se puedan acabar de utilizar por lo difícil que es configurarla. En los tiempos que corren deberían diseñar productos de fácil instalación y uso.",sports,negative,0.6443238258361816
2026-09-11,"Llegó con la cremallera rota . Por lo demás es d bien material, fácil d vestir y muy gracioso. La gorra es muy útil porque al ser d tmb d licra se adapta a la cabeza sin apretar, seca rápido y protege la nuca",apparel,neutral,0.5951293110847473
2026-08-28,"Además de mala calidad no es elástico, y demasiado pequeño",sports,negative,0.9838653206825256
2026-08-23,El televisor es muy completo y tiene una buena resolución pero es demasiado grueso para los televisores que hay ahora en el mercado...el doble de uno actual...es muy voluminoso...visto de frente está bien pero es curioso que en las fotos del producto no aparece ninguna foto del grosor.,other,neutral,0.6908347010612488
2026-06-02,"La lampara ha funcionado una semana y ya no funciona , se enciende la luz azul pero el LED NO va",home,negative,0.9712008237838744
2026-09-11,"El dispositivo es increíble. Funciona a la perfección. El único inconveniente que tuvimos fue que a los 6 meses de la compra, una de las bombillas dejó de funcionar. Amazon nos facilito el cambio de dicha bombilla, ya que debía estar defectuosa porque normalmente no suele fallar tan rápido",home,positive,0.6482924818992615
2026-08-09,"Buena camilla, comida y fácil de plegar.",personal_care_appliances,positive,0.958254098892212
2026-06-17,Está muy bien porque es muy bonita de espejo pero claro desmonta muy rápido ella sola no debería ser desmontable tendría que e ser solo una pieza,wireless,neutral,0.7639058232307434
2026-08-28,Lo he usado como antiparasitario y ha sido muy efectivo....,lawn_and_garden,positive,0.8974148631095886
2026-06-28,"Baja calidad, me esperaba más pero la verdad que no recomiendo la compra ya que apenas se aprecian los cambios. Hay mucha diferencia de calidad con respecto a un filtro bueno.",wireless,negative,0.8719770312309265
2026-08-05,"El juego esta chulo , el típico shooter pero si quieres avanzar , tienes que pagar, bajado , jugado y borrado.",other,negative,0.8587300777435303
2026-07-05,"No da buena luz, la devolví",home,negative,0.9221052527427672
2026-09-09,"Da la sensación por la imagen de que vienen dos unidades en el envío, pero solo viene una unidad. Por otra parte, lo que engancha el micrófono no es muy resistente y se rompe con facilidad.",office_product,negative,0.7479177713394165
2026-06-05,"La finalidad de que el portátil estuviera más elevado, cumple las expectativas, como no se mueve de estabilidad bien.",sports,positive,0.4944555759429931
2026-08-04,El disfraz en si esta bien. Pero el tallaje es horrendo. Pedi la talla 3-4 para un niño de 5 años y le sirve a su hermano que tiene 8.,toy,negative,0.8760719299316406
2026-07-10,Tardó bastante y no brilla tanto como en las fotos. Es una mochila con un buen tamaño y calidad aceptable.,sports,neutral,0.7591952085494995
2026-08-15,"No hay gomas en la parte inferior de la placa PCI-E, no tiene FP condensadores sólidos, que proporciona más potencia de forma segura, es una version antigua.",wireless,negative,0.9237584471702576
2026-07-26,El envío rápido bien empaquetado pero se confundieron en la talla y tuve que devolverlo,apparel,neutral,0.484365850687027
2026-07-06,Pensé que por ser AEG seria buena. No puedes hacer mas de 8 tazas sin que se desborde el café.,kitchen,negative,0.7793269157409668
2026-07-15,"No sé el resultado es para un regalo però el envoltorio no tiene presencia, viene en una bolsa negra como de basura con un etiqueta adhesiva. Viene sellada y no puedo abrirla para comprobar su estado o tendré que buscar un nuevo envoltorio. El regalo ha fustado muchísimo super original y poco visto, buena calidad, no es cuero es goma dura.",sports,neutral,0.4462217390537262
2026-06-23,"Estaba contento hasta que sea a partido, con uso diario, solo por ciudad sin hacer el cabra encima del sillín con un peso de 67 kg, mucho diseño poca calidad, con un año y medio de uso, espero que la garantía siga vigente, eso sí no vuelvo a comprar la marca prólogo, ni muerto, estoy muy mosqueado",sports,negative,0.9839756488800048
2026-07-17,"Es de poca calidad, pero es lo que buscaba para guardar chismes",automotive,neutral,0.7070934772491455
2026-07-01,Dificiles de poner y muy faciles de que se le salgan al perro.. a mi pastor aleman no le gustan en absoluto,pet_products,negative,0.81883305311203
2026-06-11,"Embalaje penoso plástico roto y picado hasta el mismo colchón , se nota hasta sucio el tapizado del colchón, me estoy pensando devolver el ya recibido y los otros 2 que había pedido ya he solicitado la devolución, quisiera aconsejar al vendedor la utilización de usar plástico de burbujas o una triste caja de cartón en el embalaje, la imagen del producto cuando lo recibes es penosa y ya sé que el colchón es barato pero de verdad pidan un poco más por el producto y pongan un embalaje en condiciones.",furniture,negative,0.9276719093322754
2026-06-10,"Se engancha bien incluso en la puerta de la habitación. Pero uno de los dos ganchos se despega con facilidad, lo tengo que poner cada semana de nuevo en su sitio.",furniture,negative,0.6956034898757935
2026-08-06,"El producto la verdad me ha encantado se escucha bien, el bluetooth se conecta rápido y *las orejas no me duelen* La razón por la que no le pongo 5 estrellas es que pesan , es la única pega que le veo",electronics,positive,0.9839774966239928
2026-06-14,Calidad precio muy bueno!,kitchen,positive,0.9007449746131896
2026-08-19,"Cinturón con sistema curioso de amarre. Muy largo, le tuve que cortar 2 veces y aun así me sobra mucho, a veces se salta algún punto, espero que el sistema de amarre no se vaya desgastando porque sino el cinturón ya no vale.",apparel,neutral,0.6584827303886414
2026-08-13,"Me ha gustado su potencia, las luces que tiene en la base que facilita muchisimos ver el polvo y la forma de esta.",kitchen,positive,0.8778588771820068
2026-09-01,"La compré como regalo para mi hermano y está bien, aunque el deslizamiento con el ratón podría ser mejor. Acorde a su precio sin duda!",pc,positive,0.5905591249465942
2026-06-10,"bonito y compacto, no ocupando y esta siempre a mano",personal_care_appliances,positive,0.8807748556137085
2026-08-15,"El reloj muy chulo, pero no te puedes fiar de la correa, se te puede abrir y perder en cualquier momento.",toy,neutral,0.5932593941688538
2026-09-02,"Despues de usar varios modelos de inalambricos, este en concreto el sistema de encendido es muy grande y pesa demasiado por lo que se ladea,",electronics,negative,0.5769529342651367
2026-09-13,El soporte y la cadena muy bien. Los 4 espirros no me han valido. Para un techo macizo si que valen. Pero para un techo de bobadilla no valen. Son demasiado largos. Al final me he gastado el dinero y lo he puesto con taco químico.,lawn_and_garden,negative,0.8694625496864319
2026-06-01,Enchufar y disfrutar,pc,positive,0.8808642029762268
2026-06-05,"Muy bonito pero muy malo: la boquilla por donde sale el zumo no se mantiene en posición para verterlo, hay que estarlo sujetando con el dedo, y el plástico es de tan mala calidad que en un mes ya está con marcas blancas (y eso que prácticamente siempre lo lavamos a mano)",kitchen,negative,0.8885365724563599
2026-06-20,"Han venido rotos, el sabor es bueno la bolsa rayada de milagro han venido decentes.",grocery,negative,0.9067971110343932
2026-06-08,"Este producto permite regar las plantas si, pero se vacía la botella de forma tan rápida que no tiene ningún interés. De lo que se trata es que la planta tenga agua a lo largo de muchas horas a través de la cerámica. Aquí se escapa toda el agua por los plásticos que lo unen a la botella. Eso sino se rompe la boca al montarlo a la botella. Solo lo veo factible pegando las piezas entre ellas y a la botella con un buen pegamento bicomponente. Se va para la basura.",home_improvement,negative,0.9942662119865416
2026-07-13,"Son caramelos blandos, SIN de todo.... ni azúcar añadido, sin lactosa y sin gluten, que era lo que más nos interesaba. Están bien, pero se quedan un poco justos de sabor. Pero bueno, se dejan comer.",grocery,neutral,0.7674745321273804
2026-08-15,Perfecto va perfectamente tardo mucho en llegar dura bastante la batería y la calidad del sonido no está mal,wireless,positive,0.9790019989013672
2026-06-01,"Esta muy bien, no le pongo las cinco estrellas porque lo pedí en color dorado y me llegó color plata. Por lo demás muy bien, lo recomiendo, son tan final como un pulgar en la foto adjunta lo demuestro.",home,positive,0.7169027328491211
2026-07-27,Los tuve que devolver porque me equivoqué con las medidas,luggage,negative,0.6345740556716919
2026-08-03,"Todos los artículos son muy pequeños. Para caras de niños. Para el precio que tiene no está mal. Pero ojo,. Válido para peques.",toy,negative,0.54332435131073
2026-08-23,"Un poco decepcionado la verdad , ya que cuando llegó me pareció buen producto y útil para mi mujer y mis hijas, pero ayer se despegó la ventosa y se ha roto. Yo creía que aguantaría pero......una pena. No recomendable para dejarlo puesto en pared.",home,negative,0.9213961362838744
2026-06-28,Por el precio q cuestan no puedes pedir mucho. Pero muuuuy justitas de calidad...,sports,neutral,0.3927785754203796
2026-09-15,Bonito pero incapaz de conectarse con la aplicacion en el movil,wireless,negative,0.818413257598877
2026-07-07,"Es la primera vez que la compraba por lo que dudo si, el producto realmente no es la panacea que dice ser o bien este no es el producto original el caso es q no he visto resultados más allá de lo que pueda hacer cualquier acondicionador",beauty,negative,0.8414528369903564
2026-07-17,"Maquina no está mal , pero las baterías aguantan poco ..del resto calidad precio, bien No la volvería a comprar !! Y una de las cuchillas (la dorada) se suelta muy fácilmente ...muy mal !!",personal_care_appliances,negative,0.5866374969482422
2026-09-09,No funcionó en mi coche,automotive,negative,0.8603384494781494
2026-08-15,"Sin instrucciónes difícil aplicación de adhesion,doblado el envoltorio, tarde el envio ,fata!!!",other,negative,0.7611875534057617
2026-07-07,"Estupendas. Muy buena calidad y se ajustan muy bien al móvil. Por el precio de una tienes tres, así que recomiendo su compra.",wireless,positive,0.9879959225654602
2026-07-19,"Era un regalo para un seguidor del equipo así que está encantado, es práctico y con capacidad suficiente para un neceser",luggage,positive,0.938497006893158
2026-07-14,Solo permite guardar 2 hojas que hacen bastante ruido y dan una sensacion rara cuando estas cortando,home_improvement,neutral,0.6622791290283203
2026-07-26,En la foto parece bonito y luego al verlo no me gustó tanto. Además me tardó casi mes y medio en llegar más tarde de la fecha.,toy,negative,0.672791063785553
2026-06-28,El manual de instrucciones no se puede leer por el tamaño microscópico de su letra,watch,negative,0.7200628519058228
2026-08-18,Supongo que la culpa es mía por no leerme bien las medidas del sofá. Apenas levanta palmo y medio del suelo... A parte de que se ha deformado enseguida y no es demasiado cómodo para dormir más de una noche.,furniture,negative,0.9278562068939208
2026-06-06,Se despega al tener solamente pegamento arriba y abajo. No dura nada,pc,negative,0.980245053768158
2026-09-16,"Está perfecto, es muy manejable y pequeño, q es lo q buscaba",electronics,positive,0.9573291540145874
2026-07-31,Me gustó más no repetiría porque siento que hay mejores productos para limpiar el rostro,beauty,neutral,0.5499714016914368
2026-06-20,Todo perfecto y muy rápido ! Encantada!,book,positive,0.9912992119789124
2026-08-17,Muy bien lo uso mucho,home,positive,0.9330551624298096
2026-06-02,"Buen cristal, cumple perfectamente su función, el único problema que le veo es que no cubre perfectamente todos los bordes.",pc,neutral,0.5109245777130127
2026-08-12,El modelo enviado no es exactamente el que viene en las fotos.... por eso las 2 estrellas... no respetan. Además no han durado nada. Mala calidad,baby_product,negative,0.9995809197425842
2026-07-07,"la maleta y envio bien, pero no me enviaron la de la foto, me han enviado la que es igual pero en negro. mal por parte de amazon, no se si no la tienen o ha sido un fallo pero no me avisaron de nada.",automotive,negative,0.7929591536521912
2026-06-20,"La funda es extremadamente frágil, hasta el punto de que al apoyarla contra una pared rugosa se rasgó.",sports,negative,0.8907458782196045
2026-06-26,El tono es el adecuado para tapar los faros del coche,automotive,positive,0.7905322313308716
2026-06-29,"me llegó abollado y arañado. Además tiene restos de pegatinas en la estructura. Para un producto que se supone nuevo, es extraño. Por otro lado, funciona.",kitchen,negative,0.7483541965484619
2026-06-01,El cristal que recibí no cubre la pantalla. Pésimo. Esto no es lo que pedí,wireless,negative,0.9923940896987916
2026-07-05,"Es cómoda, un poco grande, pero para un niño mayor y alto es lo necesario. Fácil de transportar En cuanto a seguridad, espero no saberlo nunca, sería buena señal. El niño mide 140 cm y va muy bien, y la he probado hasta 150 cm, y sigue siendo cómoda.",baby_product,positive,0.7170793414115906
2026-08-09,"Un poco lioso en datos y nombres, pero interesante.",digital_ebook_purchase,neutral,0.8035110831260681
2026-09-09,Muy recomendable para BBQ. Buena durabilidad y no deja ningún tipo de sabor. Muy cómodo y limpio,lawn_and_garden,positive,0.9728023409843444
2026-07-29,"Las sillas preciosas, tal como se ven en las fotos. La calidad bastante lamentable, en menos de 2 meses se me habían roto los 4 asientos. Las reclamé y me las volvieron a mandar y se están volviendo a romper.",furniture,negative,0.7773070335388184
2026-08-08,En cuanto a su funcionamiento tienes lo que promete bastante aceptable a mi parecer. La parte mala viene cuando se crees que el aspirador de pelo del interior de la maquinilla va a hacer su trabajo pero no. Te deja el lavabo de pelos casi como si no tuviera ese aspirador por que adquirir esta maquinilla por este aspirador no merece la pena. Aún asi me parece una maquinilla bastante decente.,personal_care_appliances,neutral,0.7546878457069397
2026-07-03,pensé que eran más fuertes. las utilizaré para otras cosas.,home_improvement,neutral,0.634284257888794
2026-07-21,Me ha salido bastante malo .al caer el móvil al suelo se quedo inservible el protector de cristal. Nunca me ha salido tan malo como este,wireless,negative,0.9851889610290528
2026-08-17,El paquete viene vacío sin el card reader lo voy a devolver,pc,negative,0.9654949307441713
2026-06-12,"Producto perfecto para los amantes de los libros electrónicos, acepta múltiples formatos y tienes varios sistemas para realizar la sincronización con dropbox , mediante el archivo adjunto de un email o conexión directa al pc, Al tacto es muy agradable y no pesa nada. Muy recomendado... Como pega solo puedo decir que pese a a ser yo cliente prime se incumplió el día de entrega y tuve que perder algo de tiempo entre llamadas para averiguar que estaba pasando. Pero tras un par de llamadas y 2 días de retraso llego el producto a mi casa.",pc,positive,0.8070995211601257
2026-09-14,"El delfín no funciona, lo acabamos de abrir el día de Navidad y mi hija, que llevaba meses esperando la Nancy se ha quedado súper despagada",toy,negative,0.9903497695922852
2026-06-20,todo correcto y en buen estado llego puntual como decía el correo gran película la recomiendo pillada a un gran precio por el black friday,other,positive,0.9661077260971068
2026-07-23,"De las 6 esencias, algunas no dependen demasiado olor (la naranja por ejemplo). Otras, en cambio, huelen muy bien (lavanda).",beauty,positive,0.5996268391609192
2026-08-27,practico y comodo pero las pinzas no son de la calidad esperada se traban y es imposible coger palos con ellas,home_improvement,neutral,0.6646065711975098
2026-07-13,"Esta muy bien!! Lo unico que se calienta mucho no de si sera pir las pilas o no se , muy comodo y con su mando vas cambiando cuando quieras,",drugstore,positive,0.8440677523612976
2026-09-06,Muy buena relación calidad-precio y funciona perfectamente y es muy muy rápido viene con un cable para enchufar directamente a tu cargador es simplemente con poner el móvil encima ya está cargando no me carga el móvil en menos de una hora es el cargador inalámbrico más rápido que nunca he tenido. La comunicación con el vendedor ha sido estupendas lo recomiendo al 100%. Relación calidad-precio estupenda realmente si merece la pena.,sports,positive,0.9969480633735656
2026-08-28,"Muy contenta con el producto. Llego en fecha prevista. Cumple las expectativas. Al ser más ancho que los normales caben más panes.Tiene 3 resistencias. El recogemigas ocupa todo el ancho de la parrilla, algo que se agradece a la hora de la limpieza.",kitchen,positive,0.98456209897995
2026-07-20,"Muy fácil de manejar y preciso, al menos para mis necesidades: Depósito de agua para ósmosis y presión ruedas coche. No es necesario mantener el dispositivo en la válvula. Simplemente una ligera toma en la válvula y el aparato retiene la presión para ser observada más cómodamente. Una vez la toma ya no es necesaria el aparato vuelve a su estado incial al pulsar el pequeño botón. Esta funcionalidad le ha encontrado muy útil.",automotive,positive,0.949585735797882
2026-06-29,La compré para regalo y funcionó!! La persona está muy contenta. Es algo que quizás nunca te comprarías pero si es un regalo...lo aceptas con ilusión,sports,positive,0.9506312608718872
2026-07-27,El artículo enviado no es el que se pidió inicialmente pero encaja perfectamente y cumple sus funciones. En general diría que por este precio vale la pena.,wireless,neutral,0.6999357342720032
2026-07-09,Juego divertido. Para ver como crecen las plantas. Hay que tener paciencia,toy,positive,0.4928709268569946
2026-09-03,"El color es precioso, pedí un tono 810, para aplicarlo tienes que darle un par de pasadas, para mi es lo normal , y luego es duradero, no magico pero si duradero. Yo estoy encantada con él!",beauty,positive,0.9492810964584352
2026-07-26,Perfectos cortadores de galletas.,home,positive,0.963344931602478
2026-07-13,"Es muy bonita de diseño y muy barata, pero tardas una vida en afeitarte, desde luego más tiempo que cuando me afeito con maquinilla y el rasurado es menos intenso. Los cabezales se mueven menos de lo que me gustaría. Se limpia fácil. Solo llevo 3 semanas con ella pero ...",personal_care_appliances,neutral,0.707308828830719
2026-07-20,"Me decidí por este artículo por la opción de las anillas, pero no tienen una medida estandar con las hojas perforadas que uso habitualmente. No son equidistantes entre sí, las dos de arriba tienen la misma separación que las dos de abajo, pero no entre ellas (espero haberme explicado) Yo no he encontrado ningún formato de hojas perforadas con esa distribución. He probado a intentar hacer yo misma los agujeros pero ha sido poco útil porque las hojas no quedaban alineadas. Al final he acabado quitando las anillas. Otro gran defecto es el cosido de la cremallera: hace un poco de curva hacia fuera en los extremos finales lo que complica la maniobra para cerrar, aunque se abre sin problemas. (Yo he tenido otras agendas con cremallera y el cosido no dificultaba la maniobra como en este caso, sino que la facilitaba) No sé si lo compraría si hubiera sabido estos detalles Por lo demás tiene mucho espacio y divisiones. De momento estoy usándolo aunque no es todo lo cómodo y práctico que yo esperaba al ver las fotos.",office_product,neutral,0.6597219109535217
2026-06-23,"El sabor a tabaco es muy tenue y difícil de encontrar por la potencia de los otros sabores. El que más me gusta es el de menta, se puede acercar a los cigarros mentolados",drugstore,neutral,0.5014480352401733
2026-07-14,"Decepcionada completamente, acabo de recibir el producto hace 5 minutos y cuál es mi sorpresa que viene abierto, es muy poco profesional vender productos en este estado",home_improvement,negative,0.9945605397224426
2026-07-08,"ES MALA, SE PEGA TODO.",kitchen,negative,0.9865351319313048
2026-08-23,El producto está bien pero en la pagina de venta sale con una antena WiFi pero el aparato no la trae así sale bastante más caro.,other,neutral,0.585588812828064
2026-06-23,"es una pena ya que por su diseño es un producto fácil de usar y muy cómodo, sin embargo no es estanco. cuando bebes el liquido sale por la ranura de la rosca. al final he decidido devolverlo.",home,negative,0.974231779575348
2026-07-15,"Por fin he encontrado la manera de que el nórdico no se mueva dentro de la funda!! He puesto las sujeciones hace algunos días y el nórdico no se mueve. Tampoco se abren las sujeciones, aunque claro, mi nórdico es fino, pero utilizando las sujeciones para que el nórdico no se mueva dentro de la funda (que es para lo que se fabricaron) pues hacen bastante bien su función. Solo me queda probarlas con un nórdico más grueso",home,positive,0.8509198427200317
2026-07-22,"Cumple con mis expectativas, es grande y cómodo",lawn_and_garden,positive,0.8588161468505859
2026-08-19,Llegó en tiempo y forma. Calidad básica para un precio económico,wireless,neutral,0.6294724345207214
2026-07-20,"Buena navaja , bien construida, buenos materiales, hoja centrada, fácil apertura, buen filo. Muy recomendable.",sports,positive,0.9788393378257751
2026-09-14,"El producto en sí no tiene mala calidad, pero el plástico azul se despega muy fácil, aunque se soluciona con un poco de pegamento de contacto, pero ya podían habérselo puesto ellos...",home_improvement,negative,0.5672098994255066
2026-06-08,"Como se puede ver en las imágenes, el cristal templado se queda corto a los lados, no tapa toda la superficie útil de la pantalla. Da la sensación que es para otro móvil con pantalla similar. Eso sí, el kit que viene es muy completo y son fáciles de poner.",wireless,negative,0.5795547962188721
2026-08-24,"Todo correcto, el transportista se negó a entregar la batería y enseguida enviaron otro desde otra agencia de transporte. Muy recomendable",automotive,positive,0.950600564479828
2026-06-01,"Tamaño pequeño, los colores de la pantalla están bonitos, al darle luz es cuando se aprecia muy bien. Al ser los números negros no se ven en la oscuridad si no enciendes su luz pero durante el día se distingue bien. La humedad no tengo para comparar y la temperatura muestra, no llega un grado más que el termómetro. Habrá que ver lo que le duran las pilas.",pc,neutral,0.523492157459259
2026-06-08,"Las ceras de tamaño están genial y son bastante resistentes a los golpes, aún siguen enteras pese a que las ha tirado con ganas. las compré para un peque de dos años y se maneja muy bien, en inconveniente es que tienen que apretar para que se marque bien y eso a esa edad es algo complicado.",toy,positive,0.7510049343109131
2026-06-29,"Es una cafetera barata para salir del paso, el café no esta mal pero he probado otras cafeteras mejores que esta",home,neutral,0.5237351059913635
2026-09-04,"Son muy pequeños,en la foto parecen más grandes, sólo sirven para los cuellos de las camisas, pero son tan pequeños que no sirven ni para ropita de bebé",home,negative,0.9160099029541016
2026-09-10,"El soporte es muy bonito y quedaría genial si cumpliese su función, pero no soporta los cuchillos pequeños, se resbalan, solo aguanta los grandes con mayor superficie de agarre al imán. Una pena, lo he tenido que devolver.",home,negative,0.7540009617805481
2026-06-05,"Embalaje en buen estado y el producto viene con la carcasa rota, momento de frustracion después de hablar con Amazon y me indica que al no tener su “Garantía “ tengo que hablar con el vendedor , llevar el producto a una oficina de Correos y cuando el proveedor lo reciba me reembolsan el importe ..... PERO SI YO LO QUE QUIERO ES EL PRODUCTO EN BUEN ESTADO!!! No tener que adelantar el dinero de nuevo",home,negative,0.9273259043693542
2026-08-25,Va genial. Muy rápida. Buena calidad precio. Compraré más tarjetas de sandisk. Recomendable. Aún así para cámara de fotos me tendría que haber comprado la de 128gb.,pc,positive,0.9548436403274536
2026-07-17,"Los compré para probar debido a su bajo precio. Se nota al tacto que no son los auténticos, pero eso no me importa. Los botones van bien, pero la cruceta es muy sensible (en los dos), y hay movimientos que cuesta mucho hacerlos y frustra bastante. Me apañaré con ellos pero no los volvería a comprar",video_games,neutral,0.7178640365600586
2026-07-04,Calidad muy justa de la tinta. Viene con 10 recambios porque se gastan bastante rápidos. El pedido llegó antes de tiempo.,office_product,neutral,0.5665106177330017
2026-08-04,Bonito y fácil montaje,toy,positive,0.7786422967910767
2026-07-25,Me ha durado muy poco días pero muy pocos días y se rompe solo solo esto no vale la pena no vale para nada es casi igual que tirar el dinero no tiene nada de calidad,sports,negative,0.9987982511520386
2026-08-29,"FALTAN PIEZAS DE LAS QUE PONEN QUE INCLUYE EL PEDIDO Y NO GUARDA EN LA MEMORIA LAS CANCIONES, CADA VEZ QUE APAGO Y ENCIENDO EL COCHE EMPIEZA POR LA PRIMERA CANCIÓN.",electronics,negative,0.8322451710700989
2026-07-13,"las instrucciones muy mal, vienen en ingles no en castellano por lo demas llego en tiempo estimado relacion precio y calidad bien",wireless,neutral,0.5124053955078125
2026-08-13,"Bascula bastante robusta, se ve fuerte y de calidad.",personal_care_appliances,positive,0.9305555820465088
2026-06-30,"Tres protectores de pantalla, cada uno en su bolsa y con sus gamuzas y pegatinas para quitar polvo. Muy fácil de poner y se adaptan bien al cristal, sin ninguna burbuja de aire. Finas y ligeras y no quita sensibilidad a la pantalla en absoluto.",wireless,positive,0.9858568906784058
2026-08-21,"Me encanta el temporizador ya que puedes usar dos alarmas a la vez, el volumen es súper alto para oírlo perfectamente. Estoy muy contenta, además viene con un imán fuerte para pegarla en la nevera que funciona muy bien no se cae.",home,positive,0.9938306212425232
2026-06-17,A la segunda salida con mis patines uno de los rodamientos se roto. Calidad malisima!,sports,negative,0.9619694352149964
2026-06-26,Buen producto. Solo mejoraría la ruleta,pc,positive,0.6404829621315002
2026-06-08,"La funda es práctica y útil al poder regular la inclinación, protege bien el Ipad. El teclado funciona muy bien y que se ilumine va fantástico cuando lo utilizas en lugares oscuros o de noche, de fácil conexión y batería duradera Satisfecha con esta adquisición.",pc,positive,0.978892982006073
2026-07-17,Muy básico pero útil,toy,neutral,0.6284658312797546
2026-09-12,"He tenido que comprar dos veces el producto porque era el que mas rapido me llegaba. El primero a menos de 6 meses dejo de funcionar. El segundo al cabo de un rato quema muchisimo y ya no me atrevo a usarle por miedo que me queme el ordenador, lo tengo desde hace un mes",pc,negative,0.8525693416595459
2026-08-15,Muy robusto. Aguanta muy bien el peso,sports,positive,0.9661580324172974
2026-08-30,"El precio excelente, pero duran dos partidos como mucho",sports,negative,0.5403605103492737
2026-08-11,"Es un cortador de tubos muy pequeño, en mi opinión demasiado, casi de juguete",home_improvement,negative,0.6276052594184875
2026-08-28,"El sonido se corta con el móvil a corta distancia. Lo he probado con en móvil en el bolsillo trasero y delantero... es igual. Por veces, si te bajas para hacer ejercicio, la música cambia porque la recepción es muy mala. Tampoco se quedan cómodos en la oreja... resultan muy pesados. He probado con todos los accesorios... Lo he devuelto. No lo recomiendo.",electronics,negative,0.972218692302704
2026-07-16,"Un espectáculo en 3D, mejor otras de sagas interminables.",other,negative,0.6558097004890442
2026-08-07,Llegó ante de lo esperado muy bien i muy rápido la calidad también muy buena la verdad es todo inmejorable,home_improvement,positive,0.9858227372169496
2026-07-03,Los colores bien !!!pero muy largas!!!,apparel,negative,0.5190019607543945
2026-06-01,Esperaba mucho más. Un perfume flojo y nada duradero. Nada especial. Me guié por las opiniones y no he acertado.,beauty,negative,0.96549791097641
2026-06-19,"Llevo un tiempo con ella y genial, tan sólo me falta pasar el cable por un lugar más escondido y dejarlo más limpio. Fácil de configurar y buena calidad de imagen.",wireless,positive,0.9926651120185852
2026-07-01,"Cumple la función para la que fué diseñado y el hecho que aparte del sonido de colisión exista las luces en el marcado son, en su conjunto, una gran ayuda en la misión que tiene encomendada. Está muy bien y funciona.",electronics,positive,0.9619041085243224
2026-08-19,"Ha venido correctamente, está funcionando en la depuradora de la piscina, de momento sin problemas.",lawn_and_garden,positive,0.8733848929405212
2026-06-14,Me arrepiento de la compra. Es muy tosco.,wireless,negative,0.9526848196983336
2026-07-23,Pintado encima....a ver cuanto dura.,wireless,neutral,0.5109454393386841
2026-07-18,Es tal como la foto y viene muy completo pero el material se ve un poco débil. Se me rompió en varios sitios en el primer uso.,lawn_and_garden,neutral,0.6658326387405396
2026-08-08,"Él sistema en general es una actualización a los cuadros digitales que conocía. Mayor capacidad de carga de fotos, video, y buenas transiciones. Tiene versatilidad de instalación tanto en pared como en superficies horizontales con un diseño bastante bonito con botonera oculta y en él frontal él sensor de movimiento que para mí es él sistema que mayores beneficios trae al sistema pues nos ayuda a ahorrar energía y no tener activa la pantalla en demasía. Otras formas de programación de encendido también están activas. Él ángulo de visión es buena en la línea de los demás actuales.",camera,positive,0.9549712538719176
2026-09-13,Hace ruido con el flujo de agua.,home_improvement,negative,0.5405227541923523
2026-08-29,Tuvimos que devolverlo porque la parte superior de la pantalla táctil no funcionaba bien. Por el resto el reloj estaba bien.,electronics,neutral,0.5489421486854553
2026-08-01,"Muy pequeña cantidad y mala calidad.No recomendable, los resultados no son los esperados. El fabricante no responde a la reclamación.",home,negative,0.9853628873825072
2026-08-31,"No va bien,mal con el tacto,le das al teclado y nada.",wireless,negative,0.9867172241210938
2026-08-05,Buen producto y con una cantidad considerable de pastillas. Las uso junto a otros productos para aumentar la producción de testosterona. Se toman antes de dormir. He encontrado otra marca con precio similar y mayor concentración de principios activos.,drugstore,positive,0.9169559478759766
2026-08-03,"Pues eso. Un cable. Venía sin embalar, metido dentro de un sobre, pero supongo que cumplirá su función. Digo supongo porque al final no me ha servido para lo que lo quería (conectar Energy Tower to TV). No sé si es que tal vez no funciona el cable o la conexión. Como son dos euros, ni me molesto en devolverlo. Así que me quedaré siempre con la duda.",wireless,negative,0.8366645574569702
2026-08-09,"Cuando en su día solicité este pedido optaba por trasladar la cam a otros lugares de donde se encuentra el PC. Fue una compra perdida al no admitir su impedancia el USB por la larga distancia del cable. Por su bajo coste se me olvidó devolverlo y aquí lo tengo, muerto de asco. No lo compren.",pc,negative,0.9931632280349731
2026-08-02,Ojo. Destiñó en el primer lavado y ha sido imposible quitarlo en posteriores lavados. Y eso que utilicé agua fría.,apparel,negative,0.8705796599388123
2026-08-12,Se ajusta al terminal y lo mejor de todo es que trae toallitas. Totalmente recomendable. Durabilidad en el tiempo y roces,wireless,neutral,0.5860093235969543
2026-07-03,Las perchas llegaron con más de 15 días de retraso. Eran un modelo distinto y de un tamaño distinto al de la descripción.,toy,negative,0.98301362991333
2026-07-11,"el tactil es bueno, pero el adesivo es de pena se despega, lo deberian tener en cuenta, el flex es endeblito, si no eres mantas lo puedes romper.L e doy tres estrellas por el adesivo",wireless,neutral,0.9784682393074036
2026-08-28,Cumple su función. Llegó en buen estado y en la fecha acordada. Funciona correctamente. Era lo que el vendedor describía.,personal_care_appliances,positive,0.9065819978713988
2026-07-18,Recibí la caja y el producto estaba sucia y usada y olía de aceite de limón.,home,negative,0.931549906730652
2026-06-13,"Proteínas de gran calidad, un sabor excelente y se diluyen muy bien",drugstore,positive,0.9892519116401672
2026-08-12,"Me ha sorprendido su gran tamaño. Diámetro y grosor excesivos. El anuncio carece de estos últimos datos. De saberlo, no lo hubiera comprado.",watch,negative,0.676351010799408
2026-08-16,"Buen material, me han gustado mucho. Son cómodos d manejar. Perfecto para niños a partir de 6 años.",electronics,positive,0.955332338809967
2026-07-01,"Son más pequeñas de lo que me esperaba. Para ese tamaño, creo que el precio es muy elevado.",home,negative,0.4965793788433075
2026-09-13,Ha llegado en los tiempos previsto. Todo bien.,toy,positive,0.9100906848907472
2026-08-14,"Lo compre para un regalo, a los pocos días me comentó que la anilla trasera se rompió dejando la funda bastante fea y poco utilizable.",wireless,negative,0.8063010573387146
2026-08-07,Relación de calidad y precio esta aceptable. Pero no es muy cómoda del todo le falta más acolchado para que la cria pudiese estar más cómoda.,automotive,neutral,0.7969651222229004
2026-09-06,"Los he comprado porque tengo unos para la 360 y van genial, pero estos los he devuelto porque apretan mucho pero mucho las orejas, que siguen doliendo una hora mas despues de dejar de jugar. El sonido es bueno, aunque para el precio hoy se encuentran mucho mas economicos y con buen sonido.",video_games,neutral,0.6797285676002502
2026-09-10,"No me gusta como te deja el pelo y me deja restos de residuos, me da la sensación que hace que se te caiga algo de cabello.",beauty,negative,0.8708956241607666
2026-09-18,Un equipo pequeño pero capaz de dar nueva vida a equipos de sonido obsoletos. Creo que le sacaré partido. Bien¡,electronics,positive,0.9510626196861268
2026-06-04,Me ha gustado reencontrarme vpn este librillo de mi infancia. Lo usaba en el cole y me decidí a comprarlo para repasar las reglas de ortografía con mi hija. Para mí es un libro muy útil.,book,positive,0.8965308666229248
2026-09-10,"La capacidad de la cuba de limpieza es adecuada para enseres pequeños, sobre todo joyería o piezas pequeñitas. Los resultados de la limpieza en sí son bastante buenos. Merece la pena",industrial_supplies,positive,0.7662765383720398
2026-06-19,Duro muy poco la pieza. Se rompio enseguida.,automotive,negative,0.9648306369781494
2026-08-09,"De momento la sensación es de buena calidad, aunque para las muñecas más gruesas, cómo las mías, el tamaño es más bien justo.",sports,positive,0.7525423169136047
2026-09-06,Ya la he usado otras veces pero esta vez la he comprado muy bien de precio. Mucho mejor que en las perfumerías. Lástima que no hay ningún pack promocional.,beauty,positive,0.8506150841712952
2026-08-21,"La verdad que me gustan los utensilios, pero al recoger el paquete uno de ellos estaba roto. La calidad es aceptable aunque parecen poco duraderos.",home,negative,0.6226082444190979
2026-06-13,"Demasiado precio para tan mala calidad, sin contar en que no puede elegir el color. Hay otros comederos por amazon con mejor calidad/precio.",pet_products,negative,0.9807944893836976
2026-09-13,Buena relación calidad precio,sports,positive,0.7182400226593018
2026-06-23,No puedo opinar porque todavía no ha llegado,home,negative,0.95938640832901
2026-08-22,"El de color negro sin problemas, pero el de color no imprime en color, aunque la impresora registra que está puesto... me deja los apartados de color en blanco. La empresa me ha transmito en varios correos su disponibilidad para devolverme el dinero, así que el vendedor, funcionar, funciona bien; como lo que valoro es el producto, no puedo decir lo mismo, de ahí las 2 estrellas.",office_product,negative,0.9954791069030762
2026-09-17,Me gusta bastante. Quizás lo hubiera preferido un poquito más duro.,home,positive,0.8777643442153931
2026-08-14,Cuidado si tienes pensado utilizarlo con un micro de condensador con araña porque el tipo de ajuste que tiene no ejerce suficiente fuerza y no aguanta bien el peso. Supongo que para el resto de micros funcionará bien.,musical_instruments,neutral,0.8137974739074707
2026-06-01,"No es para piel sensible. Me ha dejado la cara fatal, roja, llena de granos, inflamacion y mucho picor. Tengo la piel muy seca y sensible.",beauty,negative,0.9834436178207396
2026-08-27,Desde febrero que lo compre y todavía no ha llegado me ponía el 14 de mayo y todavía y no llego ahora el 18 de abril y tampoco ha llegado es un engañabobos pero bien que cobra el segundo día de hacer el pedido ya lo tienes cobrado,jewelry,negative,0.9919474720954896
2026-07-24,Me gusta sus colores y son muy útiles pero cuando se seca la pintura no acaban de borrarse bien. Una pena.,office_product,negative,0.5445446372032166
2026-08-10,EDITO: Quito una estrella porque es muy fácil perder la gomita que sujeta la parte sobrante de cinturón. Lo he usado dos días y ya la he perdido. Debería tener algún tipo de sujeción para que no se cayera. Un cinturón con hebilla de plástico duro (parece un material bastante resistente). Las dos pegas que le sacaría es: muy largo (pero se soluciona con la gomita que lleva para coger la parte sobrante) y el material del cinturón es demasiado brillante (pero como tampoco lo voy enseñando por ahí no me supone mucho problema).,apparel,neutral,0.6259878873825073
2026-08-28,Muy bonita y práctica. Caben muchas cosas. Buena compra. Tarda mucho em llegar.,baby_product,positive,0.8377265930175781
2026-08-24,"Muy eficaz, pero viene un alargador q no encaja.",home,neutral,0.6758785247802734
2026-06-15,"Todo OK, excepto uno de los dos frasco, estaba mal cerrado y perdía aceite....!!!",drugstore,neutral,0.5584155917167664
2026-08-04,Me gusta todo lo que viene de Muse...pero observó que derivan hacia la música fácil y comercial,other,positive,0.7480037212371826
2026-08-15,"No me han enviado la factura y la necesitaría, como me la pueden enviar?",furniture,negative,0.975650429725647
2026-08-10,Producto malo. No funciona. Te apaga el equipo,pc,negative,0.9911137223243712
2026-06-15,EL PRODUCTO SE CORRESPONDE CON LAS NECESIDADES,sports,positive,0.6264102458953857
2026-06-21,Tomé ventajas de un descuento y mi beneficiaria quedó a gusto.,beauty,neutral,0.5301499366760254
2026-06-19,La muñeca es bastante pequeña pero está bien,toy,neutral,0.6086171269416809
2026-07-30,"la caja trae otro dibujo completamente diferente,en el interior el que pedi,todo en chino, no me gusta la calidad....yo lo quería para regalar en navidad, pero no llego, lo quiero devolver, y aun no tengo respuesta...si hubiese sabido que era chino, no lo pedia",electronics,negative,0.9406465888023376
2026-09-01,"Cumple perfectamente su propósito, buen material excelente relación calidad precio",home,positive,0.9729796051979064
2026-08-28,Imagen y sonido muy bueno. El único problema es que no tiene wifi y que no puede conectarse ni la tablet ni el móvil para ver películas o ppt ...,pc,neutral,0.5083580017089844
2026-07-03,"La base está muy bien, pero las cintas que incluyen son casi inservibles. De no ser por ese detalle serían 5 estrellas.",office_product,neutral,0.7675431966781616
2026-07-19,"Colonia fuerte, no para todo el mundo. Quedan olores a madera y frutas tropicales. Muy recomendable si no quieres pasar desapercibido. La gente te pregunta: Qué colonia usas? Es una buena colonia pero no discreta.",beauty,positive,0.6400318145751953
2026-09-04,El producto perfecto pero las talla S es como una 44 de pantalón. Es tan sumamente grande que tuve que devolverlo. Imposible trabajar incomoda. El resto perfecto. Entrega rápida y producto de calidad para su fin.,industrial_supplies,neutral,0.525222659111023
2026-07-05,"Perfecto,llegado en el dia",toy,positive,0.9768809676170348
2026-07-14,"Tengo mis dudas sobre la originalidad del producto, ya que está aguantando muy mal el uso. Si te lo pones con un poco de crema solar en los pies estos acaban azules porque las correas destiñen muchísimo y a los pocos usos está perdiendo color la planta",shoes,negative,0.8612599968910217
2026-09-10,Es más pequeño de lo que me esperaba. Mi hija lo usa para ir entretenida en el coche.,toy,neutral,0.6449468731880188
2026-08-29,"Lo compre para cargar un aspirador de Bosch y lo hace ,en cuanto al ruido en mi caso también lo hacia el original asi que no he notado diferencia.",pc,neutral,0.5406866669654846
2026-06-11,"En si el producto está bien, pero realmente no le veo gran uso. Es lo mismo que una pinza normal. Lo compré porque a mi pareja le gustan cositas de estas",home,neutral,0.7500722408294678
2026-09-07,"Buena calidad en general, aunque no lee correctamente los USB y la música va a saltos. También hay que conectar los altavoces a cables de 1,5mm si los quieres a más de 15 metros, si no hay caída de tensión. Tendría 5/5 si leyera bien usb, que era lo que necesitaba.",electronics,neutral,0.55138099193573
2026-08-11,"Bastante bien, relación calidad precio. Cumple las espectativas.",toy,positive,0.908331334590912
2026-09-18,Cumple con su función excepto que ya he tenido que cambiarlo dos veces debido a que en ambos casos se han averiado un grupo de 8 bocas.,pc,neutral,0.5584470629692078
2026-08-17,"Buen tejido, ligero y cómodo. Pesa muy poco. Pedí la M y viene un poco amplia, más de ancho que de largo. A los que sean delgados no les sentará muy bien. Le doy 3 estrellas porque las mangas son excesivamente anchas en la parte próxima a las axilas, formándose unas arrugas muy feas en ellas. La composición es 100% poliéster, nada de plumón. Me arrepiento de no haber pillado una talla menos, le quite las etiquetas y ya es tarde para descambiar. Por último, la cremallera está colocada al revés, parece que la ha diseñado un zurdo.",sports,neutral,0.9803087711334229
2026-08-13,Al poco de poner el cargador el piloto se apaga como si la batería estuviera cargada. Al ponerla en la cámara está casi descargada,electronics,negative,0.9658282995224
2026-08-05,"La bolsa me ha llegado a tiempo según lo previsto. La terminación es buena y en mi caso, lo que tengo cabe perfectamente. Es elegante y compacta y ayuda a la organización del cajón. Me gusta mucho.",beauty,positive,0.942514717578888
2026-07-16,A pesar de no recibirlo me reembolsaron el dinero,watch,negative,0.7314834594726562
2026-06-09,Tal cual se describe. Una de las maderas vino con un pequeño desperfecto pero casi no se aprecia una vez montada. Me costó trabajo encontrar un escritorio simple bonito y barato. Por decir una opinión negativa diré que las esquinas y bordes de las maderas arañan bastante al rozarte asi que no es ideal para que los niños anden jugando cerca y se puedan hacer alguna herida.,furniture,neutral,0.7107991576194763
2026-06-03,"tras unos meses de uso el coche me a empezado a hacer unos extraños eléctricos, resultado el corta corrientes falla, me gustaría hacer una devolución",automotive,negative,0.9144358038902284
2026-08-24,Lo probé en casa y a mi me convenció pero era para un amigo y él me dice q no es capaz de incharlo,sports,neutral,0.591758131980896
2026-06-26,"Aparentan ser unos juguetes de calidad, en menos de un mes, dos dejaron de funcionar correctamente y se les empiezan a caer los embellecedores de las ruedas a todos. Es un juguete que no llega a 6 meses.",toy,negative,0.97611665725708
2026-08-11,A llegado a tiempo.. lo que pasa es que faltaban 5 unidades.,toy,negative,0.4585334956645965
2026-07-18,Debilidad de estructura e incómoda.,lawn_and_garden,negative,0.881614625453949
2026-08-05,Me esperaba otra cosa,kitchen,negative,0.7747178077697754
2026-08-09,"Lo pedí en negro porque es más sufrido y resulta que el interior es celeste. por lo demás más o menos bien, abriga, pero tampoco es un horno",apparel,neutral,0.645304799079895
2026-06-28,Funciona perfectamente pero no es impermeable le entra agua por las tomas usb,automotive,neutral,0.6690112948417664
2026-09-01,"Compre dos cinturones ( uno de color marrón con hebilla negra y otro de color caqui con hebilla negra ) . Me enviaron los dos cinturones , pero los dos son de color marrón uno con hebilla negra y otro con la hebilla beige , es decir , recibí uno que no era el adecuado. Les solicito la devolución del producto o el intercambio por el cinturón del color que yo pedí. Me piden que les mande una fotografía ( para comprobar lo ocurrido ) ha pasado mas de una semana y ninguna respuesta de ellos . Les da exactamente igual . AMAZON no debería de permitir este tipo de ventas .",apparel,negative,0.9715888500213624
2026-06-26,"Llegó en un día, contenía todas las partes y funciona de maravilla. Compré este después de haber utilizado la version de Rhinomer y haberme dado cuento del gasto continuo que suponía comprar los recambios de filtros. Esto pasa con las marcas también. En cambio según lo que he leído en internet de otros usuarios, con este no hace falta necesariamente cambiar el filtro cada vez si no llegan los mocos al final del tubo, sólo lavas el tubo.",personal_care_appliances,positive,0.9869728684425354
2026-06-25,"calidad muy regular , muy espesos , se despegan",beauty,negative,0.8879694938659668
2026-06-12,"Muy comoda para el precio que tiene....falla un poco el color,en la foto sale roja y es algo anaranjado rosita",sports,neutral,0.6499969959259033
2026-06-05,"El cable funciona, aunque esperaba mejores prestaciones con su funcionalidad. No carga cuando conectas el cargador. Para pen-drive's pequeños ningún problema.",pc,neutral,0.6112751960754395
2026-09-06,Me ha durado menos de un año,kitchen,negative,0.9852932095527648
2026-07-18,De momento funciona muy bien. Huele genial y a toda la familia le encanta.,beauty,positive,0.9771776795387268
2026-07-07,"Tiene muy poca potencia, solo recoge la pelusa, si tienes una lenteja en el suelo ahi se quedara. Me la he quedado porque es comoda y realmente la necesito para la pelusa.",home,negative,0.888888418674469
2026-08-18,Duro un día. Plastico malo. Se deshizo en el microondas junto con chupetes y biberones de plástico con lo que todo fue a la basura.,baby_product,negative,0.9125755429267884
2026-07-14,"No se adapta a la perfección a mis ruedas (unas Shimano XT), las juntas de goma quedan situadas en un ancho distinto, aunque tampoco es un problema mayor.",sports,neutral,0.5403609275817871
2026-09-08,"No es para tirar cohetes, pero por el precio que tiene no puedes pedir la luna. A mi me siguen gustando más las corbatas anchas tradicionales.",apparel,neutral,0.6484189033508301
2026-06-15,Se me hace bastante incómoda,drugstore,negative,0.9320251941680908
2026-07-13,Las botas me encantan y son muy calentitas. Son muy comodas y el numero es perfecto. Cuando llueve poco no hay problema pero cuando llueve mucho o meto un pie en un charco meten un poco de agua.... Las primeras que pedi ya metian un poco de agua y las cambie pensando que seria un defecto de fabricacion pero a las nuevas les pasa lo mismo.... Me las he quedado igual porque son baratas y muy comodas y calentitas pero cuando llueve mucho tendre que ponerme otras....,shoes,neutral,0.7990638017654419
2026-07-18,"El bolsillo del interior se me rompió muy pronto, y las costuras del lateral se soltaron.",shoes,negative,0.7994188070297241
2026-08-26,"En el anuncio pone toalla, y es una tela muuuuy fina que no sirve para secar. Como pañoleta o de adorno, vale, pero como toalla nada de nada. El tamaño es el correcto y el colorido muy bonito, pero para lo que se pidió, no sirve.",kitchen,negative,0.9695512652397156
2026-08-09,"Placas demasiado pequeñas. Incómodo para tocar. Envío con albarán equivocado, lo cual generó una confusión de días",musical_instruments,negative,0.7910282611846924
2026-07-16,Botellines muy cómodos y que ajustan muy bien en mochilas de trail,sports,positive,0.9139779210090636
2026-09-16,"La compre por un regalo a mi hermano y de momento parece que le sirve y le va genial. Es ligera, tiene bastantes compartimentos para guarder todo lo necesario además del bolsillo grande a la espalda para el portatil. Ha sido Buena compra!",luggage,positive,0.9812105298042296
2026-07-13,"El producto no está mal, no me ha gustado el plástico que lo envuelve. Le doy 4 estrellas por que se pasan mucho con el precio, abusan de los juguetes de moda.",toy,positive,0.959644854068756
2026-09-17,"Es un perfume que utilizo desde hace años y se perfectamente como huele. El que yo recibí olía a alcohol y el aroma no era el habitual. Me hizo pensar que era una imitación, no lo puedo asegurar, pero parecía.",beauty,negative,0.5053884983062744
2026-06-21,"El cristal encaja perfecto y cubre prácticamente toda la pantalla, pero se rompe solo de llevarlo en el bolsillo. No lo recomiendo, he gastado los dos cristales del paquete en menos de un mes.",wireless,negative,0.9821220636367798
2026-06-23,"Hola, Parece mentira que a dia de hoy todavia no podamos hacer una traduccion a sistema metrico europeo, gramos o kilos, sino tazas,y ensayos y errores, y bueno ahi esta para que pruebes a hacerlo como puedas,no me ha gustado nada de nada ,de quesos poco se habla,mas de postres que ni aparece en el titulo.Gracias",book,negative,0.9675851464271544
2026-09-15,Para las transit que llevan el mando azul NO VALE,electronics,negative,0.7579750418663025
2026-08-19,la bolsita está bien. lo único malo. es k es muy pequeña...,home_improvement,neutral,0.6097240447998047
2026-07-17,"El sonido es estridente, molesto. Sonido desagradable. Muy mala compra la verdad, no lo recomiendo. Voy a devolverlos.",musical_instruments,negative,0.9960171580314636
2026-06-15,Sirve para lo justo de un afeitado,drugstore,neutral,0.7006615996360779
2026-06-25,no está mal pero deberían separar el botón de encendido con el botón de escaneo porque cuando intentas escanear se apaga ya que es el mismo botón para dos cosas,pc,neutral,0.6521538496017456
2026-07-06,Es una trona practica y sencilla ..... ahora bien para cuando comienzan a usarla me parece q le falta soportes como entre en medio de las piernas ..........,baby_product,neutral,0.7523050904273987
2026-08-14,La bateria es demasiado grande. Merece mas la pena el modelo pequeño. El diseño solo ha cambiado en el tamaño de la batería.,pet_products,neutral,0.4326260983943939
2026-07-21,"Tacto y tamaño de la funda muy buenos. El cristal es muy fácil de colocar y tamaño perfecto. Lo que no entiendo es por qué pintan de negro los bordes, ya que ahí las medidas no son perfectas por una fracción de milímetro pero, ¿qué necesidad hay de pintar los bordes imitando los bordes de la pantalla del teléfono cuando, si lo dejas trasparente, aprovechas toda la pantalla aunque te descuides ligeramente? Un detalle que le impide ser la funda perfecta. En líneas generales está muy muy bien, pero el sentido común estuvo ausente un ratillo durante el proceso de diseño del cristal.",wireless,neutral,0.5461776852607727
2026-06-15,"Está muy bien, merece la pena comprarla, es económica proteje bien el móvil tanto de golpe como del uso diario,bien adaptada al auricular, cámara, altavoz.",wireless,positive,0.9695908427238464
2026-08-07,"Están súper bien, compre uno y luego dos paquetes más.",baby_product,positive,0.9686309099197388
2026-06-21,"Buen producto, mucho plástico, donde va el. Boli se rompe fácil, y las hojas de la libreta dejan mucho que desear a nivel. Calidad.",office_product,neutral,0.5818254947662354
2026-06-13,No tiene buena pega. A los minutos ya estaba suelto de la prenda.,home_improvement,negative,0.6997698545455933
2026-08-25,Los probamos demasiado tarde para descubrir que no aguanta el peso sin estirarse en un lado. No podemos devolverlo y estamos decepcionados,sports,negative,0.974050998687744
2026-06-19,"El hilo es tal cual la descripción, pensé que era más grueso. Se ve de buena calidad",home,positive,0.5474733710289001
2026-07-04,Soy fanatica de los karaokes y me encanta ponerlo en casa cuando estoy de cena con los amigos . compré este micrófono inalámbrico para que se escuchará mejor y para grabar algunas canciones . lo hace todo mucho más divertido,musical_instruments,positive,0.9647932052612304
2026-08-17,"Muy bueno, cumple con lo deseado.",home_improvement,positive,0.9539967775344848
2026-08-07,"Funciona muy bien, muy fácil de limpiar sin filtros de papel ni nada por el estilo, sirve perfectamente para mi propósito, lo malo que por la noche tienes que ponerlo al mínimo por el ruido un poco molesto que hace a máxima potencia.",kitchen,positive,0.8773850202560425
2026-07-22,"Al tener una red ADSL y pocos dispositivos que conectar solventa la situación a un precio económico ya que mi compañía no suministraba terminal. Si conecto varios dispositivos que descarguen un volumen de datos considerable tiende a quedarse bloqueado, pero por lo demás, para un servicio básico funciona.",pc,neutral,0.7831081748008728
2026-09-18,"El producto ha llegado con mucho retraso. Aunque pone que es universal, solo se adapta a los secadores de peluquería tipo Orbegozo de punta estrecha. El mío es semiprofesional, con la punta algo más grande (no mucho) y no encaja. No lo puedo utilizar. El precio está bien pero hay que asegurarse del tamaño (debería poner los centímetros de diámetro que tiene la boca). Ha tardado más de un mes en llegar y has de ir tú a correos a recogerlo, al proceder de China no lo entregan en el domicilio, lo dejan directamente en tu sucursal de Correos.",personal_care_appliances,negative,0.9418667554855348
2026-06-27,De pena. En lugar del cartucho negro del zorro me llego el amarillo del oso.... Una faena porque lo necesitabamos y alfinal tuvimos qur ir a un centro de impresion para poder imprimir los documentos... Lo mejor es que para hacer la devolucion hay que imprimir la etiqueta.....,office_product,negative,0.967849612236023
2026-06-29,Aver el producto tiene un defecto y es que te pone ma cara roja si lo dejas mucho tiempo en un solo lugar puede hacerte morado ajajaja,beauty,negative,0.5954784750938416
2026-06-28,Esperaba más de estos auriculares pero por el precio que cuesta no están del todo mal suenan bien lo malo es que la batería dura poco.,electronics,neutral,0.7549317479133606
2026-07-05,"Es bonito, fácil de montar, y hace el apaño. Pero me ha venido incompleto. Una de las bolsas de conectores de plástico venía claramente cortada por unas tijeras y le faltaban varios conectores.Y tiene que faltar también alguna bolsa, porque me quedan dos cajones más y no me quedan conectores por lo tanto no puedo terminar de montarlo todo. Alguien lo habrá devuelto y se ha quedado con las piezas, es la única explicación que le doy. No le doy más estrellas por ese detalle, hay que tener más cuidado antes de mandar las cosas.",furniture,negative,0.656287431716919
2026-06-08,"De muy mala calidad, se pone negro a los pocos días.",jewelry,negative,0.9927858710289
2026-06-16,"Pinta bien y es cómodo, pero me ha llegado sólo la parte del lapiz de ojos, me falta la otra pieza del otro extremo, en fin.",beauty,negative,0.505435585975647
2026-09-14,No es fácil cerrarlas según qué se meta dentro... de rompen fácil si fuerzas.,home,negative,0.6124792098999023
2026-07-06,"A mi mamá le encantan estos kits. Diferentes archivos adjuntos, diferentes necesidades. Ella lucha con problemas de vello facial. Se utiliza para arrancar diariamente. Ahora, ¡tiene una manera rápida, fácil y sin dolor de deshacerse del vello facial no deseado! Ella dice que es un envío de Dios. ¡Altamente recomendado!",personal_care_appliances,positive,0.9937399625778198
2026-06-30,"Me han gustado,pero le falta volumen,para mí se quedan demasiado bajos.",electronics,neutral,0.7439213395118713
2026-06-18,Parece que lo haya comprado en los chinos de abajo de mi casa. Estéticamente no es lo más bonito y además se nota que los materiales son de muy mala calidad,sports,negative,0.907351016998291
2026-06-02,"No me a gustado nada esta mascarilla. Sinceramente no sé si llega a hidratar. Tampoco ayuda a desenredar el pelo, hay otras de mucho mejor!",beauty,negative,0.922671914100647
2026-07-19,De bastante buena calidad,wireless,positive,0.9289680123329164
2026-08-16,"Bien en tiempo de entrega, perfectas para el trabajo prolongado , se acoplan muy bien a las rodillas . Perfectas para el taller",industrial_supplies,positive,0.8834596276283264
2026-06-04,"Agujeros demasiado grandes y distantes, ademas si hay sol no se ve nada por la luz que se refleja en los agujeros. Decepcion... Eso sí, ha llegado rápido",personal_care_appliances,negative,0.8872616291046143
2026-08-29,"En ningún lado indicaba que la versión de la caja fuera en francés. Aun el juego este en varios idiomas deberían indicarlo en la descripción del producto. Me lo quedo porque el precio fue bueno, en caso contrario lo hubiera devuelto.",video_games,neutral,0.51943439245224
2026-08-28,"Necesito estas pilas, no son fáciles de encontrar en los comercios y, cuando me llegaron, estaban caducadas, así es que las devolví.",electronics,negative,0.59442138671875
2026-09-02,"Muy bueno y bonito, pero el primer día la profe lo tiro a la basura porque no Le comenté que era reutilizables... 😅",baby_product,positive,0.5304192304611206
2026-08-14,"No me ha gustado nada el tejido, 100% sintético, en verano lo mejor es el algodón, lo he encontrado bastante feo en sí, lo he descambiado.",apparel,negative,0.9815236926078796
2026-06-07,Perfectas y económicas,toy,positive,0.8777228593826294
2026-09-03,Pierde agua. No se puede usar. Lo he devuelto cono producto dañado.,sports,negative,0.9965329170227052
2026-09-16,"Los utilizo con una raspberry pi 3. En general funcionan bien, pero cuando llevas un tiempo jugando notas que la respuesta, sobre todo del pad de cursores, no está demasiado bien conseguida. Antes tenía una gamepad logitech y se nota la diferencia de calidad. Recomendable para jugadores ocasionales, pero no para hard-gamers.",wireless,neutral,0.6521108150482178
2026-08-13,"Están muy bien hechos. La única pega (que fue culpa mía por no fijarme) es que creía que serían autoadhesivos y no, tienes que ponerles pegamento o algo para que pegen. Por lo demás están muy bien hechos.",office_product,positive,0.8441434502601624
2026-07-09,"Me gusta mucho, pero el de la limpieza nos debe de odiar cuando limpia las zonas comunes de la comunidad porque pierde mucho pelo. Llevamos 2 meses con él y sigue perdiendo.",home,negative,0.8219684958457947
2026-06-13,"Económico, pero un poco ""vago"", lento.no obedece a la primera.",electronics,neutral,0.6485969424247742
2026-07-01,"Para lo que vale, tiene buena calidad",sports,neutral,0.4777993857860565
2026-08-10,"Emite calidad de imagen, aunque poca fiabilidad, calidad precio recomendable. El led emite poca luz y al ponerlo con otro led se queda desequilibrado, ademas de emitir sombra y quedar parte de la matricula oscurecida.",wireless,neutral,0.659055233001709
2026-08-02,"Los tornillos q trae no. Amén para pladur, tuve q comprar otro tipo de tornillos",electronics,negative,0.4656619131565094
2026-07-26,"Si tienes suerte te tocara uno que no haga un ruido metalico molesto pero al final con el tiempo lo acabara haciendo, creo que vale la pena gastarse un poco mas en los de mas calidad antes que tirar dinero con este.",home,negative,0.9436266422271729
2026-07-12,Muy bien llegó pronto,wireless,positive,0.9156611561775208
2026-07-31,"Los botes están muy bien, pero el embalaje es escaso y dos de ellos llegaron rotos.",home,negative,0.5241801738739014
2026-07-12,Muy delicado. Plástico de mala calidad,toy,negative,0.9585492610931396
2026-07-26,"Horrible, nada que ver con la foto. Para el precio que era, soy tonta de esperar algo mejor.",sports,negative,0.9969428181648254
2026-07-06,Muy buen producto hace el movil mucho mas seguro al ser más grueso es más firme y menos resbaladizo al tacto de la mano aunque por otra parte al ser una funda de 360 grados cubre mucho el teléfono le quita la estética del mismo.,electronics,positive,0.9591664671897888
2026-08-23,"Con esta cerradura no me a durado lo esperado, ya vuelve a quedar cerrado con el mando.",automotive,negative,0.7553117871284485
2026-08-07,Los cordones se ven muy de plástico,home,negative,0.6558644771575928
2026-06-07,"Como siempre el envio perfecto,el producto cumple con todo lo que uno espera,trae un Cd con varios sistemas y programas para quemar en un microsd,buena caja con 3 disipadores de calor y sus tornillos,una pena que es pequeña asi que ire a por otra mas grande pero si busca algo chico va perfecto Recomendable",pc,positive,0.9222256541252136
2026-07-24,"La verdad que lo compré rebajado, menos mal porque es todo muy simple, basicamente, enseña a conseguir colores mezclando otros, (cosa que puedes hacer en casa con temperas normales) , y también hacer pompas de jabón, en fin, esperaba más.",toy,negative,0.6654284596443176
2026-06-01,"Queda bonita puesta, aunque como es de suponer de poca calidad, lógico por el precio que tiene. Como bisutería cumple con su función",lawn_and_garden,neutral,0.7597233057022095
2026-07-14,"He leido que se deshilan pero debo admitir que los míos tienen un acabado normal por el precio que tiene y no se deshilan Se ha de tener en cuenta que los acabados nio son los mismos que los hechos a mano y que cumplen totalmente con la misión que tienen, es decir calentar mientras trabajas en el ordenador. Ya veré que tal resultan con el tiempo, pero si para quitártelos en vez de estirar de los dedos, te los quitas por la muñeca colocándolos al revés, creo que durarán mucho tiempo. Como todo, necesitas cuidarlos.",apparel,positive,0.4947543740272522
2026-07-15,Más de la mitad no pintaban,office_product,negative,0.6728280782699585
2026-09-14,Tiene muy buen tacto y muy buena estética así que ideal para iPhone 7. 100% recomendado por un precio muy razonable,home,positive,0.986943244934082
2026-07-17,"Me ha encantado el libro, muy bien escrito. Te envuelve la trama, fácil de leer, te engancha.",digital_ebook_purchase,positive,0.9829720854759216
2026-06-13,"La realidad es que fue decepcionante, no tiene potencia a mi juicio...",sports,negative,0.964880108833313
2026-06-22,"Teníamos miedo de que no fuese exactamente para el Redmi 5A, pero sí lo es, se ajusta perfectamente y la pantalla táctil funciona perfectamente con la funda. La entrega ha sido antes de lo indicado por amazon.",wireless,positive,0.9683475494384766
2026-06-21,"Hola, me pone paquete entregado pero no lo he recibido,",jewelry,negative,0.9439000487327576
2026-08-25,"Para lo que yo los uso van muy bien,los uso para escuchar música mientras camino. no se puede contestar al telefono y menos hablar con ellos conectados",electronics,neutral,0.4969637393951416
2026-08-31,Mal muy mal. No ha germinado ninguna,lawn_and_garden,negative,0.9936692118644714
2026-06-09,No lo he recibido todavía,office_product,negative,0.9939805269241332
2026-06-26,"Hidrata bien y tiene buen textura pero me produce irritación de los ojos. Lo he intentado durante cuatro días. Recomiendo revisar la lista de ingredientes que aparece en una de las fotos, hay elementos que no son fáciles de entender aunque por los certificados parece que es 100% natural.",beauty,negative,0.5783337950706482
2026-06-09,Se estropeó a los 2 meses. Usándolo poco. Supongo que lo normal para ese precio. Mejor gastarse un poco más por algo mejor,toy,negative,0.8438082337379456
2026-06-15,"El maniquí está bien, tiene una buena cantidad de pelo, aunque se le cae bastante (espero que esto sea por ser nuevo). La calidad del pelo... no entiendo mucho sobre ello, aunque me lo imaginaba más suave (costó quitar los nudos con los que venía). Lo que no nos ha gustado ha sido como venía empaquetado, ya que viene todo dentro de un caja muy justa, y algunos accesorios están deformados y alguno roto, supongo que debido a la presión de todo metido en la caja (el maniquí era un regalo para mi sobrina, y, como no, se puso a jugar con él, si no hubiera pedido reemplazo por el tema de los accesorios). El agarre hace bien su función.",beauty,neutral,0.834640622138977
2026-06-10,Llego a tiempo y en perfecto estado. Cumple su función correctamente,personal_care_appliances,positive,0.93631249666214
2026-08-27,"Esta bien,buen producto",office_product,positive,0.7736920714378357
2026-07-12,"Tengo el pie estrecho y los dedos finos, para mi gusto necesitaría mayor agarre o una talla más pequeña, se me caen al dormir.",drugstore,neutral,0.6275720596313477
2026-08-11,La he usado para limar y a cometido de sobra su función las pequeñas parecen de juguete pero liman bien pero con cuidado,home_improvement,neutral,0.52884441614151
2026-06-24,Funciona y se adapta bien. La goma es blanda y la durabilidad está por ver. De momento bien.,wireless,positive,0.8787025809288025
2026-08-19,De esta marca ya he codigo cargador mechero cargador de pared y ahora este cargador y funcionan excelentes y la carga rapida tambien. Son geniales,wireless,positive,0.9853371977806092
2026-07-19,Queda bien....cubre los bordes perfectamente...pero el tacto es duro e incómodo..,wireless,neutral,0.65958571434021
2026-06-26,Todo perfecto y rápido,book,positive,0.9841411113739014
2026-08-30,"Esta muy bien, ya que lleva 4 puzle de diferente tamaño para ir subiendo la dificultad",toy,positive,0.7585889101028442
2026-07-07,"En su momento compré este teclado teniendo muy en cuenta las opiniones de los compradores; y es cierto que cuando lo recibí y probé coincidía con lo indicado en la mismas. Buen teclado con buen acabado y para mi gusto el tamaño adecuado, ni grande ni muy pequeño. También era y es cierto que algunas teclas no funcionaban con Android como debieran pero eran las menos. La más comunes y las de la parte multimedia si lo hacían. Lo acabé devolviendo por otros motivos. En teoría y según las fotos se iluminaban todas las teclas, sin embargo a mi unidad una de las crucetas de la parte de arriba no se iluminaba y lo devolví. No pedí el cambio por otra unidad porque algún otro comprador me indicó que al él también le pasaba con lo que parecía que este fallo era más común de lo deseado.",wireless,neutral,0.6480681896209717
2026-08-07,Se despega con facilidad..por lo demás bien.,home,neutral,0.5585757493972778
2026-07-20,"Está muy bin que se coloquen de forma anatómica y mejora la comodidad y el sonido. COmo pate más negativa, la caa para guardar los audífonos es complicada y no fácil de quedar como en principio viene",electronics,neutral,0.6992537975311279
2026-06-24,"Llegó defectuosa, mal fabricada. Realicé la devolución sin problema.",home_improvement,negative,0.9368796944618224
2026-06-19,"He devuelto la batería porque, recién comprada no alcanza la media hora el ciclo de limpieza",electronics,negative,0.8778709173202515
2026-09-08,"Es bastante grande,por lo demás bien",home,positive,0.5554184913635254
2026-07-30,"Buen producto, buena calidad, todo correcto . Articulo y vendedor recomendables. El pedido llegó dentro de la fecha prevista. Gracias",personal_care_appliances,positive,0.9605156779289246
2026-07-09,es muy comodo pero tiene demasiado cepillo y no recoge bien,kitchen,neutral,0.5360429286956787
2026-08-13,"Pedí 3 de estas regletas para la zona de trabajo de mi garaje. Como punto positivo diré que iluminan como si fuese de día, una luz cómoda para trabajar. El problema es que de las 3 que pedí una de ellas me llegó reventada por fuera, y al apagarse parpadeaba unos segundos, así que la devolví. El sistema de instalación me parece un poco pobre, sin hueco para meter los cables sobrantes, y si queda cualquier cable fuera no se pueden enganchar bien en los soportes. De todos modos, con las dos que me he quedado iluminan perfectamente mi local.",home,neutral,0.8650356531143188
2026-08-28,todo perfecto gracias,sports,positive,0.9627633094787598
2026-06-18,Van bastante bien lo único que ha venido un ventilador que no funciona las voy a devolver,automotive,neutral,0.434404194355011
2026-06-19,"No cumple con las expectativas; algunos globos con agujero en la boquilla, con lo cual no se pueden inflar.El globo de número dificilísimo de inflar y tienes que adivinar que efectivamente se trata de un globo, pues no parece inflable. Además se rompen con solo mirarlos.",home,negative,0.9573079347610474
2026-07-06,"Es preciosa,útil y de buena calidad.Lo qe esperaba.",office_product,positive,0.9693737030029296
2026-08-13,No queda bien pq la pantalla del móvil no es plana del todo y por los lados no pega bien con lo cual a veces cuesta un poco escribir,wireless,negative,0.8736894726753235
2026-09-05,"Tiene una tela amorosa y suave. El cojín del centro se puede sacar. El color es muy bonito. A mi perra le ha encantado. Relación calidad - precio, no esta mal.",pet_products,positive,0.6909989714622498
2026-07-25,"Un poco pesado, pero para la bici de Enduro va muy bien para tenerlo protegido de ramas y golpes en caídas.",sports,positive,0.5551260113716125
2026-08-08,"Extremadamente afilado!!! Para cortar la fruta cogería mejor otro modelo menos peligroso. Para ir a por setas, muy bien. Se pliega bien, ocupa poco.",home,positive,0.9626374840736388
2026-07-17,El teléfono encaja perfectamente en la funda pero en la parte trasera tiene un agujero de más. Ese agujero no sirve para este teléfono pero parece que es una buena funda,wireless,neutral,0.7132108211517334
2026-07-19,Quisiera saber por qué hace dos dias vi el mismo producto 4€ más barato y al final lo he tenido que comprar a un precio más elevado siendo el mismo.,home,negative,0.5523562431335449
2026-09-07,"Alumbra bien, la calidad del producto un 5, mucho plástico, pero por el precio no está mal, pasable. Y ya.",home,neutral,0.710984468460083
2026-09-16,Baja calidad en materiales pero por el precio que tiene tampoco se le puede pedir más. Tarde en montarlo un buen rato.,toy,neutral,0.7154039740562439
2026-09-06,No me ha resultado bueno ninguno de los 4 que compre . Quiero contactar con el vendedor,home,negative,0.9368796944618224
2026-07-03,"Muy bonita y divertida!! Es muy original y marca las fechas señaladas, de un tamaño perfecto para poder llevar en el bolso sin ningún problema. El año que viene compraré otra sin dudarlo!",office_product,positive,0.9939284324645996
2026-06-21,"Compré la cuna para convertirla en cuna de colecho. La cuna no está mal pero huele mucho a pintura y es bastante desagradable. El kit de colecho es una tabla que se une a la cama con unas correas. Al colocar la tabla en el somier de la cuna y poner encima el colchón, queda un desnivel, nada conveniente ni cómodo para que descanse nadie, y mucho menos un bebé. El colchón tampoco cubre toda la superficie del somier, por lo que se incluye un trozo de espuma para cubrir el hueco que queda. En definitiva, el kit de colecho ha sido una decepción, más parece una solución para salir del paso que una forma conveniente de convertir una cuna en colecho.",baby_product,negative,0.9943490624427797
2026-08-20,"Buen libro que relata la experiencia personal de un opositor a los cuerpos de justicia. Lo recomiendo para aquel que esté pensando en opositar, sobre todo por el precio que lo ofrece.",digital_ebook_purchase,positive,0.8359457850456238
2026-06-22,No dura tanto como esperaba....la batería dura una hora aproximadamente.,electronics,negative,0.512279748916626
2026-07-18,"Seleccione el libro por casualidad,me ha gustado lo recomendaría a quien le guste la ciencia ficción y le guste leer.",digital_ebook_purchase,positive,0.695235550403595
2026-07-07,Bonito pero plástico muy malo,toy,negative,0.6634908318519592
2026-06-15,"Ha llegado mucho antes de lo esperado, tres días antes nada menos. Es un producto genial y divertido de montar. Perfecto para tenerlo de muestra, con muchos detalles. Lo único que, o me he dejado piezas por colocar o ya viene con piezas de mas de repuesto, porque me sobraron unas cuantas. De igual manera, un producto fantástico, buena compra si eres amante de Lego y los cazafantasmas.",toy,positive,0.9786792397499084
2026-07-05,"Regalo ,porque me lo pidieron . Creo que hay otras agendas más bonitas y mejor calidad precio",office_product,negative,0.6420403718948364
2026-08-31,Recibido correctamente y a tiempo. Teclado muy ligero y teclas funcionan muy bien. Ratón de una movilidad importante. Encima todo el kit con un solo USB. Estoy muy contento con el producto.,electronics,positive,0.9941461086273192
2026-08-10,"La calidad es buena, pedí negro y es gris oscuro pero bastante bien",apparel,positive,0.633963406085968
2026-07-02,"Si necesitas unas impresora de tickets esta va de perlas, fácil de instalar y cambiar el carrete de papel y funciona a las mil maravillas",pc,positive,0.9399373531341552
2026-06-11,"Vienen las 60 piezas pero muchas vienen repetidas y entiendo que vengan dos o tres de la misma pero que llega el punto en el que vengan 7, 6 o 5 de la misma no me parece",jewelry,negative,0.7112381458282471
2026-06-10,"Es muy bonito pero todavía no hemos conseguido ponerlo en la pared. ¿Nos pueden dar unos consejos sobre cómo hacerlo, por favor?",furniture,neutral,0.5430161356925964
2026-08-12,Un poco escaso de potencia.,home,neutral,0.5933974385261536
2026-08-17,Como pongo en el titulo no le resulta cómodo al niño. Además el material es bastante frágil y de baja calidad. No lo recomiendo.,baby_product,negative,0.9485111832618712
2026-08-16,La calidad de imagen no es igual a la original pero aceptable,wireless,neutral,0.7372115254402161
2026-07-27,"Moscas no mata ni una, no las atrae",lawn_and_garden,negative,0.7777170538902283
2026-06-25,"Buenas, pero no sirven para glúteos se enredan, es aspecto horrible.",sports,negative,0.8299572467803955
2026-06-02,"La bolsa me ha gustado,por tamaño,practicidad y por detalles de calidad destacada por el precio que tiene.Tengo que probarla a ver si deja sabor al agua,pero vamos,por las especificaciones y por los comentarios de otros usuarios no deberia dejarla.Lo que si no me ha gustado,es que el clip de sujecion que viene para ajustar la manguera a la trincha de la mochila,se ha partido con solo mirarla.No afecta a su practicidad,pero vamos,que creo que es un detalle a tener en cuenta. Una buena bolsa de agua,la verdad es que la recomiendo,y yo la volveria a comprar.",sports,positive,0.8014485239982605
2026-08-03,"Va bien y a buen precio, la verdad es que ha sido una buena compra.",wireless,positive,0.8727249503135681
2026-07-05,No lo han entregado aun. Un desastre el envio. Suponia que al venir desde China tardaria pero esto es demasiado.,home,negative,0.9784698486328124
2026-06-07,"Es fantástico , cómodo practico y duradero.",electronics,positive,0.978602170944214
2026-08-24,Es precioso. Funcional y decorativo. Facil de montar. Estoy encantada,baby_product,positive,0.9761368632316588
2026-06-18,Se abre muy fácil No me gusta Lo he quitado en 3 semanas,wireless,negative,0.936000645160675
2026-08-06,"Es un filtro normal, especialmente caro para que puedan seguir haciendo negocio.",kitchen,negative,0.6697280406951904
2026-07-12,"La jaula está bien. Ha pasado mucho tiempo desde que la compré y sigue en buen uso. Único defecto: la puerta vibra y hace ruido. Al llevarla en el coche hace un ruido bastante molesto. Lo de la bandeja de plástico, todo un acierto, se puede lavar con una manguera. La volvería a comprar.",luggage,positive,0.57154381275177
2026-07-09,"Encontré ideas interesantes sobre organización, me quede con ganas de mas información, los libros de Raimon son muy interesantes, de este libro en resumen es practico.",book,neutral,0.5734394788742065
2026-07-11,"El reloj es bonito, las funciones están bien por su precio, pero el motivo de las tres estrellas es porque realice la compra de dos, unos para mí y otro para un amigo, y ambos fallan en la conexión bluetooth, una vez conectados por bluetooth a través de la aplicación se pone en hora, etc, pero pasado un tiempo de desconecta solo el bluetooth del reloj teniendo que enlazarlo continuamente, no recibiendo la app la información del reloj. He probado todo y sin resultado.",sports,neutral,0.9884754419326782
2026-08-14,"Acabo de recibir el producto,y me falta el cesto negro!!!!!!😡😡😡😡",lawn_and_garden,negative,0.9615517258644104
2026-09-11,Acaba de llegarme el pedido y anilla rota y tapa delantera también rota. Le envié un correo espero respuesta. Espero Porter solucionarlo la boda es el día 27 del presente mes.,home,negative,0.9224279522895812
2026-06-24,Es lo que esperaba. Correcto con respecto a su precio. El tamaño justo para que cupiera en el espacio disponible,furniture,positive,0.5614426732063293
2026-07-30,"La he utilizado poco y no sé si es imperdonable tampoco como lleva el paso del tiempo pero a priori los materiales se ven de buena calidad , buen espacio interior y muchos bolsillos",sports,positive,0.5350357294082642
2026-07-16,Era el juego que quería y vino en perfecto estado. Nuevo en su caja embalado. Funciona bien y no ha habido ningun retraso en la entrega,video_games,positive,0.9609394073486328
2026-06-19,"El producto me llego defectuoso el botón de encendido esta roto, la linterna en el instante que hizo contacto dió bastante luz pero debido a su defecto tengo que devolverla.",home_improvement,negative,0.9792807698249816
2026-08-07,"Es lo que se oferta, pero los he lavado un par de veces y se ven como si tuvieran más tiempo del que realmente tienen.",apparel,negative,0.8106454014778137
2026-08-29,"La marca no ha defraudado con este nuevo modelo, después de usar el ego aio durante mucho tiempo, este se lo recomendé a un amigo el cual a los pocos días estaba comprando otro para su novia, los dos están encantados y lo mejor es que han dejado de fumar.",drugstore,positive,0.9868236780166626
2026-09-10,"Se adapta perfectamente al movil, se desprende el color con facilidad",wireless,positive,0.5062847137451172
2026-07-12,"Un libro maravilloso para enseñar a los niños valores de forma sencilla. También tiene cuentos muy adecuados para trabajar las emociones. Además, lo recomiendo para todas las edades. Yo he disfrutado mucho leyéndolo.",book,positive,0.9827097654342652
2026-07-02,No se puede pedir más por ese precio. No se puede pedir más por ese precio. No se puede pedir más por ese precio.,shoes,neutral,0.5788655281066895
2026-07-09,Mienten en el anuncio,automotive,negative,0.9017755389213562
2026-09-17,me ha sido muy facil montarlo y se ve muy bien,electronics,positive,0.9466185569763184
2026-09-18,"Están bien para el precio pero son un poco estrechas y flojitas. Sólo uso la negra, las demás no tienen suficiente resistencia para ejercicios de pierna.",sports,neutral,0.7953609228134155
2026-07-06,"La pantalla funciona correctamente y venía con todos los accesorios necesarios, incluso más. Muy útil la caja con el esquema magnético para poner los tornillos. No le pongo 5 estrellas porque el protector de pantalla que trae es de baja calidad y las instrucciones solo venían en inglés y al final me resultó más útil buscar mi propio vídeo en Youtube. Pero por lo demás todo bien. Yo la recomiendo. Eso sí, hace falta un poco de paciencia. Me llevo más de una hora cambiar la pantalla y son todo componentes muy pequeños y delicados.",wireless,positive,0.923283040523529
2026-09-12,Tardo en llegar y las toallitas limpiadoras venían secas y con manchas,wireless,negative,0.913521945476532
2026-09-09,El dvd va un poco lento pero bien,other,positive,0.498657613992691
2026-09-05,Falta de impresión en letras y plástico blando,baby_product,negative,0.8374325633049011
2026-07-06,"Fácil de montar, las instrucciones son muy claras. Si el calzado no es muy ancho caben 6 pares en cada cajón.",furniture,positive,0.8860639929771423
2026-06-03,Cumple las expectativas,other,positive,0.7540632486343384
2026-08-12,Esta bien según su relación calidad- precio si se compra por debajo de 15€. Buen agarre tanto en seco como en mojado ligero,sports,neutral,0.6222800016403198
2026-06-08,"Se despegan los logos, ppr lo demas es una alfombrilla que cumple la funcion",automotive,negative,0.6909202337265015
2026-09-05,"A mi hija de 10 años le ha encantado, muy suave y bonito, un poco grande pero es que cogí la S de adultos, pero mejor, pues las piernas son cortas y el tiro largo, si hubiera cogido su talla, le hubiera quedado corto de las piernas.",apparel,positive,0.8462910652160645
2026-08-09,Calidad precio muy aconsejable es muy practico y reune todas las caracteristicas del fabricante... estoy muy contento con esta adquisición.,camera,positive,0.9623935222625732
2026-07-11,Buen sonido. Fácil manejo y potabilidad.,electronics,positive,0.916294276714325
2026-09-11,es tal y como se describe,industrial_supplies,positive,0.7538561820983887
2026-08-07,Contenta con la compra! Sin cables y muy buen sonido. Me costo configurarlos con un altavoz por Bt pero al final lo conseguí.,musical_instruments,positive,0.9874080419540404
2026-06-13,Buenas noches. Me gustaria saber si la pulsera es compatible con el modelo de smartphone Huawei gracias por su ayuda.,sports,neutral,0.566206157207489
2026-07-19,No me ha gustado que la caja no venga embalada en una caja de Amazon ya que sobre ella se han pegado todas las pegatinas relativas al envio y no se quitan bien y la presentación así deja mucho que desear.,toy,negative,0.6676167249679565
2026-07-30,"Modificación: la plancha va muy bien. Cuando la enchufas a la luz, en la pantalla digital sale que está OFF. Si quieres ponerla en marcha, hay que ir apretando el botón con un signo más para ajustar al tipo de ropa que vas a planchar y para apagarla, tienes que hacer lo contrario, ir dándole al botón con el signo menos hasta que en la pantalla sale la palabra OFF. La plancha va suave, llega a la temperatura deseada rápido y pita para avisar. El las posiciones donde la plancha necesita sacar vapor, no lo hace si no le aprietas al botón que pone I-PUMP. Si no lo aprietas, no sale vapor y además, no me gusta dónde está situado porque está justo delante de la agarradera, a mí se me va la mano hacia adelante y aprieto continuamente éste botón, apagando o encendiendo el vapor y es un inconveniente. Ha llegado en su caja original, no me ha gustado mucho porque si no han tratado bien la caja, la plancha se ha podido llevar algún golpe Así que voy a probarla y os cuento.",kitchen,neutral,0.6495423316955566
2026-06-02,Cumple todas mis necesidades,electronics,positive,0.915052056312561
2026-07-30,"Responde a las expectativas en cuanto a aspecto, tacto, tamaño y resistencia. En cuanto me llegue la guitarra que he comprado, sabré si he acertado al 100% , o bien todo lo contrario...",musical_instruments,positive,0.8404529690742493
2026-06-05,"Són muy caras, la bolsa es fuerte, y no se escapa nada de la basura.",home,positive,0.5617988109588623
2026-07-14,despues de mes y medio esperandolo me indican que no lo envian y que me abonan el importe. mal servicio ya que yo no quiero el importe yo quiero el producto.,other,negative,0.9890848994255066
2026-06-27,"Es como imaginaba, material muy finito, solo sirve para marcar páginas, pero son chulos",office_product,neutral,0.5964670181274414
2026-07-02,Esta muy bien pero llegó con 1 semana de retraso y no lo he podido usar para la tarta de cumpleaños de la niña.,home,neutral,0.5582062602043152
2026-06-21,"La planta está genial, pero me ha llegado una rama partida y las largas de abajo estaban cortadas las dos tiras . Supongo que el embalaje no es el correcto para estas cosas frágiles. Lo he podido solucionar con cuidado. Por lo demás, queda muy bien en mi acuario.",pet_products,neutral,0.575269877910614
2026-06-08,"Lo tenemos en estancias relativamente pequeñas para su potencia y es verdad que calienta bastante rápido y bien. El principal problema que le encuentro es que venía con un mando a distancia, el cual no funciona; y no me importaría, el problema viene cuando le das voz a la TV (marca LG) y ves que esa señal si la capta el aparato, por lo que más de una vez, tocando el mando de la TV se me ha apagado el calefactor. Es curioso que no funcione su propio mando y sí entre en conflicto con otros mandos a distancia...",kitchen,neutral,0.57472825050354
2026-09-10,Para las arañas bien. Para la moscas nulo,lawn_and_garden,negative,0.6614639759063721
2026-08-11,"El producto no vale lo que cuesta, pero no hemos encontrado otro. Recomiendo amarrarlo en la redecilla.",baby_product,neutral,0.5107266306877136
2026-07-20,"El envío fue rápido y la presentación es muy buena. Los microusb son pequeños lo que es muy bueno para su uso. En definitiva, buena compra, volvería a comprarlos",wireless,positive,0.9754805564880372
2026-08-06,"Fácil de abrir, de cerrar y de ajustar al trípode. Por precio y prestaciones, una gran compra.",pc,positive,0.984616756439209
2026-07-14,"El La nevera bien, pero el transportista me la dejo tirada en la calle y se negó de muy malas maneras a subirla al domicilio aun habiendo ascensor.",other,negative,0.7847896814346313
2026-07-28,Se ajustan bien y tienen fácil instalación pero los 2 protectores no me duraron ni un mes sin darle ningún golpe fuerte ni tener ninguna caída el móvil.,wireless,negative,0.8141640424728394
2026-06-03,Me gusta mucho el tamaño de las libretas porque son muy manejables para los niños. Lo único que yo veo es que traen muy pocas hojas pero a los niños les a encantado,toy,positive,0.6751154661178589
2026-08-25,"Pedi dos termometros y solo funcionaba uno, de esperar viendo el precio del articulo. Una lastima, al final el bueno lo tiene un amigo y yo me quede sin ninguno.",pc,negative,0.9623391032218932
2026-08-09,"No hace milagros pero disimula muy bien, incluso llega a sorprender si el arañazo es minimo",automotive,positive,0.5805932283401489
2026-06-02,"Estoy teniendo problemas, cuando abro el grifo se eleva el plafón hasta que me lo para el techo",home_improvement,negative,0.935712456703186
2026-08-26,Lo cómodo que resulta y lo bien que funciona,musical_instruments,positive,0.9795216917991638
2026-07-14,"Los pantalones son de una gama media, nunca una gama alta a pesar de ser Columbia, pero el talleje es inmenso. Yo suelo llevar L o XL, y pedí la L y me viene enorme.",sports,neutral,0.5881959795951843
2026-06-02,Al pegarlo en el azulejo tuve que andar con la mano colocando letras pues quedaron sin pegar,kitchen,negative,0.7224330902099609
2026-09-10,Más chula de lo que yo pensaba y útil y cómoda.,sports,positive,0.7947039604187012
2026-08-20,"Se cayo al suelo y se rompio por la parte baja. El agua se derramo. Lastima, no es resistente como las botellas normales",sports,negative,0.9876449704170228
2026-07-05,"Calidad muy baja, mangueras cortas. Hacen el apaño, pero no son para trabajar, son para usarlas 3 o 4 veces al año",automotive,negative,0.9766386151313782
2026-09-06,"no es exactamente la que pedí, así que tocó devolverla, eso sí sin ningún problema por parte del vendedor, rápido y efectiva la devolución.",wireless,neutral,0.5978193879127502
2026-08-26,Los colores se ven como más lavados y se notan los píxeles,wireless,negative,0.6398482918739319
2026-06-30,La pedí negra y me ha llegado de otro color. Igualmente es bonita.,home,negative,0.6531355977058411
2026-06-08,"No es exactamente la que se ve en las fotos, un poco royo para instalarla y no creo que sirva para lo que se anuncia, acabé comprándome otra en una ferretería, mucho mejor y mucho más barata.",pet_products,negative,0.599833071231842
2026-06-22,"Muy buena insonorizados, se adaptan y no dejan pasar el sonido hasta un límite. Merece la pena por el precio que tienen, si son para uso cotidiano.",electronics,positive,0.9729121327400208
2026-07-14,alguna piedrecita suelta,home,neutral,0.637117326259613
2026-07-28,"Es casi perfecto, un poco pequeño pero muy logrado.",home,positive,0.9610823392868042
2026-07-06,"buena duracion oyendo musica, entre 4/ 5 horas,lo PEOR lo compre hace 8 meses y se ha roto la pestaña de sujeccion de la clavija micro usb y ya no hace conexion para cargarlo",electronics,neutral,0.6396775841712952
2026-08-08,Necesario para la limpieza y mantenimiento de la afeitadora,personal_care_appliances,positive,0.7894234657287598
2026-08-16,No da mucho extra de bateria pero algo mas se agradece cuando se usa bajo agua como es mi caso.,camera,neutral,0.6878733038902283
2026-09-01,"El mejor método para tener bien a la vista las especies y sin ocupar mucho espacio, quedan ocultas en el cajón, pero muy accesibles, lo he colocado en un cajón justo debajo de la vitro y están siempre recogidos y a la mano, cuando estás cocinando.",home,positive,0.8519696593284607
2026-07-01,"La pulsera está muy bien, pesa poco y se adapta muy bien a la muñeca. La única desventaja es que con el tiempo va perdiendo color, pero para mi no es un problema.",wireless,positive,0.7756718993186951
2026-07-17,"El lápiz depilador cumple su función. Lo malo?, no incluye pila a pesar de que en la caja sí indica que va incluida.",personal_care_appliances,neutral,0.8293896913528442
2026-07-25,"Lo compré porqué me encanta el oro rosa y este pack me era realmente necesario ya que llevo un par de años sin rizador de pestañas, se me perdió y no lo volví a comprar y ahora estoy realmente contenta con mi compra.",beauty,positive,0.8983160257339478
2026-08-19,"Buen producto pero con poca batería, lleva a descargarse del todo por lo que creo que la batería no durará mucho y morirá",home,neutral,0.5802780389785767
2026-09-14,"cuando se compran circuitos o elementos electronicos o electricos, debieran ir con el esquema de conexion",industrial_supplies,neutral,0.6498214602470398
2026-08-01,El bebe demasiado delgado,home,negative,0.8870834708213806
2026-06-30,Para la noche regular pero aguantan!,drugstore,neutral,0.5104279518127441
2026-07-25,"Una auténtica basura. No han aguantado el verano, no sé si por el calor o qué pero se han caído absolutamente todos. Tanto los que estaban boca abajo como en horizontal, los que sujetaban cables finos y poco pesados como los que no. No cumplen su cometido, al menos en mi caso.",home_improvement,negative,0.9946920275688172
2026-06-16,"Estoy teniendo muchos problemas de presicion. Te ayudan con un servicio técnico pero por ahora no me han solucionado nada. Al final pagas un pastón para seguir sin saber dónde está tu gato. Lo mejor que tiene es la llamada, que le das a sonar y el collar te suena. Aunque no lo utilizo mucho porque me da miedo que mi gato se asuste este donde esté y lo ponga en peligro. Lo uso cuando está cerca. Claro que nada sirve si no tiene batería. Y es que la batería te dura un día y medio y eso que apenas abro la aplicación para buscarlo. Pero me niego a comprar una batería de recambio hasta que no me solucionen todos los problemas de precisión.",pet_products,negative,0.6743690967559814
2026-06-12,"Muy entretenido, me gusto de principio a fin. Aconsejo su lectura. Leeré más de este autor y sobre este tema.",digital_ebook_purchase,positive,0.8913726210594177
2026-06-17,Hace 2 meses que compramos estos cascos. Ya se ha partido el cable por dos sitios. Aunque la apariencia es buena no se los aconsejo a nadie.,toy,negative,0.9695174098014832
2026-06-16,Es un juguete pero para el precio no se puede pedir mas,toy,neutral,0.635199785232544
2026-06-12,Llego en perfecto estado pero tardo mas de un mes en llegar y luego no me lo subieron a casa.,toy,negative,0.5102764964103699
2026-06-08,"coincide con la foto, incluso en esos bordes interiores no tan acabados que van dentro del lavabo, lo cual habla bien de los vendedores. robusto, sencillo, bien diseñado.",home,positive,0.6444636583328247
2026-08-23,Es muy Cuco a mi bebe le encanta,toy,positive,0.9023863673210144
2026-06-03,"El paraguas no tiene una apertura buena, pero se le ve resistente. No se como se comporta con vientos fuertes.",toy,neutral,0.6896548271179199
2026-06-16,"A mi gata no le hace nada,pero el producto llego bien y a tiempo",pet_products,negative,0.5933295488357544
2026-06-30,"Esta bien,lo que me parecía más iluminación.",home,neutral,0.7077304720878601
2026-09-17,Gorra con talla y calidad bastante buena.,sports,positive,0.8463707566261292
2026-06-23,Poco practicas para llevar casco.,sports,neutral,0.617133617401123
2026-08-31,"Lo conecte al teléfono móvil ( un Motorola G 5) al principio sin ningún problema, pero al cabo de un tiempo se desconectó y no hay manera de vincularlo de nuevo. Ahora lo uso con la tablet. Una vez lo cargas con el enchufe y lo vas guardando en la cajita ,la batería dura bastante.",electronics,neutral,0.5635647773742676
2026-09-12,Las pegatinas son mates y traslúcidas. Se ven blanquecinas sobre la superficie que se utilice. No era lo que buscaba.,office_product,negative,0.7215665578842163
2026-06-05,"Muy descontentos, han enviado el producto sin caja extra, solo con la caja del propio producto dañada, era para un regalo",baby_product,negative,0.9896000623703004
2026-08-23,Una novela que en sí no me atrapó y eso es raro. Aunque si es cierto que me sentí en alguna ocasión identificada con la protagonista. Me pareció una historia sencilla y sin giros para querer desentrañar el final. Supongo que no a todos nos puede gustar lo mismo.,digital_ebook_purchase,neutral,0.66829514503479
2026-09-12,"El material es bueno, pero la serigrafía del dibujo viene con defectos. El color de los picos y patas de los pingüinos es amarillo, no naranja, y además el color se sale del dibujo,",home,negative,0.6725679636001587
2026-09-16,"El vendedor anuló el pedido a los dos dias, alegando que se habia quedado sin stock, para automáticamente al siguiente dia ponerlo el doble de caro",furniture,negative,0.9839420914649964
2026-08-04,"Ok: Es lo que pedí Correcto, bien, Gracias por rapidez.",sports,positive,0.6244665384292603
2026-06-30,Calienta menos de lo esperado,kitchen,neutral,0.5095763206481934
2026-06-21,Es demasiado pequeño para una silla de ordenador y a la vez voluminoso para una silla normal. Una compra inutil.,home,negative,0.9534332752227784
2026-08-23,Me parece que para llevar poco peso son ideales pero no se puede abusar por caminos porque sufren mucho.,sports,negative,0.7091529965400696
2026-08-09,"Tiene varios problemas, solo se ven las matriculas si estas a un metro del coche a dos metros ya no se ven, los que pasan a tu lado en movimiento ni a un metro, si es de noche, si las luces de tu coche reflejan la matricula no se ve, tiene 4x de zoom por lo que los coches se ven más lejos de lo que están, la batería no dura mucho, la traducción en español no es muy buena, graba de 20 en 20 minutos como mucho no de continuo, la luz nocturna solo se ve a menos de un metro,",camera,negative,0.9445111751556396
2026-06-22,No me convence lo del tapón que se abre fácilmente y no tiene precinto.El precio atrae mucho pero no sé...,beauty,neutral,0.5943856835365295
2026-08-21,Me ha sorprendido gratamente su tamaño y su ligereza es muy fácil de montar y hace una luz muy blanca muy agradable lo recomiendo,home,positive,0.988572359085083
2026-08-11,"Si lo usas sólo como reloj, la batería dura días. Si lo usas como Smartwatch, dura 12 horas aprox. Ademas con un par de metros que te alejes del móvil pierde la conexión con el smartwatch y debo reiniciar esa conexión. Puedes visualizar todo menos WhatsApp. O sea, te llega la notificación de que has recibido un WhatsApp y quién lo envía, pero no puedes visualizar el mensaje en sí. Aún no he hecho duplicado de tarjeta para ponerle la suya propia,...espero que cuando lo haga pueda visualizar todo al 100%. El producto además viene con un cable USB, un protector de pantalla y otra batería extra. El tamaño de la pantalla del reloj es grande, más que el del ""iwatch"" (el mechero lo pongo en la foto para comparar tamaños)",wireless,neutral,0.6052138209342957
2026-09-11,Buen diseño y acorde a lo esperado. Falla la pinza que ajusta la cinta trasera,sports,neutral,0.6853700876235962
2026-07-02,Pensaba que era un poco más ancho pero bueno calidad precio tampoco está tan mal,personal_care_appliances,neutral,0.6874038577079773
2026-07-03,"Pensaba que sería más grande , es como un A3 siendo así lo veo caro",home,neutral,0.587232232093811
2026-06-16,Producto correcto. Llego en tiempo y forma. Lo aconsejo.,home,positive,0.8588279485702515
2026-08-15,"Me costó mucho ponerlo, las instrucciones no están en español y, a pesar de que hay dibujos, no me quedaron muy claras. Lo puse como pude, se rompe fácilmente, y quedó bien.",home,neutral,0.6327819228172302
2026-07-08,"buen producto, cumple lo que dice y se pega bien a la gafa.",sports,positive,0.8826573491096497
2026-09-06,"A diferencia de los anteriores de otra marca que compre también en Amazon (y que tuve que devolver porque se soltaban los contactos de la batería, aunque cortaba de maravilla) esta funciona correctamente y los contactos, de momento, no se sueltan. Pero corta no tan potentemente como otras, Cuesta varias pasadas en dirección contraria (que no se debe) para cortar pelos foscos. Cargado sobradamente la carga dura 1 hora. En conjunto (y contando con lasa cosas que trae que son prácticas) por ahora es correcta.",pet_products,neutral,0.8254252076148987
2026-06-14,"Pintan bien, aunque para mi gusto son demasiado duras.",office_product,neutral,0.703186571598053
2026-07-06,muy ancho y mantiene el calor no mas de dos horas,baby_product,neutral,0.4127132892608642
2026-09-05,Muy fácil de poner. Se puede poner de varios sentidos (la puerta se puede abrir de lado o de abajo hacia arriba. Es sencillo y cómodo.,home,positive,0.9568435549736024
2026-06-23,Llegó de retraso un día como siempre,wireless,negative,0.4972581565380096
2026-09-17,me quedaba pequeño se lo regale a mi madre pero de todas formas muy bonito,lawn_and_garden,neutral,0.3631711900234222
2026-08-05,Agujas de punto de cruz,kitchen,neutral,0.5869600772857666
2026-09-13,Calidad pesima. El plastico es muy fragil y ya estaba roto al llegar mismo con un buen embalaje. No puedo creer que las baldas puedan aguantar 20kg.,furniture,negative,0.99454003572464
2026-08-24,"La verdad que estoy muy contenta, protege muy bien móvil, y creerme se a caído un montón de veces y lo. Protegido sin problema",wireless,positive,0.9789612293243408
2026-06-02,"La tel es muy rara, una especie de tela plastico que no transpira bien y es incómoda para el bebé. Cumple la función de impermeabilización pero no lo recomiendo por la incomodidad que genera al bebé",baby_product,negative,0.7394077777862549
2026-08-30,"Acabo de usarla por primera vez y no se pega nada, lo unico malo es que por el centro no se ha dorado, igual la he hecho demasiado despacio, espero que las proximas veces se dore mas. En mi vitro va perfecta, no se pega nada. He usado 5 huevos y 2 patatas grandes y aun habia sitio, da para 4 de sobras.",home,positive,0.7136721611022949
2026-08-12,"Bastante bien pero no se ajusta al 100 x 100 a mi Xiaomi A2, le viene un poco pequeña, por lo demás bien.",wireless,neutral,0.615005373954773
2026-08-04,Todo bien pero debería de venir con su caja.,other,positive,0.5743457078933716
2026-08-14,El producto está bien. Puedes encontrar aceite de coco de similar calidad por la mitad de precio. (mercadona),grocery,neutral,0.5740026831626892
2026-08-06,"Compré estos auriculares por una oferta puntual, dejándome llevar por los comentarios positivos. He de decir que el sonido está bastante bien por el precio que tienen, me ha gustado mucho. Los acabados también están muy bien. Sin embargo, tengo que devolver el artículo puesto que es pequeño (incluso al máximo, no me llega bien a las orejas), bastante incómodo pasado un rato (después de una hora te duelen las orejas). Además el diámetros de la almohadilla también es pequeño y no cubre completamente la oreja.",electronics,negative,0.7154517769813538
2026-07-22,Se desconecta la señal tiene muy poco alcance a los cinco metros ya empieza a fallar y a la que se interpone un tabique se corta,electronics,negative,0.9872889518737792
2026-08-01,"Me gusta lo bien que se ajusta y la calidad dl producto, me hubiese gustado que viniese con Proteccion ora el cristal ya integrada en la carcasa, por lo demás perfecto.",apparel,positive,0.9274269342422484
2026-06-23,"El producto esta muy bien, pero el mio lo he recibido con una de las cremalleras averiada, no pudiendose cerrar de ninguna forma, por lo que procedo a devolverlo, aunque me pedire el mismo, a ver si esta vez viene correcto.",pc,negative,0.6696248054504395
2026-06-26,Parece que puede ser divertido pero cuando juegas dos veces te cansas. No tiene nada de particular,video_games,negative,0.9758736491203308
2026-08-07,El recorte de los bordes pincha,pc,negative,0.6262574791908264
2026-08-21,"genial tal cual a la foto, es de plástico duro y bastante grueso me va genial a mi cocina el dosificador va muy bien no se atasca y no esta duro",furniture,positive,0.9815297722816468
2026-07-25,"Lo compre para el cumpleaños de mi sobrino y fue todo un exito, lo recomiendo llego en el tiempo estimado.",home,positive,0.8304494023323059
2026-06-06,"Buena comprar, descripción y foto correcto.",apparel,positive,0.8271826505661011
2026-07-05,"Me gusta muchísimo Cristina como escritora pero siento decir que está novela se me ha hecho un poquito pesada,no me ha llenado lo suficiente,a pesar de ello es una de mis escritoras preferidas",digital_ebook_purchase,neutral,0.764564037322998
2026-06-22,"Son para un regalo por lo que no he podido usarlos. La caja es bonita pero no venia suficientemente protegida (iba en bolsa de plástico), por lo que lleva una esquina doblada. Ya opinaré mas adelante sobre si son buenos o no.",home,neutral,0.7528545260429382
2026-07-13,"Yo e intentado afilar varios cuchillos y no me a servido de mucho, lo tengo ahora para hacer bonito.",kitchen,neutral,0.6227328777313232
2026-06-15,El micro filtro del lavavajillas bosch estaba roto. Puse esta pieza y encaja bien. La pega es que no se pueda comprar solo el microfiltro. Con el tiempo se le borran el color azul de las flechitas.,other,neutral,0.4835884571075439
2026-08-25,"Ruidoso, poca potencia, exprime muy regulero. Lo compré en julio y en octubre hizo clac y dejo de funcionar. No lo recomiendo",kitchen,negative,0.994422972202301
2026-07-30,"Muy bonita la cuna, cómoda y fácil de mover de un sitio a otro",baby_product,positive,0.9111907482147216
2026-09-09,"Solo se puede usar en seco, al entrar agua entre el protector y la pantalla, no obedece la función táctil, hay que desmontarla y secarla.",wireless,negative,0.8510941863059998
2026-09-14,La botella y el tapón azul sí son de buena calidad pero el mismo día que las recibí me cayeron dos de las tapas con boquilla al suelo (aproximadamente desde unos 30 o 40 cm) y las dos se rompieron. Teniendo en cuenta que las quería para mi hijo de 4 años esperaba algo un poco más resistente.,toy,negative,0.6036621332168579
2026-06-12,"Gran smartphone, calidad de móvil muy buena. Calidad de imagen increíble, aunque no lo recomiendo por calidad precio. Y con éste vendedor no lo recomiendo, por problemas para realizar la devolución.",wireless,negative,0.4162609577178955
2026-07-19,Lo necesitaba más grueso.pero con las medidas que proporcionan es.difícil saber el grosor hasta que no lo ves.,home,neutral,0.5194095373153687
2026-07-12,no hay manera de configurarlo ni para pc ni para mac,office_product,negative,0.9661095142364502
2026-07-08,"Una basura , un mes después de haberlo pagado no me ha llegado",wireless,negative,0.9991507530212402
2026-08-21,El producto funciona bien,other,positive,0.6232998967170715
2026-07-15,"Actualizo después de contactar con el fabricante. Al menos en mi caso no permite cargar el portátil, con esa longitud de cable y sin carga no puede usarse como una docking, solo ganas tener más puertos USB y una toma HDMI. Posiblemente demasiado caro para lo que incluye. De todas formas como con todos los productos de AUKEY, excelente calidad y soporte del fabricante",electronics,negative,0.4603807628154754
2026-07-05,Megusto el tamaño y no megusto la calidad del producto. Lo utilice para regalar ha un pequeño en su cumple,toy,negative,0.4820872247219085
2026-06-30,"He probado varios y éste me gusta mucho. A nada que tocas el botón ya gira, por lo que hay que tener cuidado, ya que puedes salpicar...",kitchen,positive,0.95115727186203
2026-08-27,La mejor compra de la casa. Va perfecto,other,positive,0.9871132969856262
2026-09-14,Trae un olor a plastico q ni lavandolo 2 veces se ha quitado,apparel,negative,0.8461954593658447
2026-06-30,Antes tenia un foco incandescente de 200W luz calida. Ahora con este Foco de luz blanca se ilumina mucho mas la piscina. La unica pega es que el cable es corto.,home,positive,0.8700149655342102
2026-08-17,"Es muy coqueto pero las piezas son pequeñas y la calidad , bueno , me ha decepcionado un poco.",furniture,neutral,0.5358977317810059
2026-06-06,"Es un reloj bonito y adecuado. No hay que olvidar su precio, es un reloj económico y sencillo. Buen diseño y, de momento, funciona bien. La única objeción es que, para ajustar el día, haya que pasar todas las horas. Generalmente, el botón tiene una posición intermedia para cambiar el día. Como digo, es un reloj económico y sencillo. Parece una buena adquisición.",watch,positive,0.6060683727264404
2026-08-06,Los cartuchos ya no imprimen a pesar de que no los he usado demasiado. La impresora me dice que están hacia la mitad de su capacidad pero por más que los he limpiado no hay manera. Al final como los originales nada,office_product,negative,0.9460741877555848
2026-08-19,"La funda es muy fina, para proteger bien el iPhone no vale, en comparación con la transparente que tenia deja mucho que desear para el precio, si lo que quieres es mantener el diámetro del iPhone y que no se note que llevas funda está bien. Para una caída dudo mucho que salga vivo el iPhone. Pongo foto de mi carcasa transparente para que veáis las diferencias",wireless,negative,0.5086981058120728
2026-06-07,Llevo dos días con él. Estoy muy contento. Buena calidad del material. No se calienta. Muy buen precio. Lo recomiendo 100%. He comprado otros cargadores y algunos me hacían ruido e incluso me han dado cortocircuito. Con este lo he acertado. Calidad total!,pc,positive,0.9989238381385804
2026-07-22,"El libro es muy bueno y práctico, la entrega el día indicado y el paquete (caja) estaba en buen estado. Pero el libro no, las esquinas desgastadas y las últimas páginas del libro dobladas como si fuera un producto recondicionado pero con el precio de uno nuevo...",book,negative,0.5552641153335571
2026-06-14,"Edta muy bien acabada y parece de buena calidad, medida desahogada para cartas grandes",toy,positive,0.889881432056427
2026-08-12,Va genial..por el color y precio,office_product,positive,0.9495694637298584
2026-06-15,Nunca recibí el producto,wireless,negative,0.9977309107780457
2026-06-21,"Me quedo bien de tamaño, se me hace fácil lavar la tela, y queda bien sujeto. Me a gustado .",automotive,positive,0.582607626914978
2026-07-05,"Los acabados podrían ser mejores pues los remaches vienen un poco oxidados, pero no está mal en general. El diseño es bonito, ideal para scrapbooking",home,neutral,0.6182265877723694
2026-08-05,"Producto sin precinto de garantía y con la fecha de caducidad gastada, producto utilizado. Además el embalaje venía en pésimas condiciones. Es la primera vez con compro en amazon y me envían un producto en estas condiciones, lo he devuelto. Me siento engañada, esto es un verdadero timo, un fraude. NO recomiendo comprar este producto.",beauty,negative,0.999190628528595
2026-08-30,"Tiene una estrella porque no puedo dejarlo en blanco. El cristal recibido no corresponde a Xiaomi Pocophone, falta un agujero y tapa la cámara frontal. Además, la imagen del anuncio no es el cristal que luego te llega",wireless,negative,0.9975556135177612
2026-06-02,"El producto es muy pequeño, me lo esperaba mas grande y el pincel que viene tambien es muy pequeño, si fuera un poco mas grande seria mucho mas facil de cogerlo. El tono mas oscuro se ve que es cremoso y el de al lado es como mas polvo. Me gustaria que hubiera mas variedad de color ya que me arriesgue y mis cejas son mas oscuras. Lo arreglo echando casi nada de producto ya que si no queda mal. Lo bueno que por el precio que tiene no puedes quejarte. No volveria a comprarlo, de momento.",beauty,negative,0.6347969770431519
2026-07-05,"Si sabes lo que compras, el formato 21:9 en 29 pulgadas puede ser muy buena opción. El monitor es correcto en colores y los 75Hz se consiguen sin ningún problema a través del cable HDMI. Ahora lo negativo, he recibido dos monitores con fugas de luz importantes, tal como se puede comprobar en la imagén. Estas fugas afectan a las images oscuras haciendo que la imagen pierda calidad. Es posible que simplemente haya sido mala suerte, o se trate de una tanda en mal estado. No descarto una nueva compra dejando pasar un tiempo prudencial.",pc,negative,0.9268949627876282
2026-08-21,"Esperaba menos por ese precio y me he quedado sorprendido, buen producto",wireless,positive,0.8331252336502075
2026-08-17,"Recepción del pedido ha sido rápido, viene muy bien empaquetado y con todos los complementos para su instalación, la única pega es que le falta un par de kilómetros por todos sus lados para que cubra toda la pantalla",wireless,positive,0.5048665404319763
2026-06-20,Lo que andaba buscando para mi hijo. Con buena durabilidad. Algo cara pero pagas la marca. Muchos departamentos. Buena elección,luggage,positive,0.8562089800834656
2026-08-21,Super delgados ..otros ... Se salieron de la bolsa...muy finos pero variedad,toy,negative,0.5538995265960693
2026-06-10,El reloj después de poco mas de un mes se atrasa. Le cambiamos la pila y sigue igual.,home,negative,0.8788060545921326
2026-06-25,"Antena que se acompaña con todas los tornillos de colocación, así como junta, se puede colocar en diferentes bases de antena.",electronics,positive,0.5272217392921448
2026-08-05,Está bien calidad precio es muy barata pues no puede ser una cortina excelente,home,neutral,0.6180739402770996
2026-06-25,están bien se pueden usar ??,kitchen,positive,0.5921242833137512
2026-07-24,"Compré este artículo y nada más usarlo se ha roto el cristal, así que estoy muy decepcionado con la compra.",drugstore,negative,0.9969522953033448
2026-07-03,"Estoy satisfecho con la compra. La batería llegó cargada y en perfecto estado. Aparentemente todo está bien, habrá que esperar un tiempo para ver el resultado.",wireless,positive,0.9159424901008606
2026-07-06,"Compré este producto porque leí comentarios que decían que no se dobla a diferencia de los de Pathfinder, ésto es verdad. La pega es que solo tiene dos tipos de terreno: campo verde y dungeon (suelo elaborado, no os esperéis cuevas), lo cual hace que se me quede un poco falto de opciones, prefería un suelo menos detallado en el lado de dungeon para darle más uso. Con únicamente estas dos opciones pienso que el precio que cobran por él es un poco elevado. Éso sí, el material es de buena calidad.",book,neutral,0.8476274609565735
2026-09-03,"Diseño chulo, pero dos taladros por cada uno y no se quedan pegados del todo a la pared.",furniture,negative,0.5828073024749756
2026-06-14,Hay mejores opciones y a precios similares. Calidad muy justita,wireless,negative,0.5492184162139893
2026-08-04,"El original, igual de bueno e igual de breve",office_product,positive,0.8027804493904114
2026-09-18,"Buen precio pero el táctil es malo, hay otras opciones mejores por 10€ mas",wireless,neutral,0.5465490818023682
2026-08-19,Cable con bastantes pérdidas.,electronics,negative,0.8263516426086426
2026-07-24,Me va perfecto l única pega q me a tardado mucho en llegar,kitchen,positive,0.6904469132423401
2026-09-18,Cumple su cometido al menos en pocos usos que llevo,kitchen,positive,0.4980703294277191
2026-07-22,"Tamaño regular si llevan libros y libretas no caben bien, no acolchada apenas, no la recomiendo para un uso diario de colegio, pero si para una extraescolar o catequesis, gimnasia algo de poco peso, pero si que es muy bonita, además impermeable en el interior, Le falta que fuera más acolchada",luggage,negative,0.4869939386844635
2026-06-03,Es un libro fantástico que todo el mundo debería leer para entender y ver la vida de otra forma mucho más simple. Totalmente recomendable,digital_ebook_purchase,positive,0.9914147257804872
2026-09-07,"La lima es buena, como otra que tenia y rompí accidentalmente, pero ha sido decepcionante que me ha llegado sin ningún tipo de funda o lo que sea para guardarla. La caja en la que la envían muy bien y muy protegida con sus burbujas y todo, pero eso, que viene sin nada. Me la quedo porque es buena y la necesito, pero hubiera sido una experiencia genial si viniese con funda.",beauty,neutral,0.5885576009750366
2026-07-11,Funcionó durante 1 minuto. Cambie las pilas por unas nuevas y sigue sin funcionar.,book,negative,0.9847858548164368
2026-06-06,"Es muy bonito, pero yo no he conseguido conducir a gusto con él. Queda muy gordo.",automotive,neutral,0.511849582195282
2026-06-25,"La foto no corresponde para nada, pero vienen bastantes y sale a buen precio cada uno. Además, al tener aloe y demás, aparte de higienizar no da la sensación de sequedad o de que vaya a hacer daño a la piel, o eso parece.",drugstore,positive,0.8772974014282227
2026-06-13,"Sabanas de muy mala calidad, le salen bolas y se rompe la costura de las esquinas. Muy mala compra.",home,negative,0.9936316609382628
2026-09-06,Por el precio q tiene no esta mal pero.fue para regalo y creo recordar q se rajo alguns parte. La regale hace 3 años,home,neutral,0.6617347598075867
2026-06-08,No lo he recibido aún,home,negative,0.9952711462974548
2026-06-21,Esta bien al principio pero luego se ponen muy viejas y yo cuido mucho mis cosas le doy 3 estrellas por que al principio eran muy brillantes y me gustaron mucho pero ya tiene 1 año creo y... No está como nueva pero después de 1 año supongo que es normal,shoes,neutral,0.9662485718727112
2026-09-06,"Mala compra,no ajusta a la pantalla,es mas pequeño y para colmo me lo dejan en el buzon en vez de entregarlo en mano.",pc,negative,0.9885501265525818
2026-08-07,"Con un poco de retraso y envoltorio totalmente abierto. El paquete no estaba roto, estaba bien. De precio bastante bien",pet_products,neutral,0.7160119414329529
2026-06-25,Buena calidad precio,pc,positive,0.7010223269462585
2026-08-18,"Es bonita y cómoda. Se adapta bien a las manos y evita que se resbale el teléfono. Envuelve bien el terminal, lo único malo que le veo, que no tiene por qué ser de este producto, es que no es compatible con unos protectores de pantalla en cristal templado que compré y no caben con ésta funda. Los despega. Puede ser que con protectores de otra marca vaya bien. Dejaré el mismo comentario en los protectores por si coinciden leerlo.",wireless,positive,0.5602124929428101
2026-08-07,La presentacion muy bien pero las perlas son muy pequeñitas.,kitchen,negative,0.4766413867473602
2026-07-15,"Por el precio... Poco más puedes esperar. No es muy fino. Para empezar a familiarizarte, perfecto",personal_care_appliances,neutral,0.7616554498672485
2026-07-30,"Es fácil de usar, pero siempre da valores diferentes, ya que la tinta fluye en la tira y siempre da valores diferentes.Falta de instrucciones. Precio alto para la calidad del producto.",pet_products,negative,0.6339794397354126
2026-06-12,No aprieta bien. Desde el primer día que lo probé no aguantaba el monitor que le puse que era de 7 pulgadas.,camera,negative,0.9475177526474
2026-07-02,Muy chula tal cual las descripciones y foto,luggage,positive,0.9278833270072936
2026-09-04,"Me gustó porque se veía en un principio de buenos materiales, pero las cogidas q trae son muy falsas. Y a los dos días se rompió y ahora mi novio tiene q llevar sus documentos dentro de la carpeta pero en la mano.",luggage,negative,0.7540768384933472
2026-08-31,Dejar de comer muy rápido,industrial_supplies,negative,0.7211294770240784
2026-06-13,Producto de materiales de muy baja calidad que con un uso intensivo no nos duró ni un verano,kitchen,negative,0.9509412050247192
2026-07-01,"no me ha gustado pensé que seria de madera y es plasticucho total, suena muy raro, y ademas es enano, para esto veinte euros es mucho, una estafa y encima no trae ni una pandereta ni un afinador. esta compra ha sido un fracaso.",toy,negative,0.9958729147911072
2026-08-17,El telefono con la funda puesta se vuelve mucho mas grande. Aun asi al principio me ha encantado. Pero es que se ralla bastante rapido. Bueno. La relacion calidad precio esta bien.,wireless,neutral,0.6237088441848755
2026-06-20,Perfecto estado y envío más rápido de lo calculado,video_games,positive,0.9879366755485536
2026-06-18,Muy bien todo correcto.la espera un poco retrasada pero por lo de más bien.sin duda volvería a pedirlo.del todo recomendable,wireless,positive,0.9501786828041076
2026-09-01,No se entregó antes de la fecha,home_improvement,negative,0.9331347346305848
2026-07-30,"En global esta muy bien, para los cabras locas como yo, el semirigido que trae se queda corto. el velcro PESIMO, se abre solo, pierde su efectividad. Eso si que lo mejoraria. por lo demas. bien.",industrial_supplies,neutral,0.8185533285140991
2026-08-02,Lo quería para poner brocas de un milímetro en un taladro. Pero tuve que poner un eje para poder usarlo.,home_improvement,neutral,0.6599160432815552
2026-06-06,"Es universal,por lo que no ocupa toda la pantalla. Era lo que esperaba.",wireless,positive,0.8002862930297852
2026-07-02,"La funda está muy bien , pero para ser una funda 360 grados debería incluir también el cristal templado",camera,neutral,0.486970990896225
2026-09-01,Me gusta el colgante . No me gusta q la cadena no tenga diferentes enganches para ajustar la largura.,other,neutral,0.683158278465271
2026-07-13,Delicada de lavar. Por lo demas muy bien. Bonita y al peque le encanto. Llego pronto y bien embalada . Buen articulo,sports,positive,0.53074049949646
2026-06-02,Rapido envío. Buena calidad. Cucharas de gato con soporte para tazas de café. Bonito diseño y decoración en general. Gran vendedor,home,positive,0.970499873161316
2026-07-30,Mi opinión nefasta me dice k a llegado y no me a llegado nada,electronics,negative,0.9972453117370604
2026-06-23,"Las asas son bastante débiles, a mi se me rompió en tres semanas. Voy a devolverlo si puedo, esperaba otra cosa",luggage,negative,0.8901495933532715
2026-08-22,Muy cómodos y cumplen con su función. No abultan mucho y abrigan los que se esperan de ellos. Los recomiendo,sports,positive,0.95682692527771
2026-07-01,El sistema de cierre de la correa es muy poco útil para trabajar ya que se engancha en todos lados y puedes perderla. Lo mejor es el sistema tradicional,sports,negative,0.786678671836853
2026-06-05,Opinion de la usuaria:vibra demasiado en casi todos los modos,personal_care_appliances,negative,0.4892322421073913
2026-08-22,"Preciosas. Muy a pesar mio, las he tenido que devolver pero tanto el servicio de compra como el de devolución ha sido muy rápido y sin pegas.",home,positive,0.6310685873031616
2026-07-04,No me sirvió para lo que buscaba,camera,negative,0.7536598443984985
2026-06-10,Esta muy bien de precio,grocery,positive,0.8174030184745789
2026-08-28,De lo mejor para los niños y que interactue con el libro,book,positive,0.9155570864677428
2026-06-02,"El producto perfecto, pero ha tardado en llegar algo más de lo previsto. Por lo demás perfectamente en la descripción.",luggage,positive,0.7805823087692261
2026-06-11,"Lo devolvimos. Lo queríamos para la oficina. Esto es una nave industrial y hay bastante ruido de fondo y aún así hacía un ruido molesto. Además nos pareció que daba poco calor, aunque de eso no estamos tan seguras, ya que no llegamos a poner los pies encima, solo la encendimos",furniture,negative,0.9174272418022156
2026-07-20,Es muy fino y que se pueda poner a la medida que te interese según el vestido es muy apropiado...por poner algo que no me ha gustado sería la cuerda nylón que lleva puesto...una fina cadena quedaría mejor.,jewelry,neutral,0.6933573484420776
2026-07-01,Llegó el día previsto. Pero la caja un poco rota y el repartidor no debía saber que lo que llevaba era frágil ya que soltó la caja sin ningún cuidado. Por lo demás todo bastante bien,video_games,neutral,0.7595546245574951
2026-07-26,"El producto ha sido enviado en el plazo estimado .pero la caja está toda machacada por las esquinas y no ha llegado en una caja de cartón de Amazon .ha llegado sin envoltorio ,con la etiqueta del envío pegada en la caja del juego.",toy,negative,0.8297814726829529
2026-08-18,"Buena webcam, de calidad, y a un precio excelente. De las mejores marcas para uso doméstico o semi-profesional. Viene con multitud de accesorios para su correcta colocación.",pc,positive,0.9726579785346984
2026-08-12,"Por el precio que tiene no está mal, pero me esperaba más! El sonido en una zona algo amplia y con volumen es algo malo, la antena y zona de botones se ve de mala calidad. Parece de los chinos!",wireless,negative,0.6825984120368958
2026-08-26,Bonito disfraz y con buen acabado,apparel,positive,0.8082131743431091
2026-08-22,"Todo bien. Es tal y como se describe en el anuncio. Relación calidad/precio está bien, aun no he podido usarlo mucho pero lo poco que he podido me ha gustado el resultado para poder iniciarme en la macrofotografía.",camera,positive,0.8715500235557556
2026-06-09,Precio y calidad muy bien.,sports,positive,0.9175620079040528
2026-09-07,"Pésima calidad. Plásticos muy malos, y todo muy mal pegado. La idea es buena, y parece que funciona bien al principio. Tras pintar medio salón, se rompen los soportes de los rodillos y se despegan las espumas. Muy mal, te deja tirado en medio de la faena y tienes que salir a comprar un no decente. Muy mal.",home,negative,0.9987820982933044
2026-06-21,"No sirve para cabellos muy abundantes, mi niña tiene el cabello liso, pero no Le peina nada bien.",beauty,negative,0.7934998273849487
2026-08-12,"Cumple las expectativas sin mas, no trae tacos ni tornillos y los ganchos son un poco gruesos , el aro de las llaves tiene que ser mediano/grande",furniture,neutral,0.859320878982544
2026-06-28,Sabor muy químico. No me gustó.,drugstore,negative,0.9458385705947876
2026-08-01,"está bien logrado, aunque el sonido es un poco molesto después de un rato, estaría bien la opción de poder usar solo luces sin sonido.",toy,positive,0.5950629115104675
2026-09-18,"No se si ha sido una casualidad... Aunque el servicio técnico no lo cree... Pero fue conectar el cargador a mi Lenovo Yoga 3 pro... Y fundirse la placa base... Según el técnico, cortocircuito en varias partes de la placa... Evidentemente no me he atrevido a probarlo en otro ordenador... Así que no puedo recomendar su compra... Ni se si tengo derecho a devolución... O incluso o indemnización... Porque he perdido un portátil de más de mil euros...",pc,negative,0.995314598083496
2026-06-07,"la transmision de datos desde mi ordenador a la Tv es totalmente correcta,dada la distancia ,es bastante rigido,pero eso hace que sea mas facil pasarlo por detras del mueble de la TV hasta mi pc..hasta la fecha sin ningun problema con este producto y cumplimento del plazo de entrega.",wireless,positive,0.8709688186645508
2026-08-19,"La uso 30 minutos al dia,escuchando una emisora de radio y la bateria se descarga totalmente en 7 dias. Tres horas y media de duracion. Fatal. Es obvio que me han vendido un producto con la bateria en mal estado. Gracias. Me encanta tirar el dinero.",electronics,negative,0.9987504482269288
2026-06-16,Huele a plástico barato. No es muy cómoda. Es fea.,pc,negative,0.8540031313896179
2026-09-05,"Despues de 1 mes funcionando bastante bien ahora sale un hilito mínimo. He realizado el procedimiento de limpieza según se indica en las instrucciones y sigue igual. Una pena, estaba contento con el producto.",home,neutral,0.5257028937339783
2026-06-04,la idea es buena pero la practica no tanto,wireless,negative,0.8326114416122437
2026-06-04,"Llevo casi un mes con el proyector y muy contento, buena calidad de imagen sobre pared lisa beige, no le pongo 5 estrellas porque para mi gusto suena algo de más, y necesita bastante oscuridad. A oscuras de ve de lujo. He sacado una pantalla de más de 2 metros a escasos 60 cm de la pared.",other,positive,0.9775747656822203
2026-09-11,shopping fáciles y efectivas...gracias,camera,positive,0.9379053115844728
2026-07-10,Solo te deja hacer una función..es lo único malo.,electronics,negative,0.5841495990753174
2026-06-17,"De vergüenza que me ha llegado el producto comprado sin ningún embalaje y era un regalo para el lunes, mi hija estaba presente cuando me han entrado el paquete original ya viendo su sorpresa.",toy,negative,0.9417874217033386
2026-09-09,"Funda a medida para Motorola g5 plus. Precio muy bueno, queda como un guante para el teléfono. Además tiene un práctico hueco para llevar una llave,",pc,positive,0.9469633102416992
2026-09-11,"Viendo las valoraciones y comentarios, pensaba que había encontrado un protector adecuado para mi Xiaomi Mi A 1, pero no, se queda más pequeño que la pantalla, y los bordes no se pegan bien del todo. Me siento decepcionada.",wireless,negative,0.9465217590332032
2026-07-22,ENCANTADO CON LA COMPRA Y LA CALIDAD!!!!!!!,wireless,positive,0.9728883504867554
2026-09-01,Pedí con antelación la máscara mono y después de que se retrasara el pedido me llego una máscara de caballo. Ahora estoy devolviendo una cosa que no quiero sin opción a la máscara que compré hace tiempo. Sin soluciones,toy,negative,0.9669536352157592
2026-07-22,"Hola! He pedido varias veces el producto porque me encanta. Pero esta última vez, debido al calor, el aceite ha llegado en su estado líquido, que es normal, pero lo que no veo normal es que se haya salido de su caja manchando todo lo que iba en el paquete también y con su consiguiente vaciado. Habrá quedado la mitad en su envase. El resto estaba esparcido por toda la caja. Quien me da el resto del aceite que falta en mi envase? El transportista, el vendedor o Amazon???",beauty,negative,0.8654740452766418
2026-07-06,Me vino roto pero la verdad que doy 3 estrellas porque han sido muy rápidos y amables a la hora de gestionar mi descontento.,sports,neutral,0.9136041402816772
2026-07-08,"La he usado muy poco pero parece buena tela, resistente y cómoda. Con muchos bolsillos que es lo que buscaba. Se acomoda bien en la espalda....no la he usado con peso y no sé como serán de fuertes las costuras.",musical_instruments,positive,0.753656268119812
2026-09-11,La verdad que decepcionado. La tira plástica que lo sujeta colgado se rompe sola y hace que se caiga dentro del baño.,other,negative,0.9653710126876832
2026-07-20,No encajan bien pero realiza su cometido,wireless,neutral,0.6588863134384155
2026-08-02,"Llegó dos días antes de lo esperado Luz buenas, funciona bien, cumple con la descripción del producto. Sin embargo, el imán es un poco flojo para mi gusto, me lo puse para salir a hacer ejercicio y con una chaqueta de tela algo gruesa se llega a soltar con ciertos movimientos pero para el uniforme del hospital está bien, y la verdad que esa era mi finalidad principal",home,neutral,0.8119550347328186
2026-09-09,Es un poco endeble pero queda súper bien. El móvil ya se me ha caído muchas veces y lo ha salvado de todas.,wireless,positive,0.5800549387931824
2026-08-02,Si no las pegas bien al neumatico se mueven y no sirven para nada,sports,negative,0.913520574569702
2026-08-01,Muy buen olor y nutre muy bien el pelo. Hacía tiempo que no lo encontraba y este y el de pelo rizado son muy buenos,beauty,positive,0.9689862728118896
2026-09-07,"Material muy flojo, compre dos y los dos no han durando mas de diez dias aproximadamente, siendo un protector para un reloj deberian ser mas duros, no los recomiendo.",wireless,negative,0.9900770783424376
2026-06-07,"Hasta ahora es el que más tiempo dura, de los que he tenido. Si pones el volumen alto a 8 horas no llega. Pesan por lo que se caen con facilidad....",electronics,neutral,0.4605148136615753
2026-06-27,Es muy incómodo de usar. La boquilla debería ser un poco más larga.,drugstore,negative,0.5518867373466492
2026-08-31,"Me parece un poco raro el precinto que viene, normalmente hay que romper el plástico para abrirlo y este se puede poner y quitar. Pero el móvil se ve que está nuevo. Viene sin factura de compra",wireless,neutral,0.5132246613502502
2026-08-25,"Muy buenas en calidad precio, muy buen acabado y grabado. Cuidado al elegir el tipo de letra ya que algunas se ve muy pequeña.",jewelry,positive,0.8714877367019653
2026-06-14,"Me gusta mucho el modelo y la marca pero me van muy justas. pensaba que las daría de sí y no las cambié por un número más y son tan duras que no hay forma de que cedan. Aconsejo coger un número más. Para excursiones largas, demasiado duras.",shoes,neutral,0.646345317363739
2026-08-10,Se empañan las lentes y esta poco lograda,toy,negative,0.8422366380691528
2026-09-09,"Esta bien por el precio, las piñas quedan muy bien",home,neutral,0.5264259576797485
2026-08-25,poca voz y incomodas en las oreja sujetan mal y se caen,electronics,negative,0.9314709901809692
2026-06-05,Color precioso y muy adaptable,apparel,positive,0.9053329825401306
2026-07-25,No queda bien en los lados,wireless,negative,0.6215272545814514
2026-06-02,"No es que esté mal o me haya decepcionado el producto, es simplemente que es mucho más grande de lo que me esperaba... y lo cierto es que, como brazalete para correr resulta demasiado aparatoso.",sports,neutral,0.6345265507698059
2026-08-01,"El paquete viene muy bien y completo, con muchas gomas y adaptadores para la oreja de todos los tamaños. El inconveniente que yo he tenido, ponerlos y al instante se caen. Si tienes la oreja pequeña, a mi por lo menos no me agarran. Una pena, porque la calidad del sonido y el funcionamiento eran de 5 estrellas.",electronics,negative,0.4622168838977813
2026-08-30,"Me ha faltado info, no lleva cargador incorporado, ahora tengo que comprar uno",luggage,neutral,0.5595359802246094
2026-06-21,El color de la carcasa donde encaja la Miband2 es diferente del color de la correa y queda bastante feo.,sports,negative,0.786678671836853
18/09/2026 18:05:31,"Los nike mercurial vapor están geniales, voy a meter más goles con esas bellezas",shoes,positive,0.9756848812103271
19/09/2026 01:33:58,Compré una lámpara solar y la odie!,lawn_and_garden,negative,0.9109877943992615
